nohup: ignoring input
[race_store] backend=turso
[odds_store] backend=turso
[02:30:29] [nar] start 2023-01-01〜2023-12-31 target=6000 existing_races=23 existing_odds=23
[02:30:29] [nar] concurrency=16 inner=8 force_redo=True
[02:30:29] === day 1/365 2023-01-01 ===
[02:30:32]   venues=2: ['金沢', '高知']
[02:30:37]   [1/2] 金沢 12R start
[02:31:04] [progress] new=1 skip=0 empty=0 fail=0 processed=1 elapsed=37s rate=0.03/s target=6000 remain=5999 eta=219611s
[02:31:08] [progress] new=3 skip=0 empty=0 fail=0 processed=3 elapsed=41s rate=0.07/s target=6000 remain=5997 eta=81206s
[02:31:12] [progress] new=4 skip=0 empty=0 fail=0 processed=4 elapsed=44s rate=0.09/s target=6000 remain=5996 eta=66404s
[02:31:17] [progress] new=6 skip=0 empty=0 fail=0 processed=6 elapsed=50s rate=0.12/s target=6000 remain=5994 eta=49887s
[02:31:21] [progress] new=7 skip=0 empty=0 fail=0 processed=7 elapsed=54s rate=0.13/s target=6000 remain=5993 eta=46021s
[02:31:27] [progress] new=9 skip=0 empty=0 fail=0 processed=9 elapsed=59s rate=0.15/s target=6000 remain=5991 eta=39345s
[02:31:33] [progress] new=11 skip=0 empty=0 fail=0 processed=11 elapsed=66s rate=0.17/s target=6000 remain=5989 eta=35838s
[02:31:36] [progress] new=12 skip=0 empty=0 fail=0 processed=12 elapsed=69s rate=0.17/s target=6000 remain=5988 eta=34453s
[02:31:36]   [1/2] 金沢 done new=12 R (total_new=12)
[02:31:36] [progress] new=12 skip=0 empty=0 fail=0 processed=12 elapsed=69s rate=0.17/s target=6000 remain=5988 eta=34454s
[02:31:39]   [2/2] 高知 11R start
[02:32:05] [progress] new=13 skip=0 empty=0 fail=0 processed=13 elapsed=98s rate=0.13/s target=6000 remain=5987 eta=45014s
[02:32:10] [progress] new=15 skip=0 empty=0 fail=0 processed=15 elapsed=103s rate=0.15/s target=6000 remain=5985 eta=40924s
[02:32:13] [progress] new=16 skip=0 empty=0 fail=0 processed=16 elapsed=106s rate=0.15/s target=6000 remain=5984 eta=39538s
[02:32:17] [progress] new=17 skip=0 empty=0 fail=0 processed=17 elapsed=110s rate=0.16/s target=6000 remain=5983 eta=38599s
[02:32:22] [progress] new=19 skip=0 empty=0 fail=0 processed=19 elapsed=115s rate=0.17/s target=6000 remain=5981 eta=36122s
[02:32:27] [progress] new=21 skip=0 empty=0 fail=0 processed=21 elapsed=120s rate=0.18/s target=6000 remain=5979 eta=34071s
[02:32:31] [progress] new=23 skip=0 empty=0 fail=0 processed=23 elapsed=124s rate=0.19/s target=6000 remain=5977 eta=32216s
[02:32:31]   [2/2] 高知 done new=11 R (total_new=23)
[02:32:31] [progress] new=23 skip=0 empty=0 fail=0 processed=23 elapsed=124s rate=0.19/s target=6000 remain=5977 eta=32217s
[02:32:31] === day 2/365 2023-01-02 ===
[02:32:35]   venues=4: ['船橋', '水沢', '金沢', '園田']
[02:32:39]   [1/4] 船橋 12R start
[02:33:08] [progress] new=24 skip=0 empty=0 fail=0 processed=24 elapsed=160s rate=0.15/s target=6000 remain=5976 eta=39909s
[02:33:11] [progress] new=25 skip=0 empty=0 fail=0 processed=25 elapsed=164s rate=0.15/s target=6000 remain=5975 eta=39159s
[02:33:14] [progress] new=26 skip=0 empty=0 fail=0 processed=26 elapsed=167s rate=0.16/s target=6000 remain=5974 eta=38336s
[02:33:21] [progress] new=28 skip=0 empty=0 fail=0 processed=28 elapsed=173s rate=0.16/s target=6000 remain=5972 eta=36970s
[02:33:26] [progress] new=30 skip=0 empty=0 fail=0 processed=30 elapsed=179s rate=0.17/s target=6000 remain=5970 eta=35593s
[02:33:32] [progress] new=32 skip=0 empty=0 fail=0 processed=32 elapsed=185s rate=0.17/s target=6000 remain=5968 eta=34411s
[02:33:36] [progress] new=34 skip=0 empty=0 fail=0 processed=34 elapsed=189s rate=0.18/s target=6000 remain=5966 eta=33083s
[02:33:40] [progress] new=35 skip=0 empty=0 fail=0 processed=35 elapsed=192s rate=0.18/s target=6000 remain=5965 eta=32773s
[02:33:40]   [1/4] 船橋 done new=12 R (total_new=35)
[02:33:40] [progress] new=35 skip=0 empty=0 fail=0 processed=35 elapsed=192s rate=0.18/s target=6000 remain=5965 eta=32773s
[02:33:46]   [2/4] 水沢 10R start
[02:34:13] [progress] new=36 skip=0 empty=0 fail=0 processed=36 elapsed=226s rate=0.16/s target=6000 remain=5964 eta=37373s
[02:34:18] [progress] new=38 skip=0 empty=0 fail=0 processed=38 elapsed=230s rate=0.16/s target=6000 remain=5962 eta=36137s
[02:34:22] [progress] new=39 skip=0 empty=0 fail=0 processed=39 elapsed=234s rate=0.17/s target=6000 remain=5961 eta=35787s
[02:34:25] [progress] new=40 skip=0 empty=0 fail=0 processed=40 elapsed=237s rate=0.17/s target=6000 remain=5960 eta=35359s
[02:34:30] [progress] new=41 skip=0 empty=0 fail=0 processed=41 elapsed=242s rate=0.17/s target=6000 remain=5959 eta=35191s
[02:34:35] [progress] new=43 skip=0 empty=0 fail=0 processed=43 elapsed=247s rate=0.17/s target=6000 remain=5957 eta=34282s
[02:34:39] [progress] new=44 skip=0 empty=0 fail=0 processed=44 elapsed=252s rate=0.17/s target=6000 remain=5956 eta=34049s
[02:34:42] [progress] new=45 skip=0 empty=0 fail=0 processed=45 elapsed=255s rate=0.18/s target=6000 remain=5955 eta=33723s
[02:34:42]   [2/4] 水沢 done new=10 R (total_new=45)
[02:34:42] [progress] new=45 skip=0 empty=0 fail=0 processed=45 elapsed=255s rate=0.18/s target=6000 remain=5955 eta=33723s
[02:34:47]   [3/4] 金沢 11R start
[02:35:15] [progress] new=46 skip=0 empty=0 fail=0 processed=46 elapsed=287s rate=0.16/s target=6000 remain=5954 eta=37207s
[02:35:19] [progress] new=47 skip=0 empty=0 fail=0 processed=47 elapsed=291s rate=0.16/s target=6000 remain=5953 eta=36921s
[02:35:23] [progress] new=48 skip=0 empty=0 fail=0 processed=48 elapsed=296s rate=0.16/s target=6000 remain=5952 eta=36659s
[02:35:29] [progress] new=50 skip=0 empty=0 fail=0 processed=50 elapsed=301s rate=0.17/s target=6000 remain=5950 eta=35860s
[02:35:35] [progress] new=52 skip=0 empty=0 fail=0 processed=52 elapsed=307s rate=0.17/s target=6000 remain=5948 eta=35152s
[02:35:41] [progress] new=54 skip=0 empty=0 fail=0 processed=54 elapsed=313s rate=0.17/s target=6000 remain=5946 eta=34513s
[02:35:45] [progress] new=55 skip=0 empty=0 fail=0 processed=55 elapsed=318s rate=0.17/s target=6000 remain=5945 eta=34322s
[02:35:48]   [3/4] 金沢 done new=11 R (total_new=56)
[02:35:48] [progress] new=56 skip=0 empty=0 fail=0 processed=56 elapsed=320s rate=0.17/s target=6000 remain=5944 eta=34003s
[02:35:53]   [4/4] 園田 12R start
[02:36:22] [progress] new=57 skip=0 empty=0 fail=0 processed=57 elapsed=355s rate=0.16/s target=6000 remain=5943 eta=37013s
[02:36:28] [progress] new=59 skip=0 empty=0 fail=0 processed=59 elapsed=361s rate=0.16/s target=6000 remain=5941 eta=36341s
[02:36:32] [progress] new=60 skip=0 empty=0 fail=0 processed=60 elapsed=364s rate=0.16/s target=6000 remain=5940 eta=36078s
[02:36:36] [progress] new=61 skip=0 empty=0 fail=0 processed=61 elapsed=368s rate=0.17/s target=6000 remain=5939 eta=35850s
[02:36:41] [progress] new=63 skip=0 empty=0 fail=0 processed=63 elapsed=374s rate=0.17/s target=6000 remain=5937 eta=35207s
[02:36:45] [progress] new=64 skip=0 empty=0 fail=0 processed=64 elapsed=378s rate=0.17/s target=6000 remain=5936 eta=35036s
[02:36:49] [progress] new=65 skip=0 empty=0 fail=0 processed=65 elapsed=381s rate=0.17/s target=6000 remain=5935 eta=34817s
[02:36:55] [progress] new=67 skip=0 empty=0 fail=0 processed=67 elapsed=387s rate=0.17/s target=6000 remain=5933 eta=34307s
[02:36:59] [progress] new=68 skip=0 empty=0 fail=0 processed=68 elapsed=391s rate=0.17/s target=6000 remain=5932 eta=34123s
[02:36:59]   [4/4] 園田 done new=12 R (total_new=68)
[02:36:59] [progress] new=68 skip=0 empty=0 fail=0 processed=68 elapsed=391s rate=0.17/s target=6000 remain=5932 eta=34123s
[02:36:59] === day 3/365 2023-01-03 ===
[02:37:01]   venues=5: ['船橋', '水沢', '金沢', '園田', '川崎']
[02:37:05]   [1/5] 船橋 12R start
[02:37:31] [progress] new=69 skip=0 empty=0 fail=0 processed=69 elapsed=423s rate=0.16/s target=6000 remain=5931 eta=36371s
[02:37:37] [progress] new=71 skip=0 empty=0 fail=0 processed=71 elapsed=429s rate=0.17/s target=6000 remain=5929 eta=35844s
[02:37:42] [progress] new=73 skip=0 empty=0 fail=0 processed=73 elapsed=435s rate=0.17/s target=6000 remain=5927 eta=35317s
[02:37:47] [progress] new=75 skip=0 empty=0 fail=0 processed=75 elapsed=440s rate=0.17/s target=6000 remain=5925 eta=34758s
[02:37:52] [progress] new=77 skip=0 empty=0 fail=0 processed=77 elapsed=445s rate=0.17/s target=6000 remain=5923 eta=34219s
[02:37:56] [progress] new=79 skip=0 empty=0 fail=0 processed=79 elapsed=449s rate=0.18/s target=6000 remain=5921 eta=33625s
[02:38:00] [progress] new=80 skip=0 empty=0 fail=0 processed=80 elapsed=452s rate=0.18/s target=6000 remain=5920 eta=33476s
[02:38:00]   [1/5] 船橋 done new=12 R (total_new=80)
[02:38:00] [progress] new=80 skip=0 empty=0 fail=0 processed=80 elapsed=452s rate=0.18/s target=6000 remain=5920 eta=33476s
[02:38:06]   [2/5] 水沢 10R start
[02:38:29] [progress] new=81 skip=0 empty=0 fail=0 processed=81 elapsed=481s rate=0.17/s target=6000 remain=5919 eta=35156s
[02:38:33] [progress] new=82 skip=0 empty=0 fail=0 processed=82 elapsed=485s rate=0.17/s target=6000 remain=5918 eta=35021s
[02:38:38] [progress] new=84 skip=0 empty=0 fail=0 processed=84 elapsed=490s rate=0.17/s target=6000 remain=5916 eta=34527s
[02:38:44] [progress] new=86 skip=0 empty=0 fail=0 processed=86 elapsed=497s rate=0.17/s target=6000 remain=5914 eta=34153s
[02:38:49] [progress] new=88 skip=0 empty=0 fail=0 processed=88 elapsed=501s rate=0.18/s target=6000 remain=5912 eta=33691s
[02:38:52] [progress] new=89 skip=0 empty=0 fail=0 processed=89 elapsed=505s rate=0.18/s target=6000 remain=5911 eta=33508s
[02:38:55] [progress] new=90 skip=0 empty=0 fail=0 processed=90 elapsed=508s rate=0.18/s target=6000 remain=5910 eta=33364s
[02:38:55]   [2/5] 水沢 done new=10 R (total_new=90)
[02:38:55] [progress] new=90 skip=0 empty=0 fail=0 processed=90 elapsed=508s rate=0.18/s target=6000 remain=5910 eta=33365s
[02:39:01]   [3/5] 金沢 12R start
[02:39:31] [progress] new=91 skip=0 empty=0 fail=0 processed=91 elapsed=544s rate=0.17/s target=6000 remain=5909 eta=35295s
[02:39:35] [progress] new=93 skip=0 empty=0 fail=0 processed=93 elapsed=548s rate=0.17/s target=6000 remain=5907 eta=34782s
[02:39:39] [progress] new=94 skip=0 empty=0 fail=0 processed=94 elapsed=551s rate=0.17/s target=6000 remain=5906 eta=34644s
[02:39:45] [progress] new=96 skip=0 empty=0 fail=0 processed=96 elapsed=558s rate=0.17/s target=6000 remain=5904 eta=34319s
[02:39:49] [progress] new=97 skip=0 empty=0 fail=0 processed=97 elapsed=562s rate=0.17/s target=6000 remain=5903 eta=34201s
[02:39:56] [progress] new=99 skip=0 empty=0 fail=0 processed=99 elapsed=568s rate=0.17/s target=6000 remain=5901 eta=33868s
[02:39:59] [progress] new=100 skip=0 empty=0 fail=0 processed=100 elapsed=571s rate=0.18/s target=6000 remain=5900 eta=33714s
[02:40:05] [progress] new=102 skip=0 empty=0 fail=0 processed=102 elapsed=577s rate=0.18/s target=6000 remain=5898 eta=33390s
[02:40:05]   [3/5] 金沢 done new=12 R (total_new=102)
[02:40:05] [progress] new=102 skip=0 empty=0 fail=0 processed=102 elapsed=577s rate=0.18/s target=6000 remain=5898 eta=33390s
[02:40:12]   [4/5] 園田 12R start
[02:40:44] [progress] new=103 skip=0 empty=0 fail=0 processed=103 elapsed=616s rate=0.17/s target=6000 remain=5897 eta=35284s
[02:40:47] [progress] new=104 skip=0 empty=0 fail=0 processed=104 elapsed=619s rate=0.17/s target=6000 remain=5896 eta=35114s
[02:40:52] [progress] new=106 skip=0 empty=0 fail=0 processed=106 elapsed=624s rate=0.17/s target=6000 remain=5894 eta=34711s
[02:40:58] [progress] new=108 skip=0 empty=0 fail=0 processed=108 elapsed=631s rate=0.17/s target=6000 remain=5892 eta=34410s
[02:41:04] [progress] new=110 skip=0 empty=0 fail=0 processed=110 elapsed=636s rate=0.17/s target=6000 remain=5890 eta=34072s
[02:41:10] [progress] new=112 skip=0 empty=0 fail=0 processed=112 elapsed=642s rate=0.17/s target=6000 remain=5888 eta=33760s
[02:41:14] [progress] new=113 skip=0 empty=0 fail=0 processed=113 elapsed=647s rate=0.17/s target=6000 remain=5887 eta=33687s
[02:41:18] [progress] new=114 skip=0 empty=0 fail=0 processed=114 elapsed=651s rate=0.18/s target=6000 remain=5886 eta=33589s
[02:41:18]   [4/5] 園田 done new=12 R (total_new=114)
[02:41:18] [progress] new=114 skip=0 empty=0 fail=0 processed=114 elapsed=651s rate=0.18/s target=6000 remain=5886 eta=33589s
[02:41:23]   [5/5] 川崎 10R start
[02:41:49] [progress] new=115 skip=0 empty=0 fail=0 processed=115 elapsed=681s rate=0.17/s target=6000 remain=5885 eta=34857s
[02:41:52] [progress] new=117 skip=0 empty=0 fail=0 processed=117 elapsed=685s rate=0.17/s target=6000 remain=5883 eta=34442s
[02:41:56] [progress] new=118 skip=0 empty=0 fail=0 processed=118 elapsed=688s rate=0.17/s target=6000 remain=5882 eta=34303s
[02:41:59] [progress] new=119 skip=0 empty=0 fail=0 processed=119 elapsed=691s rate=0.17/s target=6000 remain=5881 eta=34167s
[02:42:03] [progress] new=120 skip=0 empty=0 fail=0 processed=120 elapsed=695s rate=0.17/s target=6000 remain=5880 eta=34079s
[02:42:07] [progress] new=121 skip=0 empty=0 fail=0 processed=121 elapsed=700s rate=0.17/s target=6000 remain=5879 eta=33987s
[02:42:11] [progress] new=123 skip=0 empty=0 fail=0 processed=123 elapsed=703s rate=0.17/s target=6000 remain=5877 eta=33607s
[02:42:16] [progress] new=124 skip=0 empty=0 fail=0 processed=124 elapsed=708s rate=0.18/s target=6000 remain=5876 eta=33571s
[02:42:16]   [5/5] 川崎 done new=10 R (total_new=124)
[02:42:16] [progress] new=124 skip=0 empty=0 fail=0 processed=124 elapsed=708s rate=0.18/s target=6000 remain=5876 eta=33571s
[02:42:16] === day 4/365 2023-01-04 ===
[02:42:18]   venues=4: ['船橋', '金沢', '園田', '川崎']
[02:42:23]   [1/4] 船橋 12R start
[02:42:49] [progress] new=125 skip=0 empty=0 fail=0 processed=125 elapsed=742s rate=0.17/s target=6000 remain=5875 eta=34857s
[02:42:55] [progress] new=127 skip=0 empty=0 fail=0 processed=127 elapsed=748s rate=0.17/s target=6000 remain=5873 eta=34588s
[02:43:01] [progress] new=129 skip=0 empty=0 fail=0 processed=129 elapsed=754s rate=0.17/s target=6000 remain=5871 eta=34313s
[02:43:07] [progress] new=131 skip=0 empty=0 fail=0 processed=131 elapsed=760s rate=0.17/s target=6000 remain=5869 eta=34039s
[02:43:11] [progress] new=132 skip=0 empty=0 fail=0 processed=132 elapsed=764s rate=0.17/s target=6000 remain=5868 eta=33946s
[02:43:16] [progress] new=134 skip=0 empty=0 fail=0 processed=134 elapsed=769s rate=0.17/s target=6000 remain=5866 eta=33647s
[02:43:21] [progress] new=136 skip=0 empty=0 fail=0 processed=136 elapsed=774s rate=0.18/s target=6000 remain=5864 eta=33369s
[02:43:21]   [1/4] 船橋 done new=12 R (total_new=136)
[02:43:21] [progress] new=136 skip=0 empty=0 fail=0 processed=136 elapsed=774s rate=0.18/s target=6000 remain=5864 eta=33369s
[02:43:24]   [2/4] 金沢 12R start
[02:43:55] [progress] new=137 skip=0 empty=0 fail=0 processed=137 elapsed=807s rate=0.17/s target=6000 remain=5863 eta=34542s
[02:44:00] [progress] new=139 skip=0 empty=0 fail=0 processed=139 elapsed=812s rate=0.17/s target=6000 remain=5861 eta=34249s
[02:44:03] [progress] new=140 skip=0 empty=0 fail=0 processed=140 elapsed=816s rate=0.17/s target=6000 remain=5860 eta=34157s
[02:44:07] [progress] new=141 skip=0 empty=0 fail=0 processed=141 elapsed=820s rate=0.17/s target=6000 remain=5859 eta=34056s
[02:44:12] [progress] new=143 skip=0 empty=0 fail=0 processed=143 elapsed=825s rate=0.17/s target=6000 remain=5857 eta=33792s
[02:44:16] [progress] new=144 skip=0 empty=0 fail=0 processed=144 elapsed=828s rate=0.17/s target=6000 remain=5856 eta=33687s
[02:44:20] [progress] new=145 skip=0 empty=0 fail=0 processed=145 elapsed=832s rate=0.17/s target=6000 remain=5855 eta=33604s
[02:44:26] [progress] new=147 skip=0 empty=0 fail=0 processed=147 elapsed=838s rate=0.18/s target=6000 remain=5853 eta=33376s
[02:44:27]   [2/4] 金沢 done new=12 R (total_new=148)
[02:44:27] [progress] new=148 skip=0 empty=0 fail=0 processed=148 elapsed=839s rate=0.18/s target=6000 remain=5852 eta=33186s
[02:44:30]   [3/4] 園田 12R start
[02:44:59] [progress] new=149 skip=0 empty=0 fail=0 processed=149 elapsed=871s rate=0.17/s target=6000 remain=5851 eta=34212s
[02:45:03] [progress] new=150 skip=0 empty=0 fail=0 processed=150 elapsed=875s rate=0.17/s target=6000 remain=5850 eta=34134s
[02:45:07] [progress] new=151 skip=0 empty=0 fail=0 processed=151 elapsed=880s rate=0.17/s target=6000 remain=5849 eta=34074s
[02:45:13] [progress] new=153 skip=0 empty=0 fail=0 processed=153 elapsed=886s rate=0.17/s target=6000 remain=5847 eta=33848s
[02:45:17] [progress] new=154 skip=0 empty=0 fail=0 processed=154 elapsed=890s rate=0.17/s target=6000 remain=5846 eta=33768s
[02:45:22] [progress] new=156 skip=0 empty=0 fail=0 processed=156 elapsed=895s rate=0.17/s target=6000 remain=5844 eta=33513s
[02:45:28] [progress] new=158 skip=0 empty=0 fail=0 processed=158 elapsed=900s rate=0.18/s target=6000 remain=5842 eta=33287s
[02:45:32] [progress] new=159 skip=0 empty=0 fail=0 processed=159 elapsed=904s rate=0.18/s target=6000 remain=5841 eta=33213s
[02:45:34]   [3/4] 園田 done new=12 R (total_new=160)
[02:45:34] [progress] new=160 skip=0 empty=0 fail=0 processed=160 elapsed=907s rate=0.18/s target=6000 remain=5840 eta=33090s
[02:45:39]   [4/4] 川崎 10R start
[02:46:02] [progress] new=161 skip=0 empty=0 fail=0 processed=161 elapsed=935s rate=0.17/s target=6000 remain=5839 eta=33913s
[02:46:07] [progress] new=162 skip=0 empty=0 fail=0 processed=162 elapsed=939s rate=0.17/s target=6000 remain=5838 eta=33845s
[02:46:11] [progress] new=164 skip=0 empty=0 fail=0 processed=164 elapsed=943s rate=0.17/s target=6000 remain=5836 eta=33563s
[02:46:14] [progress] new=165 skip=0 empty=0 fail=0 processed=165 elapsed=947s rate=0.17/s target=6000 remain=5835 eta=33490s
[02:46:18] [progress] new=166 skip=0 empty=0 fail=0 processed=166 elapsed=951s rate=0.17/s target=6000 remain=5834 eta=33418s
[02:46:21] [progress] new=167 skip=0 empty=0 fail=0 processed=167 elapsed=954s rate=0.18/s target=6000 remain=5833 eta=33317s
[02:46:28] [progress] new=169 skip=0 empty=0 fail=0 processed=169 elapsed=961s rate=0.18/s target=6000 remain=5831 eta=33153s
[02:46:31]   [4/4] 川崎 done new=10 R (total_new=170)
[02:46:31] [progress] new=170 skip=0 empty=0 fail=0 processed=170 elapsed=964s rate=0.18/s target=6000 remain=5830 eta=33047s
[02:46:31] === day 5/365 2023-01-05 ===
[02:46:34]   venues=1: ['川崎']
[02:46:40]   [1/1] 川崎 10R start
[02:47:06] [progress] new=171 skip=0 empty=0 fail=0 processed=171 elapsed=999s rate=0.17/s target=6000 remain=5829 eta=34041s
[02:47:11] [progress] new=173 skip=0 empty=0 fail=0 processed=173 elapsed=1004s rate=0.17/s target=6000 remain=5827 eta=33810s
[02:47:15] [progress] new=174 skip=0 empty=0 fail=0 processed=174 elapsed=1008s rate=0.17/s target=6000 remain=5826 eta=33734s
[02:47:22] [progress] new=176 skip=0 empty=0 fail=0 processed=176 elapsed=1014s rate=0.17/s target=6000 remain=5824 eta=33557s
[02:47:25] [progress] new=177 skip=0 empty=0 fail=0 processed=177 elapsed=1018s rate=0.17/s target=6000 remain=5823 eta=33484s
[02:47:30] [progress] new=179 skip=0 empty=0 fail=0 processed=179 elapsed=1022s rate=0.18/s target=6000 remain=5821 eta=33242s
[02:47:35] [progress] new=180 skip=0 empty=0 fail=0 processed=180 elapsed=1027s rate=0.18/s target=6000 remain=5820 eta=33221s
[02:47:35]   [1/1] 川崎 done new=10 R (total_new=180)
[02:47:35] [progress] new=180 skip=0 empty=0 fail=0 processed=180 elapsed=1027s rate=0.18/s target=6000 remain=5820 eta=33221s
[02:47:35] === day 6/365 2023-01-06 ===
[02:47:38]   venues=1: ['金沢']
[02:47:43]   [1/1] 金沢 12R start
[02:48:07] [progress] new=181 skip=0 empty=0 fail=0 processed=181 elapsed=1060s rate=0.17/s target=6000 remain=5819 eta=34064s
[02:48:11] [progress] new=182 skip=0 empty=0 fail=0 processed=182 elapsed=1064s rate=0.17/s target=6000 remain=5818 eta=34000s
[02:48:18] [progress] new=184 skip=0 empty=0 fail=0 processed=184 elapsed=1070s rate=0.17/s target=6000 remain=5816 eta=33831s
[02:48:24] [progress] new=186 skip=0 empty=0 fail=0 processed=186 elapsed=1076s rate=0.17/s target=6000 remain=5814 eta=33640s
[02:48:29] [progress] new=188 skip=0 empty=0 fail=0 processed=188 elapsed=1081s rate=0.17/s target=6000 remain=5812 eta=33427s
[02:48:32] [progress] new=189 skip=0 empty=0 fail=0 processed=189 elapsed=1085s rate=0.17/s target=6000 remain=5811 eta=33361s
[02:48:35] [progress] new=190 skip=0 empty=0 fail=0 processed=190 elapsed=1088s rate=0.17/s target=6000 remain=5810 eta=33271s
[02:48:39] [progress] new=191 skip=0 empty=0 fail=0 processed=191 elapsed=1091s rate=0.17/s target=6000 remain=5809 eta=33194s
[02:48:41]   [1/1] 金沢 done new=12 R (total_new=192)
[02:48:41] [progress] new=192 skip=0 empty=0 fail=0 processed=192 elapsed=1094s rate=0.18/s target=6000 remain=5808 eta=33079s
[02:48:41] === day 7/365 2023-01-07 ===
[02:48:43]   venues=2: ['船橋', '川崎']
[02:48:48]   [1/2] 船橋 12R start
[02:49:10] [progress] new=193 skip=0 empty=0 fail=0 processed=193 elapsed=1123s rate=0.17/s target=6000 remain=5807 eta=33786s
[02:49:14] [progress] new=194 skip=0 empty=0 fail=0 processed=194 elapsed=1127s rate=0.17/s target=6000 remain=5806 eta=33721s
[02:49:18] [progress] new=196 skip=0 empty=0 fail=0 processed=196 elapsed=1131s rate=0.17/s target=6000 remain=5804 eta=33479s
[02:49:25] [progress] new=198 skip=0 empty=0 fail=0 processed=198 elapsed=1137s rate=0.17/s target=6000 remain=5802 eta=33321s
[02:49:28] [progress] new=200 skip=0 empty=0 fail=0 processed=200 elapsed=1141s rate=0.18/s target=6000 remain=5800 eta=33085s
[02:49:32] [progress] new=201 skip=0 empty=0 fail=0 processed=201 elapsed=1145s rate=0.18/s target=6000 remain=5799 eta=33026s
[02:49:35] [progress] new=202 skip=0 empty=0 fail=0 processed=202 elapsed=1148s rate=0.18/s target=6000 remain=5798 eta=32950s
[02:49:39] [progress] new=204 skip=0 empty=0 fail=0 processed=204 elapsed=1152s rate=0.18/s target=6000 remain=5796 eta=32718s
[02:49:39]   [1/2] 船橋 done new=12 R (total_new=204)
[02:49:39] [progress] new=204 skip=0 empty=0 fail=0 processed=204 elapsed=1152s rate=0.18/s target=6000 remain=5796 eta=32718s
[02:49:44]   [2/2] 川崎 10R start
[02:50:07] [progress] new=205 skip=0 empty=0 fail=0 processed=205 elapsed=1180s rate=0.17/s target=6000 remain=5795 eta=33348s
[02:50:11] [progress] new=206 skip=0 empty=0 fail=0 processed=206 elapsed=1183s rate=0.17/s target=6000 remain=5794 eta=33284s
[02:50:15] [progress] new=207 skip=0 empty=0 fail=0 processed=207 elapsed=1187s rate=0.17/s target=6000 remain=5793 eta=33231s
[02:50:21] [progress] new=209 skip=0 empty=0 fail=0 processed=209 elapsed=1194s rate=0.18/s target=6000 remain=5791 eta=33072s
[02:50:26] [progress] new=211 skip=0 empty=0 fail=0 processed=211 elapsed=1199s rate=0.18/s target=6000 remain=5789 eta=32884s
[02:50:31] [progress] new=213 skip=0 empty=0 fail=0 processed=213 elapsed=1204s rate=0.18/s target=6000 remain=5787 eta=32707s
[02:50:35] [progress] new=214 skip=0 empty=0 fail=0 processed=214 elapsed=1207s rate=0.18/s target=6000 remain=5786 eta=32637s
[02:50:35]   [2/2] 川崎 done new=10 R (total_new=214)
[02:50:35] [progress] new=214 skip=0 empty=0 fail=0 processed=214 elapsed=1207s rate=0.18/s target=6000 remain=5786 eta=32637s
[02:50:35] === day 8/365 2023-01-08 ===
[02:50:38]   venues=2: ['船橋', '高知']
[02:50:42]   [1/2] 船橋 12R start
[02:51:12] [progress] new=215 skip=0 empty=0 fail=0 processed=215 elapsed=1244s rate=0.17/s target=6000 remain=5785 eta=33479s
[02:51:16] [progress] new=217 skip=0 empty=0 fail=0 processed=217 elapsed=1248s rate=0.17/s target=6000 remain=5783 eta=33268s
[02:51:21] [progress] new=219 skip=0 empty=0 fail=0 processed=219 elapsed=1253s rate=0.17/s target=6000 remain=5781 eta=33083s
[02:51:26] [progress] new=221 skip=0 empty=0 fail=0 processed=221 elapsed=1259s rate=0.18/s target=6000 remain=5779 eta=32916s
[02:51:31] [progress] new=223 skip=0 empty=0 fail=0 processed=223 elapsed=1264s rate=0.18/s target=6000 remain=5777 eta=32740s
[02:51:34] [progress] new=224 skip=0 empty=0 fail=0 processed=224 elapsed=1267s rate=0.18/s target=6000 remain=5776 eta=32669s
[02:51:39] [progress] new=226 skip=0 empty=0 fail=0 processed=226 elapsed=1272s rate=0.18/s target=6000 remain=5774 eta=32494s
[02:51:39]   [1/2] 船橋 done new=12 R (total_new=226)
[02:51:39] [progress] new=226 skip=0 empty=0 fail=0 processed=226 elapsed=1272s rate=0.18/s target=6000 remain=5774 eta=32494s
[02:51:44]   [2/2] 高知 9R start
[02:52:08] [progress] new=227 skip=0 empty=0 fail=0 processed=227 elapsed=1301s rate=0.17/s target=6000 remain=5773 eta=33076s
[02:52:13] [progress] new=229 skip=0 empty=0 fail=0 processed=229 elapsed=1306s rate=0.18/s target=6000 remain=5771 eta=32911s
[02:52:17] [progress] new=230 skip=0 empty=0 fail=0 processed=230 elapsed=1310s rate=0.18/s target=6000 remain=5770 eta=32855s
[02:52:23] [progress] new=232 skip=0 empty=0 fail=0 processed=232 elapsed=1316s rate=0.18/s target=6000 remain=5768 eta=32718s
[02:52:27] [progress] new=233 skip=0 empty=0 fail=0 processed=233 elapsed=1320s rate=0.18/s target=6000 remain=5767 eta=32668s
[02:52:31] [progress] new=235 skip=0 empty=0 fail=0 processed=235 elapsed=1324s rate=0.18/s target=6000 remain=5765 eta=32469s
[02:52:31]   [2/2] 高知 done new=9 R (total_new=235)
[02:52:31] [progress] new=235 skip=0 empty=0 fail=0 processed=235 elapsed=1324s rate=0.18/s target=6000 remain=5765 eta=32469s
[02:52:31] === day 9/365 2023-01-09 ===
[02:52:33]   venues=2: ['船橋', '高知']
[02:52:38]   [1/2] 船橋 12R start
[02:52:59] [progress] new=236 skip=0 empty=0 fail=0 processed=236 elapsed=1352s rate=0.17/s target=6000 remain=5764 eta=33017s
[02:53:08] [progress] new=238 skip=0 empty=0 fail=0 processed=238 elapsed=1361s rate=0.17/s target=6000 remain=5762 eta=32950s
[02:53:12] [progress] new=239 skip=0 empty=0 fail=0 processed=239 elapsed=1365s rate=0.18/s target=6000 remain=5761 eta=32892s
[02:53:17] [progress] new=241 skip=0 empty=0 fail=0 processed=241 elapsed=1369s rate=0.18/s target=6000 remain=5759 eta=32723s
[02:53:20] [progress] new=242 skip=0 empty=0 fail=0 processed=242 elapsed=1373s rate=0.18/s target=6000 remain=5758 eta=32668s
[02:53:26] [progress] new=244 skip=0 empty=0 fail=0 processed=244 elapsed=1378s rate=0.18/s target=6000 remain=5756 eta=32511s
[02:53:29] [progress] new=245 skip=0 empty=0 fail=0 processed=245 elapsed=1382s rate=0.18/s target=6000 remain=5755 eta=32457s
[02:53:33] [progress] new=247 skip=0 empty=0 fail=0 processed=247 elapsed=1386s rate=0.18/s target=6000 remain=5753 eta=32281s
[02:53:33]   [1/2] 船橋 done new=12 R (total_new=247)
[02:53:33] [progress] new=247 skip=0 empty=0 fail=0 processed=247 elapsed=1386s rate=0.18/s target=6000 remain=5753 eta=32281s
[02:53:36]   [2/2] 高知 9R start
[02:53:57] [progress] new=248 skip=0 empty=0 fail=0 processed=248 elapsed=1410s rate=0.18/s target=6000 remain=5752 eta=32702s
[02:54:01] [progress] new=249 skip=0 empty=0 fail=0 processed=249 elapsed=1414s rate=0.18/s target=6000 remain=5751 eta=32652s
[02:54:05] [progress] new=251 skip=0 empty=0 fail=0 processed=251 elapsed=1418s rate=0.18/s target=6000 remain=5749 eta=32468s
[02:54:11] [progress] new=253 skip=0 empty=0 fail=0 processed=253 elapsed=1424s rate=0.18/s target=6000 remain=5747 eta=32343s
[02:54:16] [progress] new=255 skip=0 empty=0 fail=0 processed=255 elapsed=1429s rate=0.18/s target=6000 remain=5745 eta=32188s
[02:54:20] [progress] new=256 skip=0 empty=0 fail=0 processed=256 elapsed=1433s rate=0.18/s target=6000 remain=5744 eta=32147s
[02:54:20]   [2/2] 高知 done new=9 R (total_new=256)
[02:54:20] [progress] new=256 skip=0 empty=0 fail=0 processed=256 elapsed=1433s rate=0.18/s target=6000 remain=5744 eta=32147s
[02:54:20] === day 10/365 2023-01-10 ===
[02:54:23]   venues=3: ['笠松', '園田', '高知']
[02:54:29]   [1/3] 笠松 11R start
[02:54:54] [progress] new=257 skip=0 empty=0 fail=0 processed=257 elapsed=1467s rate=0.18/s target=6000 remain=5743 eta=32773s
[02:54:59] [progress] new=259 skip=0 empty=0 fail=0 processed=259 elapsed=1472s rate=0.18/s target=6000 remain=5741 eta=32620s
[02:55:05] [progress] new=261 skip=0 empty=0 fail=0 processed=261 elapsed=1477s rate=0.18/s target=6000 remain=5739 eta=32481s
[02:55:09] [progress] new=263 skip=0 empty=0 fail=0 processed=263 elapsed=1481s rate=0.18/s target=6000 remain=5737 eta=32316s
[02:55:15] [progress] new=265 skip=0 empty=0 fail=0 processed=265 elapsed=1487s rate=0.18/s target=6000 remain=5735 eta=32189s
[02:55:18] [progress] new=267 skip=0 empty=0 fail=0 processed=267 elapsed=1491s rate=0.18/s target=6000 remain=5733 eta=32013s
[02:55:18]   [1/3] 笠松 done new=11 R (total_new=267)
[02:55:18] [progress] new=267 skip=0 empty=0 fail=0 processed=267 elapsed=1491s rate=0.18/s target=6000 remain=5733 eta=32013s
[02:55:23]   [2/3] 園田 12R start
[02:55:51] [progress] new=268 skip=0 empty=0 fail=0 processed=268 elapsed=1523s rate=0.18/s target=6000 remain=5732 eta=32584s
[02:55:55] [progress] new=269 skip=0 empty=0 fail=0 processed=269 elapsed=1527s rate=0.18/s target=6000 remain=5731 eta=32543s
[02:56:00] [progress] new=271 skip=0 empty=0 fail=0 processed=271 elapsed=1533s rate=0.18/s target=6000 remain=5729 eta=32402s
[02:56:06] [progress] new=273 skip=0 empty=0 fail=0 processed=273 elapsed=1538s rate=0.18/s target=6000 remain=5727 eta=32274s
[02:56:10] [progress] new=275 skip=0 empty=0 fail=0 processed=275 elapsed=1543s rate=0.18/s target=6000 remain=5725 eta=32116s
[02:56:14] [progress] new=276 skip=0 empty=0 fail=0 processed=276 elapsed=1546s rate=0.18/s target=6000 remain=5724 eta=32068s
[02:56:21] [progress] new=279 skip=0 empty=0 fail=0 processed=279 elapsed=1554s rate=0.18/s target=6000 remain=5721 eta=31863s
[02:56:21]   [2/3] 園田 done new=12 R (total_new=279)
[02:56:21] [progress] new=279 skip=0 empty=0 fail=0 processed=279 elapsed=1554s rate=0.18/s target=6000 remain=5721 eta=31863s
[02:56:27]   [3/3] 高知 9R start
[02:56:48] [progress] new=280 skip=0 empty=0 fail=0 processed=280 elapsed=1581s rate=0.18/s target=6000 remain=5720 eta=32298s
[02:56:54] [progress] new=282 skip=0 empty=0 fail=0 processed=282 elapsed=1587s rate=0.18/s target=6000 remain=5718 eta=32173s
[02:56:57] [progress] new=283 skip=0 empty=0 fail=0 processed=283 elapsed=1590s rate=0.18/s target=6000 remain=5717 eta=32116s
[02:57:03] [progress] new=285 skip=0 empty=0 fail=0 processed=285 elapsed=1595s rate=0.18/s target=6000 remain=5715 eta=31987s
[02:57:07] [progress] new=287 skip=0 empty=0 fail=0 processed=287 elapsed=1599s rate=0.18/s target=6000 remain=5713 eta=31838s
[02:57:09]   [3/3] 高知 done new=9 R (total_new=288)
[02:57:09] [progress] new=288 skip=0 empty=0 fail=0 processed=288 elapsed=1602s rate=0.18/s target=6000 remain=5712 eta=31772s
[02:57:09] === day 11/365 2023-01-11 ===
[02:57:11]   venues=3: ['笠松', '園田', '高知']
[02:57:14]   [1/3] 笠松 11R start
[02:57:40] [progress] new=289 skip=0 empty=0 fail=0 processed=289 elapsed=1632s rate=0.18/s target=6000 remain=5711 eta=32257s
[02:57:45] [progress] new=291 skip=0 empty=0 fail=0 processed=291 elapsed=1638s rate=0.18/s target=6000 remain=5709 eta=32133s
[02:57:51] [progress] new=294 skip=0 empty=0 fail=0 processed=294 elapsed=1644s rate=0.18/s target=6000 remain=5706 eta=31906s
[02:57:56] [progress] new=296 skip=0 empty=0 fail=0 processed=296 elapsed=1648s rate=0.18/s target=6000 remain=5704 eta=31762s
[02:57:59] [progress] new=297 skip=0 empty=0 fail=0 processed=297 elapsed=1652s rate=0.18/s target=6000 remain=5703 eta=31721s
[02:58:05] [progress] new=299 skip=0 empty=0 fail=0 processed=299 elapsed=1657s rate=0.18/s target=6000 remain=5701 eta=31598s
[02:58:05]   [1/3] 笠松 done new=11 R (total_new=299)
[02:58:05] [progress] new=299 skip=0 empty=0 fail=0 processed=299 elapsed=1657s rate=0.18/s target=6000 remain=5701 eta=31598s
[02:58:09]   [2/3] 園田 12R start
[02:58:37] [progress] new=300 skip=0 empty=0 fail=0 processed=300 elapsed=1689s rate=0.18/s target=6000 remain=5700 eta=32098s
[02:58:43] [progress] new=302 skip=0 empty=0 fail=0 processed=302 elapsed=1695s rate=0.18/s target=6000 remain=5698 eta=31990s
[02:58:50] [progress] new=304 skip=0 empty=0 fail=0 processed=304 elapsed=1703s rate=0.18/s target=6000 remain=5696 eta=31907s
[02:58:55] [progress] new=306 skip=0 empty=0 fail=0 processed=306 elapsed=1708s rate=0.18/s target=6000 remain=5694 eta=31777s
[02:58:59] [progress] new=308 skip=0 empty=0 fail=0 processed=308 elapsed=1711s rate=0.18/s target=6000 remain=5692 eta=31626s
[02:59:04] [progress] new=309 skip=0 empty=0 fail=0 processed=309 elapsed=1717s rate=0.18/s target=6000 remain=5691 eta=31617s
[02:59:09] [progress] new=311 skip=0 empty=0 fail=0 processed=311 elapsed=1722s rate=0.18/s target=6000 remain=5689 eta=31499s
[02:59:09]   [2/3] 園田 done new=12 R (total_new=311)
[02:59:09] [progress] new=311 skip=0 empty=0 fail=0 processed=311 elapsed=1722s rate=0.18/s target=6000 remain=5689 eta=31499s
[02:59:13]   [3/3] 高知 9R start
[02:59:34] [progress] new=312 skip=0 empty=0 fail=0 processed=312 elapsed=1747s rate=0.18/s target=6000 remain=5688 eta=31848s
[02:59:38] [progress] new=313 skip=0 empty=0 fail=0 processed=313 elapsed=1751s rate=0.18/s target=6000 remain=5687 eta=31811s
[02:59:42] [progress] new=314 skip=0 empty=0 fail=0 processed=314 elapsed=1755s rate=0.18/s target=6000 remain=5686 eta=31775s
[02:59:46] [progress] new=316 skip=0 empty=0 fail=0 processed=316 elapsed=1759s rate=0.18/s target=6000 remain=5684 eta=31635s
[02:59:51] [progress] new=318 skip=0 empty=0 fail=0 processed=318 elapsed=1764s rate=0.18/s target=6000 remain=5682 eta=31521s
[02:59:57] [progress] new=320 skip=0 empty=0 fail=0 processed=320 elapsed=1769s rate=0.18/s target=6000 remain=5680 eta=31404s
[02:59:57]   [3/3] 高知 done new=9 R (total_new=320)
[02:59:57] [progress] new=320 skip=0 empty=0 fail=0 processed=320 elapsed=1769s rate=0.18/s target=6000 remain=5680 eta=31404s
[02:59:57] === day 12/365 2023-01-12 ===
[02:59:59]   venues=3: ['笠松', '園田', '川崎']
[03:00:05]   [1/3] 笠松 11R start
[03:00:31] [progress] new=321 skip=0 empty=0 fail=0 processed=321 elapsed=1804s rate=0.18/s target=6000 remain=5679 eta=31915s
[03:00:36] [progress] new=323 skip=0 empty=0 fail=0 processed=323 elapsed=1808s rate=0.18/s target=6000 remain=5677 eta=31786s
[03:00:40] [progress] new=325 skip=0 empty=0 fail=0 processed=325 elapsed=1812s rate=0.18/s target=6000 remain=5675 eta=31642s
[03:00:43] [progress] new=326 skip=0 empty=0 fail=0 processed=326 elapsed=1816s rate=0.18/s target=6000 remain=5674 eta=31603s
[03:00:47] [progress] new=327 skip=0 empty=0 fail=0 processed=327 elapsed=1819s rate=0.18/s target=6000 remain=5673 eta=31562s
[03:00:52] [progress] new=329 skip=0 empty=0 fail=0 processed=329 elapsed=1824s rate=0.18/s target=6000 remain=5671 eta=31443s
[03:00:56] [progress] new=331 skip=0 empty=0 fail=0 processed=331 elapsed=1829s rate=0.18/s target=6000 remain=5669 eta=31321s
[03:00:56]   [1/3] 笠松 done new=11 R (total_new=331)
[03:00:56] [progress] new=331 skip=0 empty=0 fail=0 processed=331 elapsed=1829s rate=0.18/s target=6000 remain=5669 eta=31321s
[03:01:02]   [2/3] 園田 12R start
[03:01:29] [progress] new=332 skip=0 empty=0 fail=0 processed=332 elapsed=1862s rate=0.18/s target=6000 remain=5668 eta=31781s
[03:01:33] [progress] new=333 skip=0 empty=0 fail=0 processed=333 elapsed=1865s rate=0.18/s target=6000 remain=5667 eta=31746s
[03:01:39] [progress] new=335 skip=0 empty=0 fail=0 processed=335 elapsed=1872s rate=0.18/s target=6000 remain=5665 eta=31656s
[03:01:45] [progress] new=337 skip=0 empty=0 fail=0 processed=337 elapsed=1877s rate=0.18/s target=6000 remain=5663 eta=31547s
[03:01:52] [progress] new=339 skip=0 empty=0 fail=0 processed=339 elapsed=1884s rate=0.18/s target=6000 remain=5661 eta=31468s
[03:01:57] [progress] new=341 skip=0 empty=0 fail=0 processed=341 elapsed=1889s rate=0.18/s target=6000 remain=5659 eta=31354s
[03:02:01] [progress] new=342 skip=0 empty=0 fail=0 processed=342 elapsed=1894s rate=0.18/s target=6000 remain=5658 eta=31327s
[03:02:05] [progress] new=343 skip=0 empty=0 fail=0 processed=343 elapsed=1898s rate=0.18/s target=6000 remain=5657 eta=31297s
[03:02:05]   [2/3] 園田 done new=12 R (total_new=343)
[03:02:05] [progress] new=343 skip=0 empty=0 fail=0 processed=343 elapsed=1898s rate=0.18/s target=6000 remain=5657 eta=31297s
[03:02:10]   [3/3] 川崎 10R start
[03:02:38] [progress] new=344 skip=0 empty=0 fail=0 processed=344 elapsed=1931s rate=0.18/s target=6000 remain=5656 eta=31747s
[03:02:42] [progress] new=345 skip=0 empty=0 fail=0 processed=345 elapsed=1935s rate=0.18/s target=6000 remain=5655 eta=31715s
[03:02:48] [progress] new=347 skip=0 empty=0 fail=0 processed=347 elapsed=1940s rate=0.18/s target=6000 remain=5653 eta=31607s
[03:02:53] [progress] new=349 skip=0 empty=0 fail=0 processed=349 elapsed=1946s rate=0.18/s target=6000 remain=5651 eta=31504s
[03:02:57] [progress] new=350 skip=0 empty=0 fail=0 processed=350 elapsed=1950s rate=0.18/s target=6000 remain=5650 eta=31475s
[03:03:03] [progress] new=352 skip=0 empty=0 fail=0 processed=352 elapsed=1956s rate=0.18/s target=6000 remain=5648 eta=31383s
[03:03:07] [progress] new=353 skip=0 empty=0 fail=0 processed=353 elapsed=1960s rate=0.18/s target=6000 remain=5647 eta=31350s
[03:03:07]   [3/3] 川崎 done new=10 R (total_new=353)
[03:03:07] [progress] new=353 skip=0 empty=0 fail=0 processed=353 elapsed=1960s rate=0.18/s target=6000 remain=5647 eta=31350s
[03:03:07] === day 13/365 2023-01-13 ===
[03:03:09]   venues=1: ['笠松']
[03:03:14]   [1/1] 笠松 11R start
[03:03:39] [progress] new=354 skip=0 empty=0 fail=0 processed=354 elapsed=1992s rate=0.18/s target=6000 remain=5646 eta=31767s
[03:03:43] [progress] new=356 skip=0 empty=0 fail=0 processed=356 elapsed=1996s rate=0.18/s target=6000 remain=5644 eta=31638s
[03:03:49] [progress] new=358 skip=0 empty=0 fail=0 processed=358 elapsed=2001s rate=0.18/s target=6000 remain=5642 eta=31537s
[03:03:53] [progress] new=360 skip=0 empty=0 fail=0 processed=360 elapsed=2005s rate=0.18/s target=6000 remain=5640 eta=31419s
[03:03:57] [progress] new=362 skip=0 empty=0 fail=0 processed=362 elapsed=2010s rate=0.18/s target=6000 remain=5638 eta=31300s
[03:04:02] [progress] new=364 skip=0 empty=0 fail=0 processed=364 elapsed=2014s rate=0.18/s target=6000 remain=5636 eta=31191s
[03:04:02]   [1/1] 笠松 done new=11 R (total_new=364)
[03:04:02] [progress] new=364 skip=0 empty=0 fail=0 processed=364 elapsed=2014s rate=0.18/s target=6000 remain=5636 eta=31191s
[03:04:02] === day 14/365 2023-01-14 ===
[03:04:03]   venues=1: ['船橋']
[03:04:09]   [1/1] 船橋 12R start
[03:04:39] [progress] new=365 skip=0 empty=0 fail=0 processed=365 elapsed=2052s rate=0.18/s target=6000 remain=5635 eta=31672s
[03:04:44] [progress] new=367 skip=0 empty=0 fail=0 processed=367 elapsed=2057s rate=0.18/s target=6000 remain=5633 eta=31569s
[03:04:48] [progress] new=368 skip=0 empty=0 fail=0 processed=368 elapsed=2060s rate=0.18/s target=6000 remain=5632 eta=31534s
[03:04:53] [progress] new=370 skip=0 empty=0 fail=0 processed=370 elapsed=2066s rate=0.18/s target=6000 remain=5630 eta=31431s
[03:04:59] [progress] new=372 skip=0 empty=0 fail=0 processed=372 elapsed=2072s rate=0.18/s target=6000 remain=5628 eta=31340s
[03:05:04] [progress] new=374 skip=0 empty=0 fail=0 processed=374 elapsed=2076s rate=0.18/s target=6000 remain=5626 eta=31236s
[03:05:09] [progress] new=376 skip=0 empty=0 fail=0 processed=376 elapsed=2081s rate=0.18/s target=6000 remain=5624 eta=31132s
[03:05:09]   [1/1] 船橋 done new=12 R (total_new=376)
[03:05:09] [progress] new=376 skip=0 empty=0 fail=0 processed=376 elapsed=2081s rate=0.18/s target=6000 remain=5624 eta=31132s
[03:05:09] === day 15/365 2023-01-15 ===
[03:05:11]   venues=3: ['船橋', '高知', '川崎']
[03:05:16]   [1/3] 船橋 12R start
[03:05:45] [progress] new=377 skip=0 empty=0 fail=0 processed=377 elapsed=2117s rate=0.18/s target=6000 remain=5623 eta=31581s
[03:05:49] [progress] new=379 skip=0 empty=0 fail=0 processed=379 elapsed=2121s rate=0.18/s target=6000 remain=5621 eta=31459s
[03:05:53] [progress] new=380 skip=0 empty=0 fail=0 processed=380 elapsed=2125s rate=0.18/s target=6000 remain=5620 eta=31434s
[03:05:59] [progress] new=382 skip=0 empty=0 fail=0 processed=382 elapsed=2131s rate=0.18/s target=6000 remain=5618 eta=31347s
[03:06:04] [progress] new=384 skip=0 empty=0 fail=0 processed=384 elapsed=2136s rate=0.18/s target=6000 remain=5616 eta=31245s
[03:06:10] [progress] new=386 skip=0 empty=0 fail=0 processed=386 elapsed=2142s rate=0.18/s target=6000 remain=5614 eta=31156s
[03:06:16] [progress] new=388 skip=0 empty=0 fail=0 processed=388 elapsed=2148s rate=0.18/s target=6000 remain=5612 eta=31075s
[03:06:16]   [1/3] 船橋 done new=12 R (total_new=388)
[03:06:16] [progress] new=388 skip=0 empty=0 fail=0 processed=388 elapsed=2148s rate=0.18/s target=6000 remain=5612 eta=31075s
[03:06:19]   [2/3] 高知 9R start
[03:06:41] [progress] new=389 skip=0 empty=0 fail=0 processed=389 elapsed=2173s rate=0.18/s target=6000 remain=5611 eta=31349s
[03:06:47] [progress] new=391 skip=0 empty=0 fail=0 processed=391 elapsed=2179s rate=0.18/s target=6000 remain=5609 eta=31263s
[03:06:50] [progress] new=393 skip=0 empty=0 fail=0 processed=393 elapsed=2183s rate=0.18/s target=6000 remain=5607 eta=31146s
[03:06:55] [progress] new=394 skip=0 empty=0 fail=0 processed=394 elapsed=2188s rate=0.18/s target=6000 remain=5606 eta=31128s
[03:06:59] [progress] new=396 skip=0 empty=0 fail=0 processed=396 elapsed=2192s rate=0.18/s target=6000 remain=5604 eta=31020s
[03:07:05] [progress] new=397 skip=0 empty=0 fail=0 processed=397 elapsed=2197s rate=0.18/s target=6000 remain=5603 eta=31009s
[03:07:05]   [2/3] 高知 done new=9 R (total_new=397)
[03:07:05] [progress] new=397 skip=0 empty=0 fail=0 processed=397 elapsed=2197s rate=0.18/s target=6000 remain=5603 eta=31009s
[03:07:09]   [3/3] 川崎 10R start
[03:07:38] [progress] new=398 skip=0 empty=0 fail=0 processed=398 elapsed=2231s rate=0.18/s target=6000 remain=5602 eta=31401s
[03:07:42] [progress] new=400 skip=0 empty=0 fail=0 processed=400 elapsed=2235s rate=0.18/s target=6000 remain=5600 eta=31287s
[03:07:45] [progress] new=401 skip=0 empty=0 fail=0 processed=401 elapsed=2238s rate=0.18/s target=6000 remain=5599 eta=31249s
[03:07:52] [progress] new=403 skip=0 empty=0 fail=0 processed=403 elapsed=2245s rate=0.18/s target=6000 remain=5597 eta=31176s
[03:07:56] [progress] new=404 skip=0 empty=0 fail=0 processed=404 elapsed=2249s rate=0.18/s target=6000 remain=5596 eta=31145s
[03:08:03] [progress] new=406 skip=0 empty=0 fail=0 processed=406 elapsed=2255s rate=0.18/s target=6000 remain=5594 eta=31075s
[03:08:07] [progress] new=407 skip=0 empty=0 fail=0 processed=407 elapsed=2259s rate=0.18/s target=6000 remain=5593 eta=31049s
[03:08:07]   [3/3] 川崎 done new=10 R (total_new=407)
[03:08:07] [progress] new=407 skip=0 empty=0 fail=0 processed=407 elapsed=2259s rate=0.18/s target=6000 remain=5593 eta=31049s
[03:08:07] === day 16/365 2023-01-16 ===
[03:08:09]   venues=2: ['船橋', '金沢']
[03:08:14]   [1/2] 船橋 12R start
[03:08:41] [progress] new=408 skip=0 empty=0 fail=0 processed=408 elapsed=2293s rate=0.18/s target=6000 remain=5592 eta=31430s
[03:08:44] [progress] new=409 skip=0 empty=0 fail=0 processed=409 elapsed=2297s rate=0.18/s target=6000 remain=5591 eta=31400s
[03:08:49] [progress] new=411 skip=0 empty=0 fail=0 processed=411 elapsed=2301s rate=0.18/s target=6000 remain=5589 eta=31292s
[03:08:52] [progress] new=412 skip=0 empty=0 fail=0 processed=412 elapsed=2305s rate=0.18/s target=6000 remain=5588 eta=31261s
[03:08:57] [progress] new=414 skip=0 empty=0 fail=0 processed=414 elapsed=2310s rate=0.18/s target=6000 remain=5586 eta=31169s
[03:09:02] [progress] new=416 skip=0 empty=0 fail=0 processed=416 elapsed=2315s rate=0.18/s target=6000 remain=5584 eta=31073s
[03:09:06] [progress] new=417 skip=0 empty=0 fail=0 processed=417 elapsed=2319s rate=0.18/s target=6000 remain=5583 eta=31043s
[03:09:13] [progress] new=419 skip=0 empty=0 fail=0 processed=419 elapsed=2325s rate=0.18/s target=6000 remain=5581 eta=30975s
[03:09:13]   [1/2] 船橋 done new=12 R (total_new=419)
[03:09:13] [progress] new=419 skip=0 empty=0 fail=0 processed=419 elapsed=2325s rate=0.18/s target=6000 remain=5581 eta=30975s
[03:09:17]   [2/2] 金沢 11R start
[03:09:44] [progress] new=420 skip=0 empty=0 fail=0 processed=420 elapsed=2356s rate=0.18/s target=6000 remain=5580 eta=31306s
[03:09:49] [progress] new=422 skip=0 empty=0 fail=0 processed=422 elapsed=2362s rate=0.18/s target=6000 remain=5578 eta=31219s
[03:09:52] [progress] new=423 skip=0 empty=0 fail=0 processed=423 elapsed=2365s rate=0.18/s target=6000 remain=5577 eta=31181s
[03:09:58] [progress] new=425 skip=0 empty=0 fail=0 processed=425 elapsed=2371s rate=0.18/s target=6000 remain=5575 eta=31100s
[03:10:02] [progress] new=426 skip=0 empty=0 fail=0 processed=426 elapsed=2375s rate=0.18/s target=6000 remain=5574 eta=31070s
[03:10:05] [progress] new=427 skip=0 empty=0 fail=0 processed=427 elapsed=2378s rate=0.18/s target=6000 remain=5573 eta=31031s
[03:10:11] [progress] new=429 skip=0 empty=0 fail=0 processed=429 elapsed=2383s rate=0.18/s target=6000 remain=5571 eta=30948s
[03:10:15] [progress] new=430 skip=0 empty=0 fail=0 processed=430 elapsed=2387s rate=0.18/s target=6000 remain=5570 eta=30924s
[03:10:15]   [2/2] 金沢 done new=11 R (total_new=430)
[03:10:15] [progress] new=430 skip=0 empty=0 fail=0 processed=430 elapsed=2387s rate=0.18/s target=6000 remain=5570 eta=30924s
[03:10:15] === day 17/365 2023-01-17 ===
[03:10:16]   venues=3: ['金沢', '園田', '高知']
[03:10:21]   [1/3] 金沢 11R start
[03:10:46] [progress] new=431 skip=0 empty=0 fail=0 processed=431 elapsed=2419s rate=0.18/s target=6000 remain=5569 eta=31256s
[03:10:50] [progress] new=432 skip=0 empty=0 fail=0 processed=432 elapsed=2423s rate=0.18/s target=6000 remain=5568 eta=31228s
[03:10:54] [progress] new=433 skip=0 empty=0 fail=0 processed=433 elapsed=2427s rate=0.18/s target=6000 remain=5567 eta=31202s
[03:11:00] [progress] new=435 skip=0 empty=0 fail=0 processed=435 elapsed=2432s rate=0.18/s target=6000 remain=5565 eta=31117s
[03:11:04] [progress] new=436 skip=0 empty=0 fail=0 processed=436 elapsed=2437s rate=0.18/s target=6000 remain=5564 eta=31096s
[03:11:07] [progress] new=437 skip=0 empty=0 fail=0 processed=437 elapsed=2440s rate=0.18/s target=6000 remain=5563 eta=31058s
[03:11:11] [progress] new=438 skip=0 empty=0 fail=0 processed=438 elapsed=2443s rate=0.18/s target=6000 remain=5562 eta=31028s
[03:11:15] [progress] new=439 skip=0 empty=0 fail=0 processed=439 elapsed=2447s rate=0.18/s target=6000 remain=5561 eta=31002s
[03:11:19] [progress] new=440 skip=0 empty=0 fail=0 processed=440 elapsed=2451s rate=0.18/s target=6000 remain=5560 eta=30975s
[03:11:20]   [1/3] 金沢 done new=11 R (total_new=441)
[03:11:20] [progress] new=441 skip=0 empty=0 fail=0 processed=441 elapsed=2453s rate=0.18/s target=6000 remain=5559 eta=30919s
[03:11:25]   [2/3] 園田 12R start
[03:11:55] [progress] new=442 skip=0 empty=0 fail=0 processed=442 elapsed=2487s rate=0.18/s target=6000 remain=5558 eta=31277s
[03:11:58] [progress] new=443 skip=0 empty=0 fail=0 processed=443 elapsed=2491s rate=0.18/s target=6000 remain=5557 eta=31246s
[03:12:03] [progress] new=445 skip=0 empty=0 fail=0 processed=445 elapsed=2496s rate=0.18/s target=6000 remain=5555 eta=31155s
[03:12:08] [progress] new=446 skip=0 empty=0 fail=0 processed=446 elapsed=2501s rate=0.18/s target=6000 remain=5554 eta=31140s
[03:12:12] [progress] new=448 skip=0 empty=0 fail=0 processed=448 elapsed=2505s rate=0.18/s target=6000 remain=5552 eta=31045s
[03:12:15] [progress] new=449 skip=0 empty=0 fail=0 processed=449 elapsed=2508s rate=0.18/s target=6000 remain=5551 eta=31007s
[03:12:19] [progress] new=450 skip=0 empty=0 fail=0 processed=450 elapsed=2512s rate=0.18/s target=6000 remain=5550 eta=30979s
[03:12:23] [progress] new=451 skip=0 empty=0 fail=0 processed=451 elapsed=2515s rate=0.18/s target=6000 remain=5549 eta=30949s
[03:12:28] [progress] new=453 skip=0 empty=0 fail=0 processed=453 elapsed=2521s rate=0.18/s target=6000 remain=5547 eta=30868s
[03:12:28]   [2/3] 園田 done new=12 R (total_new=453)
[03:12:28] [progress] new=453 skip=0 empty=0 fail=0 processed=453 elapsed=2521s rate=0.18/s target=6000 remain=5547 eta=30868s
[03:12:33]   [3/3] 高知 10R start
[03:12:58] [progress] new=454 skip=0 empty=0 fail=0 processed=454 elapsed=2551s rate=0.18/s target=6000 remain=5546 eta=31157s
[03:13:03] [progress] new=456 skip=0 empty=0 fail=0 processed=456 elapsed=2555s rate=0.18/s target=6000 remain=5544 eta=31069s
[03:13:07] [progress] new=457 skip=0 empty=0 fail=0 processed=457 elapsed=2559s rate=0.18/s target=6000 remain=5543 eta=31044s
[03:13:13] [progress] new=459 skip=0 empty=0 fail=0 processed=459 elapsed=2566s rate=0.18/s target=6000 remain=5541 eta=30973s
[03:13:17] [progress] new=460 skip=0 empty=0 fail=0 processed=460 elapsed=2569s rate=0.18/s target=6000 remain=5540 eta=30942s
[03:13:21] [progress] new=462 skip=0 empty=0 fail=0 processed=462 elapsed=2574s rate=0.18/s target=6000 remain=5538 eta=30854s
[03:13:24]   [3/3] 高知 done new=10 R (total_new=463)
[03:13:24] [progress] new=463 skip=0 empty=0 fail=0 processed=463 elapsed=2576s rate=0.18/s target=6000 remain=5537 eta=30808s
[03:13:24] === day 18/365 2023-01-18 ===
[03:13:26]   venues=3: ['金沢', '園田', '高知']
[03:13:30]   [1/3] 金沢 12R start
[03:14:06] [progress] new=464 skip=0 empty=0 fail=0 processed=464 elapsed=2618s rate=0.18/s target=6000 remain=5536 eta=31238s
[03:14:09] [progress] new=466 skip=0 empty=0 fail=0 processed=466 elapsed=2622s rate=0.18/s target=6000 remain=5534 eta=31138s
[03:14:14] [progress] new=467 skip=0 empty=0 fail=0 processed=467 elapsed=2627s rate=0.18/s target=6000 remain=5533 eta=31120s
[03:14:18] [progress] new=468 skip=0 empty=0 fail=0 processed=468 elapsed=2630s rate=0.18/s target=6000 remain=5532 eta=31091s
[03:14:21] [progress] new=470 skip=0 empty=0 fail=0 processed=470 elapsed=2634s rate=0.18/s target=6000 remain=5530 eta=30992s
[03:14:25] [progress] new=471 skip=0 empty=0 fail=0 processed=471 elapsed=2638s rate=0.18/s target=6000 remain=5529 eta=30962s
[03:14:29] [progress] new=472 skip=0 empty=0 fail=0 processed=472 elapsed=2641s rate=0.18/s target=6000 remain=5528 eta=30936s
[03:14:33] [progress] new=473 skip=0 empty=0 fail=0 processed=473 elapsed=2645s rate=0.18/s target=6000 remain=5527 eta=30909s
[03:14:39] [progress] new=475 skip=0 empty=0 fail=0 processed=475 elapsed=2651s rate=0.18/s target=6000 remain=5525 eta=30839s
[03:14:39]   [1/3] 金沢 done new=12 R (total_new=475)
[03:14:39] [progress] new=475 skip=0 empty=0 fail=0 processed=475 elapsed=2651s rate=0.18/s target=6000 remain=5525 eta=30839s
[03:14:44]   [2/3] 園田 12R start
[03:15:13] [progress] new=476 skip=0 empty=0 fail=0 processed=476 elapsed=2686s rate=0.18/s target=6000 remain=5524 eta=31167s
[03:15:18] [progress] new=478 skip=0 empty=0 fail=0 processed=478 elapsed=2691s rate=0.18/s target=6000 remain=5522 eta=31082s
[03:15:25] [progress] new=480 skip=0 empty=0 fail=0 processed=480 elapsed=2697s rate=0.18/s target=6000 remain=5520 eta=31020s
[03:15:31] [progress] new=482 skip=0 empty=0 fail=0 processed=482 elapsed=2703s rate=0.18/s target=6000 remain=5518 eta=30946s
[03:15:36] [progress] new=484 skip=0 empty=0 fail=0 processed=484 elapsed=2708s rate=0.18/s target=6000 remain=5516 eta=30865s
[03:15:41] [progress] new=486 skip=0 empty=0 fail=0 processed=486 elapsed=2714s rate=0.18/s target=6000 remain=5514 eta=30787s
[03:15:44]   [2/3] 園田 done new=12 R (total_new=487)
[03:15:44] [progress] new=487 skip=0 empty=0 fail=0 processed=487 elapsed=2716s rate=0.18/s target=6000 remain=5513 eta=30750s
[03:15:49]   [3/3] 高知 10R start
[03:16:11] [progress] new=488 skip=0 empty=0 fail=0 processed=488 elapsed=2744s rate=0.18/s target=6000 remain=5512 eta=30992s
[03:16:17] [progress] new=489 skip=0 empty=0 fail=0 processed=489 elapsed=2750s rate=0.18/s target=6000 remain=5511 eta=30990s
[03:16:22] [progress] new=491 skip=0 empty=0 fail=0 processed=491 elapsed=2755s rate=0.18/s target=6000 remain=5509 eta=30909s
[03:16:26] [progress] new=492 skip=0 empty=0 fail=0 processed=492 elapsed=2759s rate=0.18/s target=6000 remain=5508 eta=30887s
[03:16:33] [progress] new=494 skip=0 empty=0 fail=0 processed=494 elapsed=2766s rate=0.18/s target=6000 remain=5506 eta=30826s
[03:16:37] [progress] new=495 skip=0 empty=0 fail=0 processed=495 elapsed=2770s rate=0.18/s target=6000 remain=5505 eta=30803s
[03:16:41] [progress] new=496 skip=0 empty=0 fail=0 processed=496 elapsed=2773s rate=0.18/s target=6000 remain=5504 eta=30777s
[03:16:43]   [3/3] 高知 done new=10 R (total_new=497)
[03:16:43] [progress] new=497 skip=0 empty=0 fail=0 processed=497 elapsed=2776s rate=0.18/s target=6000 remain=5503 eta=30733s
[03:16:43] === day 19/365 2023-01-19 ===
[03:16:46]   venues=2: ['金沢', '園田']
[03:16:51]   [1/2] 金沢 12R start
[03:17:22] [progress] new=498 skip=0 empty=0 fail=0 processed=498 elapsed=2814s rate=0.18/s target=6000 remain=5502 eta=31094s
[03:17:25] [progress] new=499 skip=0 empty=0 fail=0 processed=499 elapsed=2818s rate=0.18/s target=6000 remain=5501 eta=31065s
[03:17:30] [progress] new=501 skip=0 empty=0 fail=0 processed=501 elapsed=2823s rate=0.18/s target=6000 remain=5499 eta=30982s
[03:17:34] [progress] new=502 skip=0 empty=0 fail=0 processed=502 elapsed=2827s rate=0.18/s target=6000 remain=5498 eta=30961s
[03:17:38] [progress] new=503 skip=0 empty=0 fail=0 processed=503 elapsed=2830s rate=0.18/s target=6000 remain=5497 eta=30930s
[03:17:43] [progress] new=505 skip=0 empty=0 fail=0 processed=505 elapsed=2836s rate=0.18/s target=6000 remain=5495 eta=30855s
[03:17:48] [progress] new=507 skip=0 empty=0 fail=0 processed=507 elapsed=2841s rate=0.18/s target=6000 remain=5493 eta=30781s
[03:17:52] [progress] new=508 skip=0 empty=0 fail=0 processed=508 elapsed=2845s rate=0.18/s target=6000 remain=5492 eta=30756s
[03:17:54]   [1/2] 金沢 done new=12 R (total_new=509)
[03:17:54] [progress] new=509 skip=0 empty=0 fail=0 processed=509 elapsed=2846s rate=0.18/s target=6000 remain=5491 eta=30705s
[03:17:58]   [2/2] 園田 12R start
[03:18:26] [progress] new=510 skip=0 empty=0 fail=0 processed=510 elapsed=2878s rate=0.18/s target=6000 remain=5490 eta=30984s
[03:18:30] [progress] new=512 skip=0 empty=0 fail=0 processed=512 elapsed=2883s rate=0.18/s target=6000 remain=5488 eta=30903s
[03:18:34] [progress] new=513 skip=0 empty=0 fail=0 processed=513 elapsed=2887s rate=0.18/s target=6000 remain=5487 eta=30880s
[03:18:39] [progress] new=515 skip=0 empty=0 fail=0 processed=515 elapsed=2892s rate=0.18/s target=6000 remain=5485 eta=30801s
[03:18:46] [progress] new=517 skip=0 empty=0 fail=0 processed=517 elapsed=2898s rate=0.18/s target=6000 remain=5483 eta=30739s
[03:18:50] [progress] new=518 skip=0 empty=0 fail=0 processed=518 elapsed=2902s rate=0.18/s target=6000 remain=5482 eta=30714s
[03:18:53] [progress] new=519 skip=0 empty=0 fail=0 processed=519 elapsed=2906s rate=0.18/s target=6000 remain=5481 eta=30685s
[03:18:57] [progress] new=520 skip=0 empty=0 fail=0 processed=520 elapsed=2909s rate=0.18/s target=6000 remain=5480 eta=30660s
[03:18:58]   [2/2] 園田 done new=12 R (total_new=521)
[03:18:58] [progress] new=521 skip=0 empty=0 fail=0 processed=521 elapsed=2911s rate=0.18/s target=6000 remain=5479 eta=30612s
[03:18:58] === day 20/365 2023-01-20 ===
[03:19:01]   venues=1: ['金沢']
[03:19:06]   [1/1] 金沢 12R start
[03:19:36] [progress] new=522 skip=0 empty=0 fail=0 processed=522 elapsed=2949s rate=0.18/s target=6000 remain=5478 eta=30944s
[03:19:42] [progress] new=524 skip=0 empty=0 fail=0 processed=524 elapsed=2954s rate=0.18/s target=6000 remain=5476 eta=30873s
[03:19:45] [progress] new=525 skip=0 empty=0 fail=0 processed=525 elapsed=2957s rate=0.18/s target=6000 remain=5475 eta=30840s
[03:19:48] [progress] new=526 skip=0 empty=0 fail=0 processed=526 elapsed=2961s rate=0.18/s target=6000 remain=5474 eta=30813s
[03:19:52] [progress] new=527 skip=0 empty=0 fail=0 processed=527 elapsed=2964s rate=0.18/s target=6000 remain=5473 eta=30787s
[03:19:58] [progress] new=529 skip=0 empty=0 fail=0 processed=529 elapsed=2970s rate=0.18/s target=6000 remain=5471 eta=30719s
[03:20:01] [progress] new=530 skip=0 empty=0 fail=0 processed=530 elapsed=2974s rate=0.18/s target=6000 remain=5470 eta=30693s
[03:20:07] [progress] new=532 skip=0 empty=0 fail=0 processed=532 elapsed=2979s rate=0.18/s target=6000 remain=5468 eta=30623s
[03:20:10]   [1/1] 金沢 done new=12 R (total_new=533)
[03:20:10] [progress] new=533 skip=0 empty=0 fail=0 processed=533 elapsed=2982s rate=0.18/s target=6000 remain=5467 eta=30590s
[03:20:10] === day 21/365 2023-01-21 ===
[03:20:11]   venues=2: ['船橋', '川崎']
[03:20:16]   [1/2] 船橋 12R start
[03:20:38] [progress] new=534 skip=0 empty=0 fail=0 processed=534 elapsed=3010s rate=0.18/s target=6000 remain=5466 eta=30815s
[03:20:44] [progress] new=536 skip=0 empty=0 fail=0 processed=536 elapsed=3016s rate=0.18/s target=6000 remain=5464 eta=30747s
[03:20:48] [progress] new=538 skip=0 empty=0 fail=0 processed=538 elapsed=3021s rate=0.18/s target=6000 remain=5462 eta=30666s
[03:20:54] [progress] new=540 skip=0 empty=0 fail=0 processed=540 elapsed=3027s rate=0.18/s target=6000 remain=5460 eta=30604s
[03:20:59] [progress] new=542 skip=0 empty=0 fail=0 processed=542 elapsed=3032s rate=0.18/s target=6000 remain=5458 eta=30532s
[03:21:04] [progress] new=544 skip=0 empty=0 fail=0 processed=544 elapsed=3036s rate=0.18/s target=6000 remain=5456 eta=30454s
[03:21:06]   [1/2] 船橋 done new=12 R (total_new=545)
[03:21:06] [progress] new=545 skip=0 empty=0 fail=0 processed=545 elapsed=3039s rate=0.18/s target=6000 remain=5455 eta=30415s
[03:21:12]   [2/2] 川崎 11R start
[03:21:33] [progress] new=546 skip=0 empty=0 fail=0 processed=546 elapsed=3066s rate=0.18/s target=6000 remain=5454 eta=30626s
[03:21:39] [progress] new=547 skip=0 empty=0 fail=0 processed=547 elapsed=3071s rate=0.18/s target=6000 remain=5453 eta=30616s
[03:21:45] [progress] new=549 skip=0 empty=0 fail=0 processed=549 elapsed=3077s rate=0.18/s target=6000 remain=5451 eta=30556s
[03:21:50] [progress] new=551 skip=0 empty=0 fail=0 processed=551 elapsed=3082s rate=0.18/s target=6000 remain=5449 eta=30483s
[03:21:54] [progress] new=552 skip=0 empty=0 fail=0 processed=552 elapsed=3086s rate=0.18/s target=6000 remain=5448 eta=30460s
[03:21:57] [progress] new=553 skip=0 empty=0 fail=0 processed=553 elapsed=3090s rate=0.18/s target=6000 remain=5447 eta=30435s
[03:22:03] [progress] new=555 skip=0 empty=0 fail=0 processed=555 elapsed=3096s rate=0.18/s target=6000 remain=5445 eta=30373s
[03:22:07] [progress] new=556 skip=0 empty=0 fail=0 processed=556 elapsed=3100s rate=0.18/s target=6000 remain=5444 eta=30351s
[03:22:07]   [2/2] 川崎 done new=11 R (total_new=556)
[03:22:07] [progress] new=556 skip=0 empty=0 fail=0 processed=556 elapsed=3100s rate=0.18/s target=6000 remain=5444 eta=30351s
[03:22:07] === day 22/365 2023-01-22 ===
[03:22:08]   venues=3: ['船橋', '高知', '川崎']
[03:22:14]   [1/3] 船橋 12R start
[03:22:37] [progress] new=557 skip=0 empty=0 fail=0 processed=557 elapsed=3129s rate=0.18/s target=6000 remain=5443 eta=30579s
[03:22:43] [progress] new=559 skip=0 empty=0 fail=0 processed=559 elapsed=3136s rate=0.18/s target=6000 remain=5441 eta=30524s
[03:22:47] [progress] new=561 skip=0 empty=0 fail=0 processed=561 elapsed=3140s rate=0.18/s target=6000 remain=5439 eta=30441s
[03:22:53] [progress] new=563 skip=0 empty=0 fail=0 processed=563 elapsed=3146s rate=0.18/s target=6000 remain=5437 eta=30378s
[03:22:56] [progress] new=564 skip=0 empty=0 fail=0 processed=564 elapsed=3149s rate=0.18/s target=6000 remain=5436 eta=30350s
[03:23:01] [progress] new=566 skip=0 empty=0 fail=0 processed=566 elapsed=3154s rate=0.18/s target=6000 remain=5434 eta=30279s
[03:23:04] [progress] new=567 skip=0 empty=0 fail=0 processed=567 elapsed=3157s rate=0.18/s target=6000 remain=5433 eta=30251s
[03:23:07]   [1/3] 船橋 done new=12 R (total_new=568)
[03:23:07] [progress] new=568 skip=0 empty=0 fail=0 processed=568 elapsed=3160s rate=0.18/s target=6000 remain=5432 eta=30216s
[03:23:13]   [2/3] 高知 10R start
[03:23:36] [progress] new=569 skip=0 empty=0 fail=0 processed=569 elapsed=3188s rate=0.18/s target=6000 remain=5431 eta=30431s
[03:23:41] [progress] new=571 skip=0 empty=0 fail=0 processed=571 elapsed=3193s rate=0.18/s target=6000 remain=5429 eta=30360s
[03:23:45] [progress] new=573 skip=0 empty=0 fail=0 processed=573 elapsed=3198s rate=0.18/s target=6000 remain=5427 eta=30288s
[03:23:49] [progress] new=574 skip=0 empty=0 fail=0 processed=574 elapsed=3202s rate=0.18/s target=6000 remain=5426 eta=30267s
[03:23:53] [progress] new=576 skip=0 empty=0 fail=0 processed=576 elapsed=3205s rate=0.18/s target=6000 remain=5424 eta=30185s
[03:23:56] [progress] new=577 skip=0 empty=0 fail=0 processed=577 elapsed=3209s rate=0.18/s target=6000 remain=5423 eta=30161s
[03:23:59]   [2/3] 高知 done new=10 R (total_new=578)
[03:23:59] [progress] new=578 skip=0 empty=0 fail=0 processed=578 elapsed=3211s rate=0.18/s target=6000 remain=5422 eta=30125s
[03:24:03]   [3/3] 川崎 11R start
[03:24:23] [progress] new=579 skip=0 empty=0 fail=0 processed=579 elapsed=3235s rate=0.18/s target=6000 remain=5421 eta=30291s
[03:24:28] [progress] new=580 skip=0 empty=0 fail=0 processed=580 elapsed=3240s rate=0.18/s target=6000 remain=5420 eta=30281s
[03:24:34] [progress] new=582 skip=0 empty=0 fail=0 processed=582 elapsed=3246s rate=0.18/s target=6000 remain=5418 eta=30220s
[03:24:37] [progress] new=583 skip=0 empty=0 fail=0 processed=583 elapsed=3250s rate=0.18/s target=6000 remain=5417 eta=30198s
[03:24:41] [progress] new=584 skip=0 empty=0 fail=0 processed=584 elapsed=3254s rate=0.18/s target=6000 remain=5416 eta=30174s
[03:24:47] [progress] new=586 skip=0 empty=0 fail=0 processed=586 elapsed=3259s rate=0.18/s target=6000 remain=5414 eta=30111s
[03:24:50] [progress] new=587 skip=0 empty=0 fail=0 processed=587 elapsed=3263s rate=0.18/s target=6000 remain=5413 eta=30087s
[03:24:53] [progress] new=588 skip=0 empty=0 fail=0 processed=588 elapsed=3266s rate=0.18/s target=6000 remain=5412 eta=30061s
[03:24:57] [progress] new=589 skip=0 empty=0 fail=0 processed=589 elapsed=3270s rate=0.18/s target=6000 remain=5411 eta=30039s
[03:24:57]   [3/3] 川崎 done new=11 R (total_new=589)
[03:24:57] [progress] new=589 skip=0 empty=0 fail=0 processed=589 elapsed=3270s rate=0.18/s target=6000 remain=5411 eta=30039s
[03:24:57] === day 23/365 2023-01-23 ===
[03:24:59]   venues=3: ['船橋', '笠松', '川崎']
[03:25:02]   [1/3] 船橋 12R start
[03:25:28] [progress] new=590 skip=0 empty=0 fail=0 processed=590 elapsed=3300s rate=0.18/s target=6000 remain=5410 eta=30260s
[03:25:33] [progress] new=592 skip=0 empty=0 fail=0 processed=592 elapsed=3306s rate=0.18/s target=6000 remain=5408 eta=30197s
[03:25:37] [progress] new=594 skip=0 empty=0 fail=0 processed=594 elapsed=3310s rate=0.18/s target=6000 remain=5406 eta=30120s
[03:25:41] [progress] new=595 skip=0 empty=0 fail=0 processed=595 elapsed=3314s rate=0.18/s target=6000 remain=5405 eta=30102s
[03:25:45] [progress] new=596 skip=0 empty=0 fail=0 processed=596 elapsed=3317s rate=0.18/s target=6000 remain=5404 eta=30078s
[03:25:50] [progress] new=598 skip=0 empty=0 fail=0 processed=598 elapsed=3322s rate=0.18/s target=6000 remain=5402 eta=30011s
[03:25:53] [progress] new=599 skip=0 empty=0 fail=0 processed=599 elapsed=3326s rate=0.18/s target=6000 remain=5401 eta=29990s
[03:25:57] [progress] new=601 skip=0 empty=0 fail=0 processed=601 elapsed=3330s rate=0.18/s target=6000 remain=5399 eta=29914s
[03:25:57]   [1/3] 船橋 done new=12 R (total_new=601)
[03:25:57] [progress] new=601 skip=0 empty=0 fail=0 processed=601 elapsed=3330s rate=0.18/s target=6000 remain=5399 eta=29914s
[03:26:03]   [2/3] 笠松 9R start
[03:26:22] [progress] new=602 skip=0 empty=0 fail=0 processed=602 elapsed=3355s rate=0.18/s target=6000 remain=5398 eta=30080s
[03:26:27] [progress] new=604 skip=0 empty=0 fail=0 processed=604 elapsed=3359s rate=0.18/s target=6000 remain=5396 eta=30013s
[03:26:30] [progress] new=606 skip=0 empty=0 fail=0 processed=606 elapsed=3363s rate=0.18/s target=6000 remain=5394 eta=29933s
[03:26:34] [progress] new=608 skip=0 empty=0 fail=0 processed=608 elapsed=3367s rate=0.18/s target=6000 remain=5392 eta=29857s
[03:26:38] [progress] new=610 skip=0 empty=0 fail=0 processed=610 elapsed=3371s rate=0.18/s target=6000 remain=5390 eta=29784s
[03:26:38]   [2/3] 笠松 done new=9 R (total_new=610)
[03:26:38] [progress] new=610 skip=0 empty=0 fail=0 processed=610 elapsed=3371s rate=0.18/s target=6000 remain=5390 eta=29784s
[03:26:42]   [3/3] 川崎 12R start
[03:27:09] [progress] new=611 skip=0 empty=0 fail=0 processed=611 elapsed=3401s rate=0.18/s target=6000 remain=5389 eta=29998s
[03:27:14] [progress] new=613 skip=0 empty=0 fail=0 processed=613 elapsed=3407s rate=0.18/s target=6000 remain=5387 eta=29937s
[03:27:17] [progress] new=614 skip=0 empty=0 fail=0 processed=614 elapsed=3410s rate=0.18/s target=6000 remain=5386 eta=29913s
[03:27:23] [progress] new=616 skip=0 empty=0 fail=0 processed=616 elapsed=3415s rate=0.18/s target=6000 remain=5384 eta=29852s
[03:27:29] [progress] new=618 skip=0 empty=0 fail=0 processed=618 elapsed=3422s rate=0.18/s target=6000 remain=5382 eta=29799s
[03:27:33] [progress] new=619 skip=0 empty=0 fail=0 processed=619 elapsed=3425s rate=0.18/s target=6000 remain=5381 eta=29777s
[03:27:36] [progress] new=620 skip=0 empty=0 fail=0 processed=620 elapsed=3429s rate=0.18/s target=6000 remain=5380 eta=29751s
[03:27:39] [progress] new=621 skip=0 empty=0 fail=0 processed=621 elapsed=3432s rate=0.18/s target=6000 remain=5379 eta=29724s
[03:27:42]   [3/3] 川崎 done new=12 R (total_new=622)
[03:27:42] [progress] new=622 skip=0 empty=0 fail=0 processed=622 elapsed=3434s rate=0.18/s target=6000 remain=5378 eta=29696s
[03:27:42] === day 24/365 2023-01-24 ===
[03:27:44]   venues=3: ['笠松', '園田', '高知']
[03:27:48]   [1/3] 笠松 10R start
[03:28:06] [progress] new=623 skip=0 empty=0 fail=0 processed=623 elapsed=3459s rate=0.18/s target=6000 remain=5377 eta=29851s
[03:28:10] [progress] new=624 skip=0 empty=0 fail=0 processed=624 elapsed=3463s rate=0.18/s target=6000 remain=5376 eta=29831s
[03:28:15] [progress] new=626 skip=0 empty=0 fail=0 processed=626 elapsed=3468s rate=0.18/s target=6000 remain=5374 eta=29768s
[03:28:20] [progress] new=628 skip=0 empty=0 fail=0 processed=628 elapsed=3472s rate=0.18/s target=6000 remain=5372 eta=29702s
[03:28:24] [progress] new=630 skip=0 empty=0 fail=0 processed=630 elapsed=3477s rate=0.18/s target=6000 remain=5370 eta=29637s
[03:28:28] [progress] new=632 skip=0 empty=0 fail=0 processed=632 elapsed=3480s rate=0.18/s target=6000 remain=5368 eta=29562s
[03:28:28]   [1/3] 笠松 done new=10 R (total_new=632)
[03:28:28] [progress] new=632 skip=0 empty=0 fail=0 processed=632 elapsed=3481s rate=0.18/s target=6000 remain=5368 eta=29562s
[03:28:32]   [2/3] 園田 12R start
[03:28:57] [progress] new=633 skip=0 empty=0 fail=0 processed=633 elapsed=3509s rate=0.18/s target=6000 remain=5367 eta=29753s
[03:29:00] [progress] new=635 skip=0 empty=0 fail=0 processed=635 elapsed=3513s rate=0.18/s target=6000 remain=5365 eta=29680s
[03:29:06] [progress] new=637 skip=0 empty=0 fail=0 processed=637 elapsed=3518s rate=0.18/s target=6000 remain=5363 eta=29621s
[03:29:09] [progress] new=638 skip=0 empty=0 fail=0 processed=638 elapsed=3521s rate=0.18/s target=6000 remain=5362 eta=29595s
[03:29:15] [progress] new=640 skip=0 empty=0 fail=0 processed=640 elapsed=3528s rate=0.18/s target=6000 remain=5360 eta=29548s
[03:29:21] [progress] new=642 skip=0 empty=0 fail=0 processed=642 elapsed=3534s rate=0.18/s target=6000 remain=5358 eta=29494s
[03:29:24] [progress] new=643 skip=0 empty=0 fail=0 processed=643 elapsed=3537s rate=0.18/s target=6000 remain=5357 eta=29468s
[03:29:27]   [2/3] 園田 done new=12 R (total_new=644)
[03:29:27] [progress] new=644 skip=0 empty=0 fail=0 processed=644 elapsed=3540s rate=0.18/s target=6000 remain=5356 eta=29441s
[03:29:33]   [3/3] 高知 11R start
[03:29:58] [progress] new=645 skip=0 empty=0 fail=0 processed=645 elapsed=3570s rate=0.18/s target=6000 remain=5355 eta=29641s
[03:30:03] [progress] new=647 skip=0 empty=0 fail=0 processed=647 elapsed=3575s rate=0.18/s target=6000 remain=5353 eta=29580s
[03:30:08] [progress] new=649 skip=0 empty=0 fail=0 processed=649 elapsed=3581s rate=0.18/s target=6000 remain=5351 eta=29522s
[03:30:11] [progress] new=650 skip=0 empty=0 fail=0 processed=650 elapsed=3584s rate=0.18/s target=6000 remain=5350 eta=29499s
[03:30:18] [progress] new=652 skip=0 empty=0 fail=0 processed=652 elapsed=3591s rate=0.18/s target=6000 remain=5348 eta=29455s
[03:30:22] [progress] new=653 skip=0 empty=0 fail=0 processed=653 elapsed=3594s rate=0.18/s target=6000 remain=5347 eta=29432s
[03:30:25] [progress] new=654 skip=0 empty=0 fail=0 processed=654 elapsed=3598s rate=0.18/s target=6000 remain=5346 eta=29409s
[03:30:29] [progress] new=655 skip=0 empty=0 fail=0 processed=655 elapsed=3601s rate=0.18/s target=6000 remain=5345 eta=29388s
[03:30:29]   [3/3] 高知 done new=11 R (total_new=655)
[03:30:29] [progress] new=655 skip=0 empty=0 fail=0 processed=655 elapsed=3601s rate=0.18/s target=6000 remain=5345 eta=29388s
[03:30:29] === day 25/365 2023-01-25 ===
[03:30:30]   venues=4: ['33', '笠松', '園田', '高知']
[03:30:36]   [1/4] 33 12R start
[03:31:01] [progress] new=656 skip=0 empty=0 fail=0 processed=656 elapsed=3634s rate=0.18/s target=6000 remain=5344 eta=29601s
[03:31:05] [progress] new=657 skip=0 empty=0 fail=0 processed=657 elapsed=3638s rate=0.18/s target=6000 remain=5343 eta=29582s
[03:31:10] [progress] new=659 skip=0 empty=0 fail=0 processed=659 elapsed=3643s rate=0.18/s target=6000 remain=5341 eta=29523s
[03:31:14] [progress] new=660 skip=0 empty=0 fail=0 processed=660 elapsed=3647s rate=0.18/s target=6000 remain=5340 eta=29507s
[03:31:20] [progress] new=661 skip=0 empty=0 fail=0 processed=661 elapsed=3652s rate=0.18/s target=6000 remain=5339 eta=29501s
[03:31:23] [progress] new=662 skip=0 empty=0 fail=0 processed=662 elapsed=3656s rate=0.18/s target=6000 remain=5338 eta=29478s
[03:31:27] [progress] new=663 skip=0 empty=0 fail=0 processed=663 elapsed=3659s rate=0.18/s target=6000 remain=5337 eta=29455s
[03:31:31] [progress] new=664 skip=0 empty=0 fail=0 processed=664 elapsed=3663s rate=0.18/s target=6000 remain=5336 eta=29439s
[03:31:35] [progress] new=665 skip=0 empty=0 fail=0 processed=665 elapsed=3668s rate=0.18/s target=6000 remain=5335 eta=29425s
[03:31:38] [progress] new=666 skip=0 empty=0 fail=0 processed=666 elapsed=3671s rate=0.18/s target=6000 remain=5334 eta=29401s
[03:31:43] [progress] new=667 skip=0 empty=0 fail=0 processed=667 elapsed=3675s rate=0.18/s target=6000 remain=5333 eta=29384s
[03:31:43]   [1/4] 33 done new=12 R (total_new=667)
[03:31:43] [progress] new=667 skip=0 empty=0 fail=0 processed=667 elapsed=3675s rate=0.18/s target=6000 remain=5333 eta=29384s
[03:31:47]   [2/4] 笠松 10R start
[03:32:10] [progress] new=668 skip=0 empty=0 fail=0 processed=668 elapsed=3703s rate=0.18/s target=6000 remain=5332 eta=29554s
[03:32:14] [progress] new=670 skip=0 empty=0 fail=0 processed=670 elapsed=3706s rate=0.18/s target=6000 remain=5330 eta=29484s
[03:32:18] [progress] new=672 skip=0 empty=0 fail=0 processed=672 elapsed=3711s rate=0.18/s target=6000 remain=5328 eta=29421s
[03:32:24] [progress] new=674 skip=0 empty=0 fail=0 processed=674 elapsed=3717s rate=0.18/s target=6000 remain=5326 eta=29371s
[03:32:30] [progress] new=676 skip=0 empty=0 fail=0 processed=676 elapsed=3722s rate=0.18/s target=6000 remain=5324 eta=29317s
[03:32:31]   [2/4] 笠松 done new=10 R (total_new=677)
[03:32:31] [progress] new=677 skip=0 empty=0 fail=0 processed=677 elapsed=3723s rate=0.18/s target=6000 remain=5323 eta=29275s
[03:32:34]   [3/4] 園田 12R start
[03:33:03] [progress] new=678 skip=0 empty=0 fail=0 processed=678 elapsed=3755s rate=0.18/s target=6000 remain=5322 eta=29477s
[03:33:08] [progress] new=680 skip=0 empty=0 fail=0 processed=680 elapsed=3760s rate=0.18/s target=6000 remain=5320 eta=29420s
[03:33:11] [progress] new=681 skip=0 empty=0 fail=0 processed=681 elapsed=3764s rate=0.18/s target=6000 remain=5319 eta=29398s
[03:33:16] [progress] new=683 skip=0 empty=0 fail=0 processed=683 elapsed=3769s rate=0.18/s target=6000 remain=5317 eta=29338s
[03:33:20] [progress] new=684 skip=0 empty=0 fail=0 processed=684 elapsed=3773s rate=0.18/s target=6000 remain=5316 eta=29324s
[03:33:24] [progress] new=685 skip=0 empty=0 fail=0 processed=685 elapsed=3777s rate=0.18/s target=6000 remain=5315 eta=29302s
[03:33:28] [progress] new=687 skip=0 empty=0 fail=0 processed=687 elapsed=3781s rate=0.18/s target=6000 remain=5313 eta=29238s
[03:33:31] [progress] new=688 skip=0 empty=0 fail=0 processed=688 elapsed=3784s rate=0.18/s target=6000 remain=5312 eta=29216s
[03:33:34]   [3/4] 園田 done new=12 R (total_new=689)
[03:33:34] [progress] new=689 skip=0 empty=0 fail=0 processed=689 elapsed=3786s rate=0.18/s target=6000 remain=5311 eta=29187s
[03:33:37]   [4/4] 高知 10R start
[03:34:00] [progress] new=690 skip=0 empty=0 fail=0 processed=690 elapsed=3813s rate=0.18/s target=6000 remain=5310 eta=29344s
[03:34:06] [progress] new=692 skip=0 empty=0 fail=0 processed=692 elapsed=3819s rate=0.18/s target=6000 remain=5308 eta=29293s
[03:34:10] [progress] new=693 skip=0 empty=0 fail=0 processed=693 elapsed=3823s rate=0.18/s target=6000 remain=5307 eta=29277s
[03:34:15] [progress] new=695 skip=0 empty=0 fail=0 processed=695 elapsed=3828s rate=0.18/s target=6000 remain=5305 eta=29219s
[03:34:19] [progress] new=696 skip=0 empty=0 fail=0 processed=696 elapsed=3832s rate=0.18/s target=6000 remain=5304 eta=29199s
[03:34:23] [progress] new=697 skip=0 empty=0 fail=0 processed=697 elapsed=3835s rate=0.18/s target=6000 remain=5303 eta=29179s
[03:34:26] [progress] new=698 skip=0 empty=0 fail=0 processed=698 elapsed=3839s rate=0.18/s target=6000 remain=5302 eta=29161s
[03:34:29]   [4/4] 高知 done new=10 R (total_new=699)
[03:34:29] [progress] new=699 skip=0 empty=0 fail=0 processed=699 elapsed=3842s rate=0.18/s target=6000 remain=5301 eta=29133s
[03:34:29] === day 26/365 2023-01-26 ===
[03:34:30]   venues=2: ['笠松', '園田']
[03:34:35]   [1/2] 笠松 10R start
[03:34:57] [progress] new=700 skip=0 empty=0 fail=0 processed=700 elapsed=3869s rate=0.18/s target=6000 remain=5300 eta=29296s
[03:35:01] [progress] new=702 skip=0 empty=0 fail=0 processed=702 elapsed=3873s rate=0.18/s target=6000 remain=5298 eta=29231s
[03:35:04] [progress] new=704 skip=0 empty=0 fail=0 processed=704 elapsed=3877s rate=0.18/s target=6000 remain=5296 eta=29163s
[03:35:09] [progress] new=706 skip=0 empty=0 fail=0 processed=706 elapsed=3881s rate=0.18/s target=6000 remain=5294 eta=29103s
[03:35:13] [progress] new=708 skip=0 empty=0 fail=0 processed=708 elapsed=3885s rate=0.18/s target=6000 remain=5292 eta=29041s
[03:35:15]   [1/2] 笠松 done new=10 R (total_new=709)
[03:35:15] [progress] new=709 skip=0 empty=0 fail=0 processed=709 elapsed=3887s rate=0.18/s target=6000 remain=5291 eta=29010s
[03:35:20]   [2/2] 園田 12R start
[03:35:46] [progress] new=710 skip=0 empty=0 fail=0 processed=710 elapsed=3919s rate=0.18/s target=6000 remain=5290 eta=29198s
[03:35:51] [progress] new=711 skip=0 empty=0 fail=0 processed=711 elapsed=3923s rate=0.18/s target=6000 remain=5289 eta=29184s
[03:35:57] [progress] new=713 skip=0 empty=0 fail=0 processed=713 elapsed=3930s rate=0.18/s target=6000 remain=5287 eta=29140s
[03:36:01] [progress] new=714 skip=0 empty=0 fail=0 processed=714 elapsed=3933s rate=0.18/s target=6000 remain=5286 eta=29121s
[03:36:05] [progress] new=715 skip=0 empty=0 fail=0 processed=715 elapsed=3937s rate=0.18/s target=6000 remain=5285 eta=29104s
[03:36:10] [progress] new=717 skip=0 empty=0 fail=0 processed=717 elapsed=3943s rate=0.18/s target=6000 remain=5283 eta=29053s
[03:36:16] [progress] new=719 skip=0 empty=0 fail=0 processed=719 elapsed=3949s rate=0.18/s target=6000 remain=5281 eta=29004s
[03:36:23] [progress] new=721 skip=0 empty=0 fail=0 processed=721 elapsed=3956s rate=0.18/s target=6000 remain=5279 eta=28962s
[03:36:23]   [2/2] 園田 done new=12 R (total_new=721)
[03:36:23] [progress] new=721 skip=0 empty=0 fail=0 processed=721 elapsed=3956s rate=0.18/s target=6000 remain=5279 eta=28962s
[03:36:23] === day 27/365 2023-01-27 ===
[03:36:24]   venues=2: ['笠松', '園田']
[03:36:28]   [1/2] 笠松 10R start
[03:36:50] [progress] new=722 skip=0 empty=0 fail=0 processed=722 elapsed=3983s rate=0.18/s target=6000 remain=5278 eta=29114s
[03:36:54] [progress] new=724 skip=0 empty=0 fail=0 processed=724 elapsed=3986s rate=0.18/s target=6000 remain=5276 eta=29050s
[03:37:00] [progress] new=726 skip=0 empty=0 fail=0 processed=726 elapsed=3993s rate=0.18/s target=6000 remain=5274 eta=29007s
[03:37:04] [progress] new=728 skip=0 empty=0 fail=0 processed=728 elapsed=3997s rate=0.18/s target=6000 remain=5272 eta=28945s
[03:37:09] [progress] new=730 skip=0 empty=0 fail=0 processed=730 elapsed=4001s rate=0.18/s target=6000 remain=5270 eta=28887s
[03:37:11]   [1/2] 笠松 done new=10 R (total_new=731)
[03:37:11] [progress] new=731 skip=0 empty=0 fail=0 processed=731 elapsed=4003s rate=0.18/s target=6000 remain=5269 eta=28857s
[03:37:14]   [2/2] 園田 12R start
[03:37:41] [progress] new=732 skip=0 empty=0 fail=0 processed=732 elapsed=4034s rate=0.18/s target=6000 remain=5268 eta=29031s
[03:37:47] [progress] new=734 skip=0 empty=0 fail=0 processed=734 elapsed=4039s rate=0.18/s target=6000 remain=5266 eta=28979s
[03:37:50] [progress] new=735 skip=0 empty=0 fail=0 processed=735 elapsed=4043s rate=0.18/s target=6000 remain=5265 eta=28960s
[03:37:57] [progress] new=737 skip=0 empty=0 fail=0 processed=737 elapsed=4049s rate=0.18/s target=6000 remain=5263 eta=28916s
[03:38:02] [progress] new=739 skip=0 empty=0 fail=0 processed=739 elapsed=4055s rate=0.18/s target=6000 remain=5261 eta=28865s
[03:38:06] [progress] new=740 skip=0 empty=0 fail=0 processed=740 elapsed=4058s rate=0.18/s target=6000 remain=5260 eta=28847s
[03:38:11] [progress] new=742 skip=0 empty=0 fail=0 processed=742 elapsed=4063s rate=0.18/s target=6000 remain=5258 eta=28794s
[03:38:13]   [2/2] 園田 done new=12 R (total_new=743)
[03:38:13] [progress] new=743 skip=0 empty=0 fail=0 processed=743 elapsed=4065s rate=0.18/s target=6000 remain=5257 eta=28763s
[03:38:13] === day 28/365 2023-01-28 ===
[03:38:14]   venues=2: ['船橋', '川崎']
[03:38:19]   [1/2] 船橋 12R start
[03:38:45] [progress] new=744 skip=0 empty=0 fail=0 processed=744 elapsed=4097s rate=0.18/s target=6000 remain=5256 eta=28944s
[03:38:48] [progress] new=745 skip=0 empty=0 fail=0 processed=745 elapsed=4101s rate=0.18/s target=6000 remain=5255 eta=28925s
[03:38:54] [progress] new=747 skip=0 empty=0 fail=0 processed=747 elapsed=4107s rate=0.18/s target=6000 remain=5253 eta=28880s
[03:38:59] [progress] new=749 skip=0 empty=0 fail=0 processed=749 elapsed=4112s rate=0.18/s target=6000 remain=5251 eta=28826s
[03:39:04] [progress] new=751 skip=0 empty=0 fail=0 processed=751 elapsed=4116s rate=0.18/s target=6000 remain=5249 eta=28771s
[03:39:09] [progress] new=753 skip=0 empty=0 fail=0 processed=753 elapsed=4121s rate=0.18/s target=6000 remain=5247 eta=28718s
[03:39:13] [progress] new=755 skip=0 empty=0 fail=0 processed=755 elapsed=4126s rate=0.18/s target=6000 remain=5245 eta=28662s
[03:39:13]   [1/2] 船橋 done new=12 R (total_new=755)
[03:39:13] [progress] new=755 skip=0 empty=0 fail=0 processed=755 elapsed=4126s rate=0.18/s target=6000 remain=5245 eta=28663s
[03:39:18]   [2/2] 川崎 12R start
[03:39:44] [progress] new=756 skip=0 empty=0 fail=0 processed=756 elapsed=4157s rate=0.18/s target=6000 remain=5244 eta=28832s
[03:39:47] [progress] new=757 skip=0 empty=0 fail=0 processed=757 elapsed=4160s rate=0.18/s target=6000 remain=5243 eta=28811s
[03:39:52] [progress] new=758 skip=0 empty=0 fail=0 processed=758 elapsed=4164s rate=0.18/s target=6000 remain=5242 eta=28799s
[03:39:58] [progress] new=760 skip=0 empty=0 fail=0 processed=760 elapsed=4170s rate=0.18/s target=6000 remain=5240 eta=28752s
[03:40:02] [progress] new=761 skip=0 empty=0 fail=0 processed=761 elapsed=4174s rate=0.18/s target=6000 remain=5239 eta=28736s
[03:40:07] [progress] new=763 skip=0 empty=0 fail=0 processed=763 elapsed=4180s rate=0.18/s target=6000 remain=5237 eta=28690s
[03:40:14] [progress] new=765 skip=0 empty=0 fail=0 processed=765 elapsed=4186s rate=0.18/s target=6000 remain=5235 eta=28648s
[03:40:23] [progress] new=767 skip=0 empty=0 fail=0 processed=767 elapsed=4195s rate=0.18/s target=6000 remain=5233 eta=28623s
[03:40:23]   [2/2] 川崎 done new=12 R (total_new=767)
[03:40:23] [progress] new=767 skip=0 empty=0 fail=0 processed=767 elapsed=4195s rate=0.18/s target=6000 remain=5233 eta=28623s
[03:40:23] === day 29/365 2023-01-29 ===
[03:40:25]   venues=3: ['船橋', '高知', '川崎']
[03:40:31]   [1/3] 船橋 12R start
[03:40:56] [progress] new=768 skip=0 empty=0 fail=0 processed=768 elapsed=4229s rate=0.18/s target=6000 remain=5232 eta=28809s
[03:41:01] [progress] new=770 skip=0 empty=0 fail=0 processed=770 elapsed=4233s rate=0.18/s target=6000 remain=5230 eta=28753s
[03:41:04] [progress] new=771 skip=0 empty=0 fail=0 processed=771 elapsed=4237s rate=0.18/s target=6000 remain=5229 eta=28735s
[03:41:08] [progress] new=773 skip=0 empty=0 fail=0 processed=773 elapsed=4241s rate=0.18/s target=6000 remain=5227 eta=28676s
[03:41:12] [progress] new=774 skip=0 empty=0 fail=0 processed=774 elapsed=4244s rate=0.18/s target=6000 remain=5226 eta=28658s
[03:41:17] [progress] new=776 skip=0 empty=0 fail=0 processed=776 elapsed=4250s rate=0.18/s target=6000 remain=5224 eta=28611s
[03:41:20] [progress] new=777 skip=0 empty=0 fail=0 processed=777 elapsed=4253s rate=0.18/s target=6000 remain=5223 eta=28589s
[03:41:25] [progress] new=779 skip=0 empty=0 fail=0 processed=779 elapsed=4258s rate=0.18/s target=6000 remain=5221 eta=28538s
[03:41:25]   [1/3] 船橋 done new=12 R (total_new=779)
[03:41:25] [progress] new=779 skip=0 empty=0 fail=0 processed=779 elapsed=4258s rate=0.18/s target=6000 remain=5221 eta=28538s
[03:41:30]   [2/3] 高知 11R start
[03:41:52] [progress] new=780 skip=0 empty=0 fail=0 processed=780 elapsed=4284s rate=0.18/s target=6000 remain=5220 eta=28673s
[03:41:55] [progress] new=781 skip=0 empty=0 fail=0 processed=781 elapsed=4288s rate=0.18/s target=6000 remain=5219 eta=28654s
[03:41:59] [progress] new=783 skip=0 empty=0 fail=0 processed=783 elapsed=4291s rate=0.18/s target=6000 remain=5217 eta=28592s
[03:42:02] [progress] new=784 skip=0 empty=0 fail=0 processed=784 elapsed=4294s rate=0.18/s target=6000 remain=5216 eta=28571s
[03:42:06] [progress] new=785 skip=0 empty=0 fail=0 processed=785 elapsed=4299s rate=0.18/s target=6000 remain=5215 eta=28558s
[03:42:11] [progress] new=787 skip=0 empty=0 fail=0 processed=787 elapsed=4304s rate=0.18/s target=6000 remain=5213 eta=28507s
[03:42:15] [progress] new=789 skip=0 empty=0 fail=0 processed=789 elapsed=4308s rate=0.18/s target=6000 remain=5211 eta=28452s
[03:42:19] [progress] new=790 skip=0 empty=0 fail=0 processed=790 elapsed=4312s rate=0.18/s target=6000 remain=5210 eta=28435s
[03:42:19]   [2/3] 高知 done new=11 R (total_new=790)
[03:42:19] [progress] new=790 skip=0 empty=0 fail=0 processed=790 elapsed=4312s rate=0.18/s target=6000 remain=5210 eta=28435s
[03:42:22]   [3/3] 川崎 11R start
[03:42:51] [progress] new=791 skip=0 empty=0 fail=0 processed=791 elapsed=4343s rate=0.18/s target=6000 remain=5209 eta=28603s
[03:42:55] [progress] new=793 skip=0 empty=0 fail=0 processed=793 elapsed=4347s rate=0.18/s target=6000 remain=5207 eta=28546s
[03:42:59] [progress] new=794 skip=0 empty=0 fail=0 processed=794 elapsed=4351s rate=0.18/s target=6000 remain=5206 eta=28529s
[03:43:02] [progress] new=795 skip=0 empty=0 fail=0 processed=795 elapsed=4354s rate=0.18/s target=6000 remain=5205 eta=28508s
[03:43:08] [progress] new=797 skip=0 empty=0 fail=0 processed=797 elapsed=4360s rate=0.18/s target=6000 remain=5203 eta=28464s
[03:43:11] [progress] new=798 skip=0 empty=0 fail=0 processed=798 elapsed=4364s rate=0.18/s target=6000 remain=5202 eta=28448s
[03:43:17] [progress] new=800 skip=0 empty=0 fail=0 processed=800 elapsed=4370s rate=0.18/s target=6000 remain=5200 eta=28402s
[03:43:21] [progress] new=801 skip=0 empty=0 fail=0 processed=801 elapsed=4373s rate=0.18/s target=6000 remain=5199 eta=28385s
[03:43:21]   [3/3] 川崎 done new=11 R (total_new=801)
[03:43:21] [progress] new=801 skip=0 empty=0 fail=0 processed=801 elapsed=4373s rate=0.18/s target=6000 remain=5199 eta=28385s
[03:43:21] === day 30/365 2023-01-30 ===
[03:43:23]   venues=2: ['船橋', '金沢']
[03:43:28]   [1/2] 船橋 12R start
[03:43:54] [progress] new=802 skip=0 empty=0 fail=0 processed=802 elapsed=4407s rate=0.18/s target=6000 remain=5198 eta=28560s
[03:44:00] [progress] new=803 skip=0 empty=0 fail=0 processed=803 elapsed=4413s rate=0.18/s target=6000 remain=5197 eta=28558s
[03:44:04] [progress] new=805 skip=0 empty=0 fail=0 processed=805 elapsed=4416s rate=0.18/s target=6000 remain=5195 eta=28501s
[03:44:08] [progress] new=807 skip=0 empty=0 fail=0 processed=807 elapsed=4421s rate=0.18/s target=6000 remain=5193 eta=28446s
[03:44:13] [progress] new=809 skip=0 empty=0 fail=0 processed=809 elapsed=4425s rate=0.18/s target=6000 remain=5191 eta=28396s
[03:44:17] [progress] new=810 skip=0 empty=0 fail=0 processed=810 elapsed=4430s rate=0.18/s target=6000 remain=5190 eta=28382s
[03:44:22] [progress] new=812 skip=0 empty=0 fail=0 processed=812 elapsed=4434s rate=0.18/s target=6000 remain=5188 eta=28330s
[03:44:24]   [1/2] 船橋 done new=12 R (total_new=813)
[03:44:24] [progress] new=813 skip=0 empty=0 fail=0 processed=813 elapsed=4437s rate=0.18/s target=6000 remain=5187 eta=28307s
[03:44:27]   [2/2] 金沢 11R start
[03:44:54] [progress] new=814 skip=0 empty=0 fail=0 processed=814 elapsed=4466s rate=0.18/s target=6000 remain=5186 eta=28454s
[03:44:58] [progress] new=816 skip=0 empty=0 fail=0 processed=816 elapsed=4471s rate=0.18/s target=6000 remain=5184 eta=28402s
[03:45:03] [progress] new=818 skip=0 empty=0 fail=0 processed=818 elapsed=4475s rate=0.18/s target=6000 remain=5182 eta=28351s
[03:45:07] [progress] new=819 skip=0 empty=0 fail=0 processed=819 elapsed=4480s rate=0.18/s target=6000 remain=5181 eta=28340s
[03:45:12] [progress] new=821 skip=0 empty=0 fail=0 processed=821 elapsed=4485s rate=0.18/s target=6000 remain=5179 eta=28289s
[03:45:16] [progress] new=822 skip=0 empty=0 fail=0 processed=822 elapsed=4488s rate=0.18/s target=6000 remain=5178 eta=28274s
[03:45:20] [progress] new=823 skip=0 empty=0 fail=0 processed=823 elapsed=4493s rate=0.18/s target=6000 remain=5177 eta=28261s
[03:45:24] [progress] new=824 skip=0 empty=0 fail=0 processed=824 elapsed=4496s rate=0.18/s target=6000 remain=5176 eta=28245s
[03:45:24]   [2/2] 金沢 done new=11 R (total_new=824)
[03:45:24] [progress] new=824 skip=0 empty=0 fail=0 processed=824 elapsed=4496s rate=0.18/s target=6000 remain=5176 eta=28245s
[03:45:24] === day 31/365 2023-01-31 ===
[03:45:26]   venues=3: ['金沢', '園田', '高知']
[03:45:30]   [1/3] 金沢 11R start
[03:45:56] [progress] new=825 skip=0 empty=0 fail=0 processed=825 elapsed=4529s rate=0.18/s target=6000 remain=5175 eta=28408s
[03:46:02] [progress] new=827 skip=0 empty=0 fail=0 processed=827 elapsed=4535s rate=0.18/s target=6000 remain=5173 eta=28366s
[03:46:07] [progress] new=829 skip=0 empty=0 fail=0 processed=829 elapsed=4540s rate=0.18/s target=6000 remain=5171 eta=28318s
[03:46:10] [progress] new=830 skip=0 empty=0 fail=0 processed=830 elapsed=4543s rate=0.18/s target=6000 remain=5170 eta=28298s
[03:46:16] [progress] new=832 skip=0 empty=0 fail=0 processed=832 elapsed=4548s rate=0.18/s target=6000 remain=5168 eta=28253s
[03:46:20] [progress] new=833 skip=0 empty=0 fail=0 processed=833 elapsed=4553s rate=0.18/s target=6000 remain=5167 eta=28240s
[03:46:25] [progress] new=835 skip=0 empty=0 fail=0 processed=835 elapsed=4558s rate=0.18/s target=6000 remain=5165 eta=28193s
[03:46:25]   [1/3] 金沢 done new=11 R (total_new=835)
[03:46:25] [progress] new=835 skip=0 empty=0 fail=0 processed=835 elapsed=4558s rate=0.18/s target=6000 remain=5165 eta=28193s
[03:46:30]   [2/3] 園田 12R start
[03:46:59] [progress] new=836 skip=0 empty=0 fail=0 processed=836 elapsed=4591s rate=0.18/s target=6000 remain=5164 eta=28360s
[03:47:04] [progress] new=838 skip=0 empty=0 fail=0 processed=838 elapsed=4596s rate=0.18/s target=6000 remain=5162 eta=28312s
[03:47:07] [progress] new=839 skip=0 empty=0 fail=0 processed=839 elapsed=4600s rate=0.18/s target=6000 remain=5161 eta=28295s
[03:47:11] [progress] new=841 skip=0 empty=0 fail=0 processed=841 elapsed=4604s rate=0.18/s target=6000 remain=5159 eta=28241s
[03:47:15] [progress] new=843 skip=0 empty=0 fail=0 processed=843 elapsed=4608s rate=0.18/s target=6000 remain=5157 eta=28188s
[03:47:19] [progress] new=844 skip=0 empty=0 fail=0 processed=844 elapsed=4611s rate=0.18/s target=6000 remain=5156 eta=28171s
[03:47:23] [progress] new=845 skip=0 empty=0 fail=0 processed=845 elapsed=4615s rate=0.18/s target=6000 remain=5155 eta=28156s
[03:47:27] [progress] new=847 skip=0 empty=0 fail=0 processed=847 elapsed=4620s rate=0.18/s target=6000 remain=5153 eta=28106s
[03:47:27]   [2/3] 園田 done new=12 R (total_new=847)
[03:47:27] [progress] new=847 skip=0 empty=0 fail=0 processed=847 elapsed=4620s rate=0.18/s target=6000 remain=5153 eta=28106s
[03:47:32]   [3/3] 高知 11R start
[03:47:59] [progress] new=848 skip=0 empty=0 fail=0 processed=848 elapsed=4652s rate=0.18/s target=6000 remain=5152 eta=28262s
[03:48:05] [progress] new=850 skip=0 empty=0 fail=0 processed=850 elapsed=4658s rate=0.18/s target=6000 remain=5150 eta=28222s
[03:48:09] [progress] new=851 skip=0 empty=0 fail=0 processed=851 elapsed=4662s rate=0.18/s target=6000 remain=5149 eta=28205s
[03:48:15] [progress] new=853 skip=0 empty=0 fail=0 processed=853 elapsed=4667s rate=0.18/s target=6000 remain=5147 eta=28161s
[03:48:18] [progress] new=854 skip=0 empty=0 fail=0 processed=854 elapsed=4671s rate=0.18/s target=6000 remain=5146 eta=28145s
[03:48:22] [progress] new=855 skip=0 empty=0 fail=0 processed=855 elapsed=4675s rate=0.18/s target=6000 remain=5145 eta=28131s
[03:48:27] [progress] new=856 skip=0 empty=0 fail=0 processed=856 elapsed=4679s rate=0.18/s target=6000 remain=5144 eta=28119s
[03:48:30] [progress] new=857 skip=0 empty=0 fail=0 processed=857 elapsed=4683s rate=0.18/s target=6000 remain=5143 eta=28102s
[03:48:32]   [3/3] 高知 done new=11 R (total_new=858)
[03:48:32] [progress] new=858 skip=0 empty=0 fail=0 processed=858 elapsed=4685s rate=0.18/s target=6000 remain=5142 eta=28076s
[03:48:32] === day 32/365 2023-02-01 ===
[03:48:33]   venues=4: ['34', '金沢', '園田', '高知']
[03:48:36]   [1/4] 34 12R start
[03:49:04] [progress] new=859 skip=0 empty=0 fail=0 processed=859 elapsed=4716s rate=0.18/s target=6000 remain=5141 eta=28227s
[03:49:07] [progress] new=860 skip=0 empty=0 fail=0 processed=860 elapsed=4720s rate=0.18/s target=6000 remain=5140 eta=28208s
[03:49:13] [progress] new=862 skip=0 empty=0 fail=0 processed=862 elapsed=4726s rate=0.18/s target=6000 remain=5138 eta=28170s
[03:49:18] [progress] new=863 skip=0 empty=0 fail=0 processed=863 elapsed=4731s rate=0.18/s target=6000 remain=5137 eta=28160s
[03:49:21] [progress] new=864 skip=0 empty=0 fail=0 processed=864 elapsed=4734s rate=0.18/s target=6000 remain=5136 eta=28140s
[03:49:25] [progress] new=865 skip=0 empty=0 fail=0 processed=865 elapsed=4737s rate=0.18/s target=6000 remain=5135 eta=28124s
[03:49:31] [progress] new=867 skip=0 empty=0 fail=0 processed=867 elapsed=4744s rate=0.18/s target=6000 remain=5133 eta=28087s
[03:49:35] [progress] new=868 skip=0 empty=0 fail=0 processed=868 elapsed=4748s rate=0.18/s target=6000 remain=5132 eta=28070s
[03:49:38] [progress] new=869 skip=0 empty=0 fail=0 processed=869 elapsed=4751s rate=0.18/s target=6000 remain=5131 eta=28052s
[03:49:42] [progress] new=870 skip=0 empty=0 fail=0 processed=870 elapsed=4754s rate=0.18/s target=6000 remain=5130 eta=28034s
[03:49:42]   [1/4] 34 done new=12 R (total_new=870)
[03:49:42] [progress] new=870 skip=0 empty=0 fail=0 processed=870 elapsed=4754s rate=0.18/s target=6000 remain=5130 eta=28034s
[03:49:47]   [2/4] 金沢 12R start
[03:50:15] [progress] new=871 skip=0 empty=0 fail=0 processed=871 elapsed=4788s rate=0.18/s target=6000 remain=5129 eta=28194s
[03:50:19] [progress] new=873 skip=0 empty=0 fail=0 processed=873 elapsed=4791s rate=0.18/s target=6000 remain=5127 eta=28139s
[03:50:24] [progress] new=875 skip=0 empty=0 fail=0 processed=875 elapsed=4797s rate=0.18/s target=6000 remain=5125 eta=28095s
[03:50:31] [progress] new=877 skip=0 empty=0 fail=0 processed=877 elapsed=4803s rate=0.18/s target=6000 remain=5123 eta=28058s
[03:50:34] [progress] new=878 skip=0 empty=0 fail=0 processed=878 elapsed=4807s rate=0.18/s target=6000 remain=5122 eta=28042s
[03:50:41] [progress] new=880 skip=0 empty=0 fail=0 processed=880 elapsed=4813s rate=0.18/s target=6000 remain=5120 eta=28004s
[03:50:46] [progress] new=882 skip=0 empty=0 fail=0 processed=882 elapsed=4818s rate=0.18/s target=6000 remain=5118 eta=27960s
[03:50:46]   [2/4] 金沢 done new=12 R (total_new=882)
[03:50:46] [progress] new=882 skip=0 empty=0 fail=0 processed=882 elapsed=4818s rate=0.18/s target=6000 remain=5118 eta=27960s
[03:50:50]   [3/4] 園田 12R start
[03:51:22] [progress] new=883 skip=0 empty=0 fail=0 processed=883 elapsed=4854s rate=0.18/s target=6000 remain=5117 eta=28130s
[03:51:26] [progress] new=885 skip=0 empty=0 fail=0 processed=885 elapsed=4859s rate=0.18/s target=6000 remain=5115 eta=28081s
[03:51:31] [progress] new=886 skip=0 empty=0 fail=0 processed=886 elapsed=4863s rate=0.18/s target=6000 remain=5114 eta=28070s
[03:51:35] [progress] new=887 skip=0 empty=0 fail=0 processed=887 elapsed=4867s rate=0.18/s target=6000 remain=5113 eta=28056s
[03:51:40] [progress] new=889 skip=0 empty=0 fail=0 processed=889 elapsed=4873s rate=0.18/s target=6000 remain=5111 eta=28014s
[03:51:46] [progress] new=891 skip=0 empty=0 fail=0 processed=891 elapsed=4879s rate=0.18/s target=6000 remain=5109 eta=27975s
[03:51:52] [progress] new=893 skip=0 empty=0 fail=0 processed=893 elapsed=4885s rate=0.18/s target=6000 remain=5107 eta=27935s
[03:51:55] [progress] new=894 skip=0 empty=0 fail=0 processed=894 elapsed=4888s rate=0.18/s target=6000 remain=5106 eta=27917s
[03:51:55]   [3/4] 園田 done new=12 R (total_new=894)
[03:51:55] [progress] new=894 skip=0 empty=0 fail=0 processed=894 elapsed=4888s rate=0.18/s target=6000 remain=5106 eta=27917s
[03:52:02]   [4/4] 高知 10R start
[03:52:24] [progress] new=895 skip=0 empty=0 fail=0 processed=895 elapsed=4917s rate=0.18/s target=6000 remain=5105 eta=28045s
[03:52:29] [progress] new=896 skip=0 empty=0 fail=0 processed=896 elapsed=4921s rate=0.18/s target=6000 remain=5104 eta=28034s
[03:52:34] [progress] new=898 skip=0 empty=0 fail=0 processed=898 elapsed=4926s rate=0.18/s target=6000 remain=5102 eta=27988s
[03:52:37] [progress] new=899 skip=0 empty=0 fail=0 processed=899 elapsed=4930s rate=0.18/s target=6000 remain=5101 eta=27971s
[03:52:41] [progress] new=900 skip=0 empty=0 fail=0 processed=900 elapsed=4933s rate=0.18/s target=6000 remain=5100 eta=27955s
[03:52:45] [progress] new=901 skip=0 empty=0 fail=0 processed=901 elapsed=4937s rate=0.18/s target=6000 remain=5099 eta=27941s
[03:52:49] [progress] new=902 skip=0 empty=0 fail=0 processed=902 elapsed=4942s rate=0.18/s target=6000 remain=5098 eta=27929s
[03:52:54] [progress] new=904 skip=0 empty=0 fail=0 processed=904 elapsed=4947s rate=0.18/s target=6000 remain=5096 eta=27887s
[03:52:54]   [4/4] 高知 done new=10 R (total_new=904)
[03:52:54] [progress] new=904 skip=0 empty=0 fail=0 processed=904 elapsed=4947s rate=0.18/s target=6000 remain=5096 eta=27887s
[03:52:54] === day 33/365 2023-02-02 ===
[03:52:58]   venues=2: ['金沢', '園田']
[03:53:03]   [1/2] 金沢 12R start
[03:53:28] [progress] new=905 skip=0 empty=0 fail=0 processed=905 elapsed=4981s rate=0.18/s target=6000 remain=5095 eta=28040s
[03:53:33] [progress] new=907 skip=0 empty=0 fail=0 processed=907 elapsed=4986s rate=0.18/s target=6000 remain=5093 eta=27995s
[03:53:39] [progress] new=909 skip=0 empty=0 fail=0 processed=909 elapsed=4992s rate=0.18/s target=6000 remain=5091 eta=27958s
[03:53:43] [progress] new=910 skip=0 empty=0 fail=0 processed=910 elapsed=4996s rate=0.18/s target=6000 remain=5090 eta=27944s
[03:53:46] [progress] new=911 skip=0 empty=0 fail=0 processed=911 elapsed=4999s rate=0.18/s target=6000 remain=5089 eta=27925s
[03:53:52] [progress] new=913 skip=0 empty=0 fail=0 processed=913 elapsed=5004s rate=0.18/s target=6000 remain=5087 eta=27882s
[03:53:55] [progress] new=914 skip=0 empty=0 fail=0 processed=914 elapsed=5008s rate=0.18/s target=6000 remain=5086 eta=27867s
[03:54:00] [progress] new=916 skip=0 empty=0 fail=0 processed=916 elapsed=5013s rate=0.18/s target=6000 remain=5084 eta=27822s
[03:54:00]   [1/2] 金沢 done new=12 R (total_new=916)
[03:54:00] [progress] new=916 skip=0 empty=0 fail=0 processed=916 elapsed=5013s rate=0.18/s target=6000 remain=5084 eta=27822s
[03:54:05]   [2/2] 園田 12R start
[03:54:30] [progress] new=917 skip=0 empty=0 fail=0 processed=917 elapsed=5043s rate=0.18/s target=6000 remain=5083 eta=27953s
[03:54:33] [progress] new=918 skip=0 empty=0 fail=0 processed=918 elapsed=5046s rate=0.18/s target=6000 remain=5082 eta=27935s
[03:54:37] [progress] new=920 skip=0 empty=0 fail=0 processed=920 elapsed=5050s rate=0.18/s target=6000 remain=5080 eta=27885s
[03:54:41] [progress] new=921 skip=0 empty=0 fail=0 processed=921 elapsed=5054s rate=0.18/s target=6000 remain=5079 eta=27870s
[03:54:48] [progress] new=923 skip=0 empty=0 fail=0 processed=923 elapsed=5060s rate=0.18/s target=6000 remain=5077 eta=27835s
[03:54:53] [progress] new=925 skip=0 empty=0 fail=0 processed=925 elapsed=5066s rate=0.18/s target=6000 remain=5075 eta=27795s
[03:54:57] [progress] new=926 skip=0 empty=0 fail=0 processed=926 elapsed=5069s rate=0.18/s target=6000 remain=5074 eta=27778s
[03:55:01] [progress] new=927 skip=0 empty=0 fail=0 processed=927 elapsed=5073s rate=0.18/s target=6000 remain=5073 eta=27763s
[03:55:03]   [2/2] 園田 done new=12 R (total_new=928)
[03:55:03] [progress] new=928 skip=0 empty=0 fail=0 processed=928 elapsed=5076s rate=0.18/s target=6000 remain=5072 eta=27741s
[03:55:03] === day 34/365 2023-02-03 ===
[03:55:05]   venues=1: ['金沢']
[03:55:08]   [1/1] 金沢 12R start
[03:55:34] [progress] new=929 skip=0 empty=0 fail=0 processed=929 elapsed=5106s rate=0.18/s target=6000 remain=5071 eta=27873s
[03:55:39] [progress] new=931 skip=0 empty=0 fail=0 processed=931 elapsed=5111s rate=0.18/s target=6000 remain=5069 eta=27830s
[03:55:44] [progress] new=933 skip=0 empty=0 fail=0 processed=933 elapsed=5116s rate=0.18/s target=6000 remain=5067 eta=27786s
[03:55:49] [progress] new=935 skip=0 empty=0 fail=0 processed=935 elapsed=5121s rate=0.18/s target=6000 remain=5065 eta=27744s
[03:55:54] [progress] new=937 skip=0 empty=0 fail=0 processed=937 elapsed=5126s rate=0.18/s target=6000 remain=5063 eta=27701s
[03:55:58] [progress] new=939 skip=0 empty=0 fail=0 processed=939 elapsed=5130s rate=0.18/s target=6000 remain=5061 eta=27652s
[03:55:59]   [1/1] 金沢 done new=12 R (total_new=940)
[03:55:59] [progress] new=940 skip=0 empty=0 fail=0 processed=940 elapsed=5132s rate=0.18/s target=6000 remain=5060 eta=27626s
[03:55:59] === day 35/365 2023-02-04 ===
[03:56:03]   venues=2: ['船橋', '川崎']
[03:56:07]   [1/2] 船橋 12R start
[03:56:30] [progress] new=941 skip=0 empty=0 fail=0 processed=941 elapsed=5162s rate=0.18/s target=6000 remain=5059 eta=27754s
[03:56:34] [progress] new=942 skip=0 empty=0 fail=0 processed=942 elapsed=5166s rate=0.18/s target=6000 remain=5058 eta=27740s
[03:56:37] [progress] new=943 skip=0 empty=0 fail=0 processed=943 elapsed=5169s rate=0.18/s target=6000 remain=5057 eta=27722s
[03:56:41] [progress] new=944 skip=0 empty=0 fail=0 processed=944 elapsed=5173s rate=0.18/s target=6000 remain=5056 eta=27707s
[03:56:46] [progress] new=946 skip=0 empty=0 fail=0 processed=946 elapsed=5179s rate=0.18/s target=6000 remain=5054 eta=27668s
[03:56:51] [progress] new=948 skip=0 empty=0 fail=0 processed=948 elapsed=5183s rate=0.18/s target=6000 remain=5052 eta=27623s
[03:56:55] [progress] new=950 skip=0 empty=0 fail=0 processed=950 elapsed=5188s rate=0.18/s target=6000 remain=5050 eta=27579s
[03:56:59] [progress] new=951 skip=0 empty=0 fail=0 processed=951 elapsed=5192s rate=0.18/s target=6000 remain=5049 eta=27563s
[03:57:03] [progress] new=952 skip=0 empty=0 fail=0 processed=952 elapsed=5195s rate=0.18/s target=6000 remain=5048 eta=27548s
[03:57:03]   [1/2] 船橋 done new=12 R (total_new=952)
[03:57:03] [progress] new=952 skip=0 empty=0 fail=0 processed=952 elapsed=5195s rate=0.18/s target=6000 remain=5048 eta=27548s
[03:57:07]   [2/2] 川崎 12R start
[03:57:35] [progress] new=953 skip=0 empty=0 fail=0 processed=953 elapsed=5228s rate=0.18/s target=6000 remain=5047 eta=27687s
[03:57:39] [progress] new=954 skip=0 empty=0 fail=0 processed=954 elapsed=5232s rate=0.18/s target=6000 remain=5046 eta=27673s
[03:57:43] [progress] new=955 skip=0 empty=0 fail=0 processed=955 elapsed=5235s rate=0.18/s target=6000 remain=5045 eta=27656s
[03:57:48] [progress] new=957 skip=0 empty=0 fail=0 processed=957 elapsed=5241s rate=0.18/s target=6000 remain=5043 eta=27616s
[03:57:55] [progress] new=959 skip=0 empty=0 fail=0 processed=959 elapsed=5247s rate=0.18/s target=6000 remain=5041 eta=27583s
[03:58:01] [progress] new=961 skip=0 empty=0 fail=0 processed=961 elapsed=5253s rate=0.18/s target=6000 remain=5039 eta=27545s
[03:58:07] [progress] new=963 skip=0 empty=0 fail=0 processed=963 elapsed=5259s rate=0.18/s target=6000 remain=5037 eta=27509s
[03:58:11] [progress] new=964 skip=0 empty=0 fail=0 processed=964 elapsed=5263s rate=0.18/s target=6000 remain=5036 eta=27497s
[03:58:11]   [2/2] 川崎 done new=12 R (total_new=964)
[03:58:11] [progress] new=964 skip=0 empty=0 fail=0 processed=964 elapsed=5264s rate=0.18/s target=6000 remain=5036 eta=27497s
[03:58:11] === day 36/365 2023-02-05 ===
[03:58:12]   venues=3: ['船橋', '高知', '川崎']
[03:58:17]   [1/3] 船橋 12R start
[03:58:45] [progress] new=965 skip=0 empty=0 fail=0 processed=965 elapsed=5298s rate=0.18/s target=6000 remain=5035 eta=27642s
[03:58:49] [progress] new=966 skip=0 empty=0 fail=0 processed=966 elapsed=5302s rate=0.18/s target=6000 remain=5034 eta=27628s
[03:58:54] [progress] new=968 skip=0 empty=0 fail=0 processed=968 elapsed=5306s rate=0.18/s target=6000 remain=5032 eta=27584s
[03:59:00] [progress] new=970 skip=0 empty=0 fail=0 processed=970 elapsed=5313s rate=0.18/s target=6000 remain=5030 eta=27548s
[03:59:05] [progress] new=972 skip=0 empty=0 fail=0 processed=972 elapsed=5317s rate=0.18/s target=6000 remain=5028 eta=27505s
[03:59:10] [progress] new=974 skip=0 empty=0 fail=0 processed=974 elapsed=5323s rate=0.18/s target=6000 remain=5026 eta=27465s
[03:59:15] [progress] new=976 skip=0 empty=0 fail=0 processed=976 elapsed=5328s rate=0.18/s target=6000 remain=5024 eta=27426s
[03:59:15]   [1/3] 船橋 done new=12 R (total_new=976)
[03:59:15] [progress] new=976 skip=0 empty=0 fail=0 processed=976 elapsed=5328s rate=0.18/s target=6000 remain=5024 eta=27426s
[03:59:19]   [2/3] 高知 10R start
[03:59:45] [progress] new=977 skip=0 empty=0 fail=0 processed=977 elapsed=5357s rate=0.18/s target=6000 remain=5023 eta=27543s
[03:59:50] [progress] new=979 skip=0 empty=0 fail=0 processed=979 elapsed=5362s rate=0.18/s target=6000 remain=5021 eta=27502s
[03:59:54] [progress] new=980 skip=0 empty=0 fail=0 processed=980 elapsed=5366s rate=0.18/s target=6000 remain=5020 eta=27488s
[03:59:59] [progress] new=982 skip=0 empty=0 fail=0 processed=982 elapsed=5371s rate=0.18/s target=6000 remain=5018 eta=27446s
[04:00:03] [progress] new=983 skip=0 empty=0 fail=0 processed=983 elapsed=5376s rate=0.18/s target=6000 remain=5017 eta=27438s
[04:00:10] [progress] new=985 skip=0 empty=0 fail=0 processed=985 elapsed=5383s rate=0.18/s target=6000 remain=5015 eta=27405s
[04:00:12]   [2/3] 高知 done new=10 R (total_new=986)
[04:00:12] [progress] new=986 skip=0 empty=0 fail=0 processed=986 elapsed=5385s rate=0.18/s target=6000 remain=5014 eta=27384s
[04:00:15]   [3/3] 川崎 11R start
[04:00:41] [progress] new=987 skip=0 empty=0 fail=0 processed=987 elapsed=5413s rate=0.18/s target=6000 remain=5013 eta=27495s
[04:00:45] [progress] new=988 skip=0 empty=0 fail=0 processed=988 elapsed=5417s rate=0.18/s target=6000 remain=5012 eta=27481s
[04:00:49] [progress] new=989 skip=0 empty=0 fail=0 processed=989 elapsed=5421s rate=0.18/s target=6000 remain=5011 eta=27468s
[04:00:52] [progress] new=990 skip=0 empty=0 fail=0 processed=990 elapsed=5424s rate=0.18/s target=6000 remain=5010 eta=27451s
[04:00:56] [progress] new=991 skip=0 empty=0 fail=0 processed=991 elapsed=5428s rate=0.18/s target=6000 remain=5009 eta=27437s
[04:01:00] [progress] new=993 skip=0 empty=0 fail=0 processed=993 elapsed=5433s rate=0.18/s target=6000 remain=5007 eta=27394s
[04:01:07] [progress] new=995 skip=0 empty=0 fail=0 processed=995 elapsed=5439s rate=0.18/s target=6000 remain=5005 eta=27361s
[04:01:11] [progress] new=996 skip=0 empty=0 fail=0 processed=996 elapsed=5443s rate=0.18/s target=6000 remain=5004 eta=27348s
[04:01:15] [progress] new=997 skip=0 empty=0 fail=0 processed=997 elapsed=5448s rate=0.18/s target=6000 remain=5003 eta=27336s
[04:01:15]   [3/3] 川崎 done new=11 R (total_new=997)
[04:01:15] [progress] new=997 skip=0 empty=0 fail=0 processed=997 elapsed=5448s rate=0.18/s target=6000 remain=5003 eta=27336s
[04:01:15] === day 37/365 2023-02-06 ===
[04:01:16]   venues=2: ['船橋', '笠松']
[04:01:22]   [1/2] 船橋 12R start
[04:01:49] [progress] new=998 skip=0 empty=0 fail=0 processed=998 elapsed=5481s rate=0.18/s target=6000 remain=5002 eta=27472s
[04:01:54] [progress] new=1000 skip=0 empty=0 fail=0 processed=1000 elapsed=5487s rate=0.18/s target=6000 remain=5000 eta=27433s
[04:02:00] [progress] new=1002 skip=0 empty=0 fail=0 processed=1002 elapsed=5493s rate=0.18/s target=6000 remain=4998 eta=27398s
[04:02:04] [progress] new=1004 skip=0 empty=0 fail=0 processed=1004 elapsed=5496s rate=0.18/s target=6000 remain=4996 eta=27350s
[04:02:07] [progress] new=1005 skip=0 empty=0 fail=0 processed=1005 elapsed=5500s rate=0.18/s target=6000 remain=4995 eta=27336s
[04:02:12] [progress] new=1007 skip=0 empty=0 fail=0 processed=1007 elapsed=5505s rate=0.18/s target=6000 remain=4993 eta=27295s
[04:02:15] [progress] new=1008 skip=0 empty=0 fail=0 processed=1008 elapsed=5508s rate=0.18/s target=6000 remain=4992 eta=27278s
[04:02:18]   [1/2] 船橋 done new=12 R (total_new=1009)
[04:02:18] [progress] new=1009 skip=0 empty=0 fail=0 processed=1009 elapsed=5510s rate=0.18/s target=6000 remain=4991 eta=27256s
[04:02:21]   [2/2] 笠松 9R start
[04:02:44] [progress] new=1010 skip=0 empty=0 fail=0 processed=1010 elapsed=5537s rate=0.18/s target=6000 remain=4990 eta=27356s
[04:02:48] [progress] new=1012 skip=0 empty=0 fail=0 processed=1012 elapsed=5541s rate=0.18/s target=6000 remain=4988 eta=27309s
[04:02:51] [progress] new=1013 skip=0 empty=0 fail=0 processed=1013 elapsed=5544s rate=0.18/s target=6000 remain=4987 eta=27292s
[04:02:54] [progress] new=1015 skip=0 empty=0 fail=0 processed=1015 elapsed=5547s rate=0.18/s target=6000 remain=4985 eta=27243s
[04:02:59] [progress] new=1017 skip=0 empty=0 fail=0 processed=1017 elapsed=5552s rate=0.18/s target=6000 remain=4983 eta=27203s
[04:03:03] [progress] new=1018 skip=0 empty=0 fail=0 processed=1018 elapsed=5556s rate=0.18/s target=6000 remain=4982 eta=27189s
[04:03:03]   [2/2] 笠松 done new=9 R (total_new=1018)
[04:03:03] [progress] new=1018 skip=0 empty=0 fail=0 processed=1018 elapsed=5556s rate=0.18/s target=6000 remain=4982 eta=27189s
[04:03:03] === day 38/365 2023-02-07 ===
[04:03:06]   venues=3: ['笠松', '園田', '高知']
[04:03:11]   [1/3] 笠松 10R start
[04:03:34] [progress] new=1019 skip=0 empty=0 fail=0 processed=1019 elapsed=5587s rate=0.18/s target=6000 remain=4981 eta=27309s
[04:03:38] [progress] new=1021 skip=0 empty=0 fail=0 processed=1021 elapsed=5591s rate=0.18/s target=6000 remain=4979 eta=27263s
[04:03:42] [progress] new=1022 skip=0 empty=0 fail=0 processed=1022 elapsed=5594s rate=0.18/s target=6000 remain=4978 eta=27248s
[04:03:47] [progress] new=1024 skip=0 empty=0 fail=0 processed=1024 elapsed=5599s rate=0.18/s target=6000 remain=4976 eta=27210s
[04:03:51] [progress] new=1026 skip=0 empty=0 fail=0 processed=1026 elapsed=5604s rate=0.18/s target=6000 remain=4974 eta=27167s
[04:03:57] [progress] new=1028 skip=0 empty=0 fail=0 processed=1028 elapsed=5609s rate=0.18/s target=6000 remain=4972 eta=27130s
[04:03:57]   [1/3] 笠松 done new=10 R (total_new=1028)
[04:03:57] [progress] new=1028 skip=0 empty=0 fail=0 processed=1028 elapsed=5609s rate=0.18/s target=6000 remain=4972 eta=27130s
[04:04:00]   [2/3] 園田 12R start
[04:04:25] [progress] new=1029 skip=0 empty=0 fail=0 processed=1029 elapsed=5638s rate=0.18/s target=6000 remain=4971 eta=27237s
[04:04:33] [progress] new=1031 skip=0 empty=0 fail=0 processed=1031 elapsed=5645s rate=0.18/s target=6000 remain=4969 eta=27207s
[04:04:39] [progress] new=1033 skip=0 empty=0 fail=0 processed=1033 elapsed=5651s rate=0.18/s target=6000 remain=4967 eta=27173s
[04:04:42] [progress] new=1034 skip=0 empty=0 fail=0 processed=1034 elapsed=5654s rate=0.18/s target=6000 remain=4966 eta=27156s
[04:04:46] [progress] new=1035 skip=0 empty=0 fail=0 processed=1035 elapsed=5659s rate=0.18/s target=6000 remain=4965 eta=27147s
[04:04:51] [progress] new=1036 skip=0 empty=0 fail=0 processed=1036 elapsed=5663s rate=0.18/s target=6000 remain=4964 eta=27135s
[04:04:55] [progress] new=1038 skip=0 empty=0 fail=0 processed=1038 elapsed=5668s rate=0.18/s target=6000 remain=4962 eta=27095s
[04:05:00] [progress] new=1039 skip=0 empty=0 fail=0 processed=1039 elapsed=5672s rate=0.18/s target=6000 remain=4961 eta=27083s
[04:05:00]   [2/3] 園田 done new=12 R (total_new=1040)
[04:05:00] [progress] new=1040 skip=0 empty=0 fail=0 processed=1040 elapsed=5672s rate=0.18/s target=6000 remain=4960 eta=27053s
[04:05:05]   [3/3] 高知 10R start
[04:05:30] [progress] new=1041 skip=0 empty=0 fail=0 processed=1041 elapsed=5703s rate=0.18/s target=6000 remain=4959 eta=27166s
[04:05:34] [progress] new=1042 skip=0 empty=0 fail=0 processed=1042 elapsed=5706s rate=0.18/s target=6000 remain=4958 eta=27152s
[04:05:39] [progress] new=1044 skip=0 empty=0 fail=0 processed=1044 elapsed=5712s rate=0.18/s target=6000 remain=4956 eta=27114s
[04:05:43] [progress] new=1045 skip=0 empty=0 fail=0 processed=1045 elapsed=5716s rate=0.18/s target=6000 remain=4955 eta=27102s
[04:05:49] [progress] new=1047 skip=0 empty=0 fail=0 processed=1047 elapsed=5722s rate=0.18/s target=6000 remain=4953 eta=27068s
[04:05:54] [progress] new=1048 skip=0 empty=0 fail=0 processed=1048 elapsed=5726s rate=0.18/s target=6000 remain=4952 eta=27058s
[04:06:01] [progress] new=1050 skip=0 empty=0 fail=0 processed=1050 elapsed=5733s rate=0.18/s target=6000 remain=4950 eta=27028s
[04:06:01]   [3/3] 高知 done new=10 R (total_new=1050)
[04:06:01] [progress] new=1050 skip=0 empty=0 fail=0 processed=1050 elapsed=5733s rate=0.18/s target=6000 remain=4950 eta=27028s
[04:06:01] === day 39/365 2023-02-08 ===
[04:06:02]   venues=3: ['笠松', '園田', '高知']
[04:06:05]   [1/3] 笠松 10R start
[04:06:31] [progress] new=1051 skip=0 empty=0 fail=0 processed=1051 elapsed=5764s rate=0.18/s target=6000 remain=4949 eta=27140s
[04:06:37] [progress] new=1053 skip=0 empty=0 fail=0 processed=1053 elapsed=5769s rate=0.18/s target=6000 remain=4947 eta=27105s
[04:06:42] [progress] new=1055 skip=0 empty=0 fail=0 processed=1055 elapsed=5774s rate=0.18/s target=6000 remain=4945 eta=27066s
[04:06:45] [progress] new=1057 skip=0 empty=0 fail=0 processed=1057 elapsed=5778s rate=0.18/s target=6000 remain=4943 eta=27019s
[04:06:49] [progress] new=1058 skip=0 empty=0 fail=0 processed=1058 elapsed=5781s rate=0.18/s target=6000 remain=4942 eta=27004s
[04:06:52] [progress] new=1060 skip=0 empty=0 fail=0 processed=1060 elapsed=5784s rate=0.18/s target=6000 remain=4940 eta=26957s
[04:06:52]   [1/3] 笠松 done new=10 R (total_new=1060)
[04:06:52] [progress] new=1060 skip=0 empty=0 fail=0 processed=1060 elapsed=5784s rate=0.18/s target=6000 remain=4940 eta=26957s
[04:06:58]   [2/3] 園田 12R start
[04:07:29] [progress] new=1061 skip=0 empty=0 fail=0 processed=1061 elapsed=5822s rate=0.18/s target=6000 remain=4939 eta=27101s
[04:07:36] [progress] new=1063 skip=0 empty=0 fail=0 processed=1063 elapsed=5828s rate=0.18/s target=6000 remain=4937 eta=27068s
[04:07:39] [progress] new=1064 skip=0 empty=0 fail=0 processed=1064 elapsed=5831s rate=0.18/s target=6000 remain=4936 eta=27052s
[04:07:44] [progress] new=1066 skip=0 empty=0 fail=0 processed=1066 elapsed=5837s rate=0.18/s target=6000 remain=4934 eta=27016s
[04:07:50] [progress] new=1068 skip=0 empty=0 fail=0 processed=1068 elapsed=5842s rate=0.18/s target=6000 remain=4932 eta=26979s
[04:07:56] [progress] new=1070 skip=0 empty=0 fail=0 processed=1070 elapsed=5849s rate=0.18/s target=6000 remain=4930 eta=26949s
[04:08:00] [progress] new=1071 skip=0 empty=0 fail=0 processed=1071 elapsed=5853s rate=0.18/s target=6000 remain=4929 eta=26936s
[04:08:03]   [2/3] 園田 done new=12 R (total_new=1072)
[04:08:03] [progress] new=1072 skip=0 empty=0 fail=0 processed=1072 elapsed=5855s rate=0.18/s target=6000 remain=4928 eta=26917s
[04:08:09]   [3/3] 高知 9R start
[04:08:29] [progress] new=1073 skip=0 empty=0 fail=0 processed=1073 elapsed=5881s rate=0.18/s target=6000 remain=4927 eta=27005s
[04:08:33] [progress] new=1074 skip=0 empty=0 fail=0 processed=1074 elapsed=5885s rate=0.18/s target=6000 remain=4926 eta=26993s
[04:08:36] [progress] new=1075 skip=0 empty=0 fail=0 processed=1075 elapsed=5889s rate=0.18/s target=6000 remain=4925 eta=26980s
[04:08:40] [progress] new=1077 skip=0 empty=0 fail=0 processed=1077 elapsed=5893s rate=0.18/s target=6000 remain=4923 eta=26936s
[04:08:44] [progress] new=1078 skip=0 empty=0 fail=0 processed=1078 elapsed=5897s rate=0.18/s target=6000 remain=4922 eta=26923s
[04:08:49] [progress] new=1080 skip=0 empty=0 fail=0 processed=1080 elapsed=5902s rate=0.18/s target=6000 remain=4920 eta=26887s
[04:08:52]   [3/3] 高知 done new=9 R (total_new=1081)
[04:08:52] [progress] new=1081 skip=0 empty=0 fail=0 processed=1081 elapsed=5904s rate=0.18/s target=6000 remain=4919 eta=26867s
[04:08:52] === day 40/365 2023-02-09 ===
[04:08:55]   venues=3: ['笠松', '園田', '川崎']
[04:09:02]   [1/3] 笠松 10R start
[04:09:26] [progress] new=1082 skip=0 empty=0 fail=0 processed=1082 elapsed=5939s rate=0.18/s target=6000 remain=4918 eta=26994s
[04:09:30] [progress] new=1084 skip=0 empty=0 fail=0 processed=1084 elapsed=5943s rate=0.18/s target=6000 remain=4916 eta=26952s
[04:09:34] [progress] new=1086 skip=0 empty=0 fail=0 processed=1086 elapsed=5947s rate=0.18/s target=6000 remain=4914 eta=26909s
[04:09:38] [progress] new=1087 skip=0 empty=0 fail=0 processed=1087 elapsed=5950s rate=0.18/s target=6000 remain=4913 eta=26895s
[04:09:41] [progress] new=1089 skip=0 empty=0 fail=0 processed=1089 elapsed=5953s rate=0.18/s target=6000 remain=4911 eta=26848s
[04:09:46] [progress] new=1091 skip=0 empty=0 fail=0 processed=1091 elapsed=5959s rate=0.18/s target=6000 remain=4909 eta=26813s
[04:09:46]   [1/3] 笠松 done new=10 R (total_new=1091)
[04:09:46] [progress] new=1091 skip=0 empty=0 fail=0 processed=1091 elapsed=5959s rate=0.18/s target=6000 remain=4909 eta=26813s
[04:09:51]   [2/3] 園田 12R start
[04:10:15] [progress] new=1092 skip=0 empty=0 fail=0 processed=1092 elapsed=5987s rate=0.18/s target=6000 remain=4908 eta=26909s
[04:10:22] [progress] new=1093 skip=0 empty=0 fail=0 processed=1093 elapsed=5995s rate=0.18/s target=6000 remain=4907 eta=26913s
[04:10:26] [progress] new=1094 skip=0 empty=0 fail=0 processed=1094 elapsed=5999s rate=0.18/s target=6000 remain=4906 eta=26901s
[04:10:30] [progress] new=1096 skip=0 empty=0 fail=0 processed=1096 elapsed=6003s rate=0.18/s target=6000 remain=4904 eta=26859s
[04:10:37] [progress] new=1098 skip=0 empty=0 fail=0 processed=1098 elapsed=6009s rate=0.18/s target=6000 remain=4902 eta=26829s
[04:10:41] [progress] new=1099 skip=0 empty=0 fail=0 processed=1099 elapsed=6014s rate=0.18/s target=6000 remain=4901 eta=26818s
[04:10:45] [progress] new=1101 skip=0 empty=0 fail=0 processed=1101 elapsed=6017s rate=0.18/s target=6000 remain=4899 eta=26775s
[04:10:53] [progress] new=1103 skip=0 empty=0 fail=0 processed=1103 elapsed=6025s rate=0.18/s target=6000 remain=4897 eta=26750s
[04:10:53]   [2/3] 園田 done new=12 R (total_new=1103)
[04:10:53] [progress] new=1103 skip=0 empty=0 fail=0 processed=1103 elapsed=6025s rate=0.18/s target=6000 remain=4897 eta=26750s
[04:10:57]   [3/3] 川崎 12R start
[04:11:29] [progress] new=1104 skip=0 empty=0 fail=0 processed=1104 elapsed=6062s rate=0.18/s target=6000 remain=4896 eta=26882s
[04:11:36] [progress] new=1106 skip=0 empty=0 fail=0 processed=1106 elapsed=6068s rate=0.18/s target=6000 remain=4894 eta=26851s
[04:11:42] [progress] new=1108 skip=0 empty=0 fail=0 processed=1108 elapsed=6075s rate=0.18/s target=6000 remain=4892 eta=26820s
[04:11:46] [progress] new=1109 skip=0 empty=0 fail=0 processed=1109 elapsed=6079s rate=0.18/s target=6000 remain=4891 eta=26810s
[04:11:50] [progress] new=1110 skip=0 empty=0 fail=0 processed=1110 elapsed=6083s rate=0.18/s target=6000 remain=4890 eta=26797s
[04:11:57] [progress] new=1112 skip=0 empty=0 fail=0 processed=1112 elapsed=6090s rate=0.18/s target=6000 remain=4888 eta=26768s
[04:12:04] [progress] new=1114 skip=0 empty=0 fail=0 processed=1114 elapsed=6096s rate=0.18/s target=6000 remain=4886 eta=26739s
[04:12:07] [progress] new=1115 skip=0 empty=0 fail=0 processed=1115 elapsed=6100s rate=0.18/s target=6000 remain=4885 eta=26725s
[04:12:07]   [3/3] 川崎 done new=12 R (total_new=1115)
[04:12:07] [progress] new=1115 skip=0 empty=0 fail=0 processed=1115 elapsed=6100s rate=0.18/s target=6000 remain=4885 eta=26725s
[04:12:07] === day 41/365 2023-02-10 ===
[04:12:11]   venues=1: ['笠松']
[04:12:14]   [1/1] 笠松 10R start
[04:12:40] [progress] new=1116 skip=0 empty=0 fail=0 processed=1116 elapsed=6132s rate=0.18/s target=6000 remain=4884 eta=26838s
[04:12:44] [progress] new=1118 skip=0 empty=0 fail=0 processed=1118 elapsed=6136s rate=0.18/s target=6000 remain=4882 eta=26795s
[04:12:48] [progress] new=1120 skip=0 empty=0 fail=0 processed=1120 elapsed=6140s rate=0.18/s target=6000 remain=4880 eta=26755s
[04:12:51] [progress] new=1121 skip=0 empty=0 fail=0 processed=1121 elapsed=6144s rate=0.18/s target=6000 remain=4879 eta=26739s
[04:12:55] [progress] new=1123 skip=0 empty=0 fail=0 processed=1123 elapsed=6148s rate=0.18/s target=6000 remain=4877 eta=26700s
[04:13:00] [progress] new=1125 skip=0 empty=0 fail=0 processed=1125 elapsed=6153s rate=0.18/s target=6000 remain=4875 eta=26663s
[04:13:00]   [1/1] 笠松 done new=10 R (total_new=1125)
[04:13:00] [progress] new=1125 skip=0 empty=0 fail=0 processed=1125 elapsed=6153s rate=0.18/s target=6000 remain=4875 eta=26663s
[04:13:00] === day 42/365 2023-02-11 ===
[04:13:03]   venues=2: ['船橋', '川崎']
[04:13:06]   [1/2] 船橋 12R start
[04:13:36] [progress] new=1126 skip=0 empty=0 fail=0 processed=1126 elapsed=6189s rate=0.18/s target=6000 remain=4874 eta=26790s
[04:13:42] [progress] new=1128 skip=0 empty=0 fail=0 processed=1128 elapsed=6194s rate=0.18/s target=6000 remain=4872 eta=26755s
[04:13:47] [progress] new=1130 skip=0 empty=0 fail=0 processed=1130 elapsed=6200s rate=0.18/s target=6000 remain=4870 eta=26719s
[04:13:50] [progress] new=1131 skip=0 empty=0 fail=0 processed=1131 elapsed=6203s rate=0.18/s target=6000 remain=4869 eta=26704s
[04:13:54] [progress] new=1132 skip=0 empty=0 fail=0 processed=1132 elapsed=6207s rate=0.18/s target=6000 remain=4868 eta=26690s
[04:13:59] [progress] new=1134 skip=0 empty=0 fail=0 processed=1134 elapsed=6211s rate=0.18/s target=6000 remain=4866 eta=26653s
[04:14:02] [progress] new=1135 skip=0 empty=0 fail=0 processed=1135 elapsed=6215s rate=0.18/s target=6000 remain=4865 eta=26640s
[04:14:08] [progress] new=1137 skip=0 empty=0 fail=0 processed=1137 elapsed=6221s rate=0.18/s target=6000 remain=4863 eta=26607s
[04:14:08]   [1/2] 船橋 done new=12 R (total_new=1137)
[04:14:08] [progress] new=1137 skip=0 empty=0 fail=0 processed=1137 elapsed=6221s rate=0.18/s target=6000 remain=4863 eta=26607s
[04:14:11]   [2/2] 川崎 11R start
[04:14:39] [progress] new=1138 skip=0 empty=0 fail=0 processed=1138 elapsed=6252s rate=0.18/s target=6000 remain=4862 eta=26710s
[04:14:44] [progress] new=1140 skip=0 empty=0 fail=0 processed=1140 elapsed=6257s rate=0.18/s target=6000 remain=4860 eta=26674s
[04:14:47] [progress] new=1141 skip=0 empty=0 fail=0 processed=1141 elapsed=6260s rate=0.18/s target=6000 remain=4859 eta=26659s
[04:14:53] [progress] new=1143 skip=0 empty=0 fail=0 processed=1143 elapsed=6266s rate=0.18/s target=6000 remain=4857 eta=26625s
[04:14:57] [progress] new=1144 skip=0 empty=0 fail=0 processed=1144 elapsed=6269s rate=0.18/s target=6000 remain=4856 eta=26612s
[04:15:01] [progress] new=1145 skip=0 empty=0 fail=0 processed=1145 elapsed=6274s rate=0.18/s target=6000 remain=4855 eta=26601s
[04:15:05] [progress] new=1146 skip=0 empty=0 fail=0 processed=1146 elapsed=6278s rate=0.18/s target=6000 remain=4854 eta=26589s
[04:15:09] [progress] new=1147 skip=0 empty=0 fail=0 processed=1147 elapsed=6281s rate=0.18/s target=6000 remain=4853 eta=26577s
[04:15:10]   [2/2] 川崎 done new=11 R (total_new=1148)
[04:15:10] [progress] new=1148 skip=0 empty=0 fail=0 processed=1148 elapsed=6283s rate=0.18/s target=6000 remain=4852 eta=26555s
[04:15:10] === day 43/365 2023-02-12 ===
[04:15:13]   venues=3: ['船橋', '高知', '川崎']
[04:15:17]   [1/3] 船橋 12R start
[04:15:47] [progress] new=1149 skip=0 empty=0 fail=0 processed=1149 elapsed=6320s rate=0.18/s target=6000 remain=4851 eta=26681s
[04:15:51] [progress] new=1150 skip=0 empty=0 fail=0 processed=1150 elapsed=6323s rate=0.18/s target=6000 remain=4850 eta=26668s
[04:15:56] [progress] new=1152 skip=0 empty=0 fail=0 processed=1152 elapsed=6329s rate=0.18/s target=6000 remain=4848 eta=26634s
[04:16:00] [progress] new=1153 skip=0 empty=0 fail=0 processed=1153 elapsed=6333s rate=0.18/s target=6000 remain=4847 eta=26622s
[04:16:05] [progress] new=1155 skip=0 empty=0 fail=0 processed=1155 elapsed=6338s rate=0.18/s target=6000 remain=4845 eta=26585s
[04:16:10] [progress] new=1157 skip=0 empty=0 fail=0 processed=1157 elapsed=6342s rate=0.18/s target=6000 remain=4843 eta=26548s
[04:16:13] [progress] new=1158 skip=0 empty=0 fail=0 processed=1158 elapsed=6346s rate=0.18/s target=6000 remain=4842 eta=26535s
[04:16:17] [progress] new=1159 skip=0 empty=0 fail=0 processed=1159 elapsed=6350s rate=0.18/s target=6000 remain=4841 eta=26523s
[04:16:18]   [1/3] 船橋 done new=12 R (total_new=1160)
[04:16:18] [progress] new=1160 skip=0 empty=0 fail=0 processed=1160 elapsed=6351s rate=0.18/s target=6000 remain=4840 eta=26499s
[04:16:23]   [2/3] 高知 9R start
[04:16:47] [progress] new=1161 skip=0 empty=0 fail=0 processed=1161 elapsed=6379s rate=0.18/s target=6000 remain=4839 eta=26589s
[04:16:51] [progress] new=1162 skip=0 empty=0 fail=0 processed=1162 elapsed=6383s rate=0.18/s target=6000 remain=4838 eta=26577s
[04:16:55] [progress] new=1164 skip=0 empty=0 fail=0 processed=1164 elapsed=6388s rate=0.18/s target=6000 remain=4836 eta=26540s
[04:17:01] [progress] new=1166 skip=0 empty=0 fail=0 processed=1166 elapsed=6394s rate=0.18/s target=6000 remain=4834 eta=26506s
[04:17:05] [progress] new=1167 skip=0 empty=0 fail=0 processed=1167 elapsed=6398s rate=0.18/s target=6000 remain=4833 eta=26495s
[04:17:12] [progress] new=1169 skip=0 empty=0 fail=0 processed=1169 elapsed=6405s rate=0.18/s target=6000 remain=4831 eta=26468s
[04:17:12]   [2/3] 高知 done new=9 R (total_new=1169)
[04:17:12] [progress] new=1169 skip=0 empty=0 fail=0 processed=1169 elapsed=6405s rate=0.18/s target=6000 remain=4831 eta=26468s
[04:17:16]   [3/3] 川崎 11R start
[04:17:39] [progress] new=1170 skip=0 empty=0 fail=0 processed=1170 elapsed=6431s rate=0.18/s target=6000 remain=4830 eta=26549s
[04:17:43] [progress] new=1171 skip=0 empty=0 fail=0 processed=1171 elapsed=6436s rate=0.18/s target=6000 remain=4829 eta=26541s
[04:17:48] [progress] new=1173 skip=0 empty=0 fail=0 processed=1173 elapsed=6441s rate=0.18/s target=6000 remain=4827 eta=26505s
[04:17:51] [progress] new=1174 skip=0 empty=0 fail=0 processed=1174 elapsed=6444s rate=0.18/s target=6000 remain=4826 eta=26489s
[04:17:56] [progress] new=1175 skip=0 empty=0 fail=0 processed=1175 elapsed=6449s rate=0.18/s target=6000 remain=4825 eta=26482s
[04:18:00] [progress] new=1176 skip=0 empty=0 fail=0 processed=1176 elapsed=6453s rate=0.18/s target=6000 remain=4824 eta=26470s
[04:18:05] [progress] new=1178 skip=0 empty=0 fail=0 processed=1178 elapsed=6457s rate=0.18/s target=6000 remain=4822 eta=26431s
[04:18:08] [progress] new=1179 skip=0 empty=0 fail=0 processed=1179 elapsed=6461s rate=0.18/s target=6000 remain=4821 eta=26420s
[04:18:11]   [3/3] 川崎 done new=11 R (total_new=1180)
[04:18:11] [progress] new=1180 skip=0 empty=0 fail=0 processed=1180 elapsed=6464s rate=0.18/s target=6000 remain=4820 eta=26404s
[04:18:11] === day 44/365 2023-02-13 ===
[04:18:15]   venues=3: ['船橋', '金沢', '高知']
[04:18:18]   [1/3] 船橋 12R start
[04:18:49] [progress] new=1181 skip=0 empty=0 fail=0 processed=1181 elapsed=6501s rate=0.18/s target=6000 remain=4819 eta=26528s
[04:18:52] [progress] new=1182 skip=0 empty=0 fail=0 processed=1182 elapsed=6505s rate=0.18/s target=6000 remain=4818 eta=26514s
[04:18:57] [progress] new=1184 skip=0 empty=0 fail=0 processed=1184 elapsed=6510s rate=0.18/s target=6000 remain=4816 eta=26479s
[04:19:03] [progress] new=1186 skip=0 empty=0 fail=0 processed=1186 elapsed=6515s rate=0.18/s target=6000 remain=4814 eta=26446s
[04:19:07] [progress] new=1187 skip=0 empty=0 fail=0 processed=1187 elapsed=6520s rate=0.18/s target=6000 remain=4813 eta=26435s
[04:19:12] [progress] new=1189 skip=0 empty=0 fail=0 processed=1189 elapsed=6524s rate=0.18/s target=6000 remain=4811 eta=26399s
[04:19:17] [progress] new=1191 skip=0 empty=0 fail=0 processed=1191 elapsed=6530s rate=0.18/s target=6000 remain=4809 eta=26365s
[04:19:20] [progress] new=1192 skip=0 empty=0 fail=0 processed=1192 elapsed=6533s rate=0.18/s target=6000 remain=4808 eta=26350s
[04:19:20]   [1/3] 船橋 done new=12 R (total_new=1192)
[04:19:20] [progress] new=1192 skip=0 empty=0 fail=0 processed=1192 elapsed=6533s rate=0.18/s target=6000 remain=4808 eta=26350s
[04:19:25]   [2/3] 金沢 11R start
[04:19:52] [progress] new=1193 skip=0 empty=0 fail=0 processed=1193 elapsed=6564s rate=0.18/s target=6000 remain=4807 eta=26449s
[04:19:57] [progress] new=1194 skip=0 empty=0 fail=0 processed=1194 elapsed=6569s rate=0.18/s target=6000 remain=4806 eta=26441s
[04:20:03] [progress] new=1196 skip=0 empty=0 fail=0 processed=1196 elapsed=6576s rate=0.18/s target=6000 remain=4804 eta=26413s
[04:20:08] [progress] new=1198 skip=0 empty=0 fail=0 processed=1198 elapsed=6580s rate=0.18/s target=6000 remain=4802 eta=26376s
[04:20:11] [progress] new=1199 skip=0 empty=0 fail=0 processed=1199 elapsed=6584s rate=0.18/s target=6000 remain=4801 eta=26363s
[04:20:17] [progress] new=1201 skip=0 empty=0 fail=0 processed=1201 elapsed=6590s rate=0.18/s target=6000 remain=4799 eta=26333s
[04:20:22] [progress] new=1203 skip=0 empty=0 fail=0 processed=1203 elapsed=6594s rate=0.18/s target=6000 remain=4797 eta=26295s
[04:20:22]   [2/3] 金沢 done new=11 R (total_new=1203)
[04:20:22] [progress] new=1203 skip=0 empty=0 fail=0 processed=1203 elapsed=6594s rate=0.18/s target=6000 remain=4797 eta=26295s
[04:20:26]   [3/3] 高知 9R start
[04:20:53] [progress] new=1204 skip=0 empty=0 fail=0 processed=1204 elapsed=6625s rate=0.18/s target=6000 remain=4796 eta=26392s
[04:20:59] [progress] new=1206 skip=0 empty=0 fail=0 processed=1206 elapsed=6631s rate=0.18/s target=6000 remain=4794 eta=26360s
[04:21:03] [progress] new=1207 skip=0 empty=0 fail=0 processed=1207 elapsed=6635s rate=0.18/s target=6000 remain=4793 eta=26348s
[04:21:09] [progress] new=1209 skip=0 empty=0 fail=0 processed=1209 elapsed=6642s rate=0.18/s target=6000 remain=4791 eta=26320s
[04:21:13] [progress] new=1211 skip=0 empty=0 fail=0 processed=1211 elapsed=6646s rate=0.18/s target=6000 remain=4789 eta=26282s
[04:21:18] [progress] new=1212 skip=0 empty=0 fail=0 processed=1212 elapsed=6651s rate=0.18/s target=6000 remain=4788 eta=26274s
[04:21:18]   [3/3] 高知 done new=9 R (total_new=1212)
[04:21:18] [progress] new=1212 skip=0 empty=0 fail=0 processed=1212 elapsed=6651s rate=0.18/s target=6000 remain=4788 eta=26274s
[04:21:18] === day 45/365 2023-02-14 ===
[04:21:20]   venues=3: ['金沢', '園田', '高知']
[04:21:23]   [1/3] 金沢 11R start
[04:21:49] [progress] new=1213 skip=0 empty=0 fail=0 processed=1213 elapsed=6682s rate=0.18/s target=6000 remain=4787 eta=26370s
[04:21:55] [progress] new=1215 skip=0 empty=0 fail=0 processed=1215 elapsed=6688s rate=0.18/s target=6000 remain=4785 eta=26338s
[04:21:58] [progress] new=1216 skip=0 empty=0 fail=0 processed=1216 elapsed=6691s rate=0.18/s target=6000 remain=4784 eta=26323s
[04:22:02] [progress] new=1217 skip=0 empty=0 fail=0 processed=1217 elapsed=6695s rate=0.18/s target=6000 remain=4783 eta=26312s
[04:22:07] [progress] new=1218 skip=0 empty=0 fail=0 processed=1218 elapsed=6699s rate=0.18/s target=6000 remain=4782 eta=26301s
[04:22:13] [progress] new=1220 skip=0 empty=0 fail=0 processed=1220 elapsed=6705s rate=0.18/s target=6000 remain=4780 eta=26271s
[04:22:17] [progress] new=1221 skip=0 empty=0 fail=0 processed=1221 elapsed=6709s rate=0.18/s target=6000 remain=4779 eta=26261s
[04:22:20] [progress] new=1222 skip=0 empty=0 fail=0 processed=1222 elapsed=6713s rate=0.18/s target=6000 remain=4778 eta=26246s
[04:22:24] [progress] new=1223 skip=0 empty=0 fail=0 processed=1223 elapsed=6717s rate=0.18/s target=6000 remain=4777 eta=26235s
[04:22:24]   [1/3] 金沢 done new=11 R (total_new=1223)
[04:22:24] [progress] new=1223 skip=0 empty=0 fail=0 processed=1223 elapsed=6717s rate=0.18/s target=6000 remain=4777 eta=26235s
[04:22:27]   [2/3] 園田 12R start
[04:22:57] [progress] new=1224 skip=0 empty=0 fail=0 processed=1224 elapsed=6749s rate=0.18/s target=6000 remain=4776 eta=26335s
[04:23:01] [progress] new=1226 skip=0 empty=0 fail=0 processed=1226 elapsed=6753s rate=0.18/s target=6000 remain=4774 eta=26297s
[04:23:04] [progress] new=1227 skip=0 empty=0 fail=0 processed=1227 elapsed=6757s rate=0.18/s target=6000 remain=4773 eta=26284s
[04:23:08] [progress] new=1228 skip=0 empty=0 fail=0 processed=1228 elapsed=6760s rate=0.18/s target=6000 remain=4772 eta=26270s
[04:23:15] [progress] new=1230 skip=0 empty=0 fail=0 processed=1230 elapsed=6767s rate=0.18/s target=6000 remain=4770 eta=26244s
[04:23:20] [progress] new=1232 skip=0 empty=0 fail=0 processed=1232 elapsed=6773s rate=0.18/s target=6000 remain=4768 eta=26212s
[04:23:28] [progress] new=1234 skip=0 empty=0 fail=0 processed=1234 elapsed=6781s rate=0.18/s target=6000 remain=4766 eta=26188s
[04:23:30]   [2/3] 園田 done new=12 R (total_new=1235)
[04:23:30] [progress] new=1235 skip=0 empty=0 fail=0 processed=1235 elapsed=6783s rate=0.18/s target=6000 remain=4765 eta=26171s
[04:23:34]   [3/3] 高知 9R start
[04:24:02] [progress] new=1236 skip=0 empty=0 fail=0 processed=1236 elapsed=6814s rate=0.18/s target=6000 remain=4764 eta=26265s
[04:24:07] [progress] new=1238 skip=0 empty=0 fail=0 processed=1238 elapsed=6820s rate=0.18/s target=6000 remain=4762 eta=26232s
[04:24:13] [progress] new=1240 skip=0 empty=0 fail=0 processed=1240 elapsed=6826s rate=0.18/s target=6000 remain=4760 eta=26202s
[04:24:17] [progress] new=1241 skip=0 empty=0 fail=0 processed=1241 elapsed=6830s rate=0.18/s target=6000 remain=4759 eta=26191s
[04:24:23] [progress] new=1243 skip=0 empty=0 fail=0 processed=1243 elapsed=6836s rate=0.18/s target=6000 remain=4757 eta=26160s
[04:24:26] [progress] new=1244 skip=0 empty=0 fail=0 processed=1244 elapsed=6839s rate=0.18/s target=6000 remain=4756 eta=26147s
[04:24:26]   [3/3] 高知 done new=9 R (total_new=1244)
[04:24:26] [progress] new=1244 skip=0 empty=0 fail=0 processed=1244 elapsed=6839s rate=0.18/s target=6000 remain=4756 eta=26147s
[04:24:26] === day 46/365 2023-02-15 ===
[04:24:29]   venues=2: ['金沢', '園田']
[04:24:33]   [1/2] 金沢 12R start
[04:25:03] [progress] new=1245 skip=0 empty=0 fail=0 processed=1245 elapsed=6876s rate=0.18/s target=6000 remain=4755 eta=26262s
[04:25:07] [progress] new=1246 skip=0 empty=0 fail=0 processed=1246 elapsed=6880s rate=0.18/s target=6000 remain=4754 eta=26249s
[04:25:14] [progress] new=1248 skip=0 empty=0 fail=0 processed=1248 elapsed=6886s rate=0.18/s target=6000 remain=4752 eta=26221s
[04:25:18] [progress] new=1249 skip=0 empty=0 fail=0 processed=1249 elapsed=6890s rate=0.18/s target=6000 remain=4751 eta=26210s
[04:25:24] [progress] new=1251 skip=0 empty=0 fail=0 processed=1251 elapsed=6896s rate=0.18/s target=6000 remain=4749 eta=26179s
[04:25:27] [progress] new=1252 skip=0 empty=0 fail=0 processed=1252 elapsed=6900s rate=0.18/s target=6000 remain=4748 eta=26166s
[04:25:34] [progress] new=1254 skip=0 empty=0 fail=0 processed=1254 elapsed=6906s rate=0.18/s target=6000 remain=4746 eta=26138s
[04:25:39] [progress] new=1256 skip=0 empty=0 fail=0 processed=1256 elapsed=6912s rate=0.18/s target=6000 remain=4744 eta=26107s
[04:25:39]   [1/2] 金沢 done new=12 R (total_new=1256)
[04:25:39] [progress] new=1256 skip=0 empty=0 fail=0 processed=1256 elapsed=6912s rate=0.18/s target=6000 remain=4744 eta=26107s
[04:25:44]   [2/2] 園田 12R start
[04:26:13] [progress] new=1257 skip=0 empty=0 fail=0 processed=1257 elapsed=6946s rate=0.18/s target=6000 remain=4743 eta=26209s
[04:26:17] [progress] new=1258 skip=0 empty=0 fail=0 processed=1258 elapsed=6950s rate=0.18/s target=6000 remain=4742 eta=26198s
[04:26:25] [progress] new=1260 skip=0 empty=0 fail=0 processed=1260 elapsed=6958s rate=0.18/s target=6000 remain=4740 eta=26175s
[04:26:29] [progress] new=1261 skip=0 empty=0 fail=0 processed=1261 elapsed=6962s rate=0.18/s target=6000 remain=4739 eta=26164s
[04:26:33] [progress] new=1262 skip=0 empty=0 fail=0 processed=1262 elapsed=6966s rate=0.18/s target=6000 remain=4738 eta=26151s
[04:26:37] [progress] new=1263 skip=0 empty=0 fail=0 processed=1263 elapsed=6970s rate=0.18/s target=6000 remain=4737 eta=26141s
[04:26:41] [progress] new=1264 skip=0 empty=0 fail=0 processed=1264 elapsed=6974s rate=0.18/s target=6000 remain=4736 eta=26129s
[04:26:47] [progress] new=1266 skip=0 empty=0 fail=0 processed=1266 elapsed=6980s rate=0.18/s target=6000 remain=4734 eta=26100s
[04:26:52] [progress] new=1268 skip=0 empty=0 fail=0 processed=1268 elapsed=6985s rate=0.18/s target=6000 remain=4732 eta=26067s
[04:26:52]   [2/2] 園田 done new=12 R (total_new=1268)
[04:26:52] [progress] new=1268 skip=0 empty=0 fail=0 processed=1268 elapsed=6985s rate=0.18/s target=6000 remain=4732 eta=26067s
[04:26:52] === day 47/365 2023-02-16 ===
[04:26:53]   venues=2: ['金沢', '園田']
[04:26:57]   [1/2] 金沢 12R start
[04:27:26] [progress] new=1269 skip=0 empty=0 fail=0 processed=1269 elapsed=7019s rate=0.18/s target=6000 remain=4731 eta=26167s
[04:27:32] [progress] new=1271 skip=0 empty=0 fail=0 processed=1271 elapsed=7024s rate=0.18/s target=6000 remain=4729 eta=26136s
[04:27:35] [progress] new=1272 skip=0 empty=0 fail=0 processed=1272 elapsed=7028s rate=0.18/s target=6000 remain=4728 eta=26123s
[04:27:41] [progress] new=1274 skip=0 empty=0 fail=0 processed=1274 elapsed=7033s rate=0.18/s target=6000 remain=4726 eta=26090s
[04:27:47] [progress] new=1276 skip=0 empty=0 fail=0 processed=1276 elapsed=7039s rate=0.18/s target=6000 remain=4724 eta=26060s
[04:27:53] [progress] new=1278 skip=0 empty=0 fail=0 processed=1278 elapsed=7045s rate=0.18/s target=6000 remain=4722 eta=26032s
[04:27:56] [progress] new=1280 skip=0 empty=0 fail=0 processed=1280 elapsed=7049s rate=0.18/s target=6000 remain=4720 eta=25993s
[04:27:56]   [1/2] 金沢 done new=12 R (total_new=1280)
[04:27:56] [progress] new=1280 skip=0 empty=0 fail=0 processed=1280 elapsed=7049s rate=0.18/s target=6000 remain=4720 eta=25993s
[04:28:01]   [2/2] 園田 12R start
[04:28:35] [progress] new=1281 skip=0 empty=0 fail=0 processed=1281 elapsed=7087s rate=0.18/s target=6000 remain=4719 eta=26108s
[04:28:40] [progress] new=1283 skip=0 empty=0 fail=0 processed=1283 elapsed=7092s rate=0.18/s target=6000 remain=4717 eta=26075s
[04:28:43] [progress] new=1284 skip=0 empty=0 fail=0 processed=1284 elapsed=7096s rate=0.18/s target=6000 remain=4716 eta=26062s
[04:28:50] [progress] new=1286 skip=0 empty=0 fail=0 processed=1286 elapsed=7102s rate=0.18/s target=6000 remain=4714 eta=26034s
[04:28:53] [progress] new=1287 skip=0 empty=0 fail=0 processed=1287 elapsed=7106s rate=0.18/s target=6000 remain=4713 eta=26022s
[04:28:58] [progress] new=1289 skip=0 empty=0 fail=0 processed=1289 elapsed=7110s rate=0.18/s target=6000 remain=4711 eta=25986s
[04:29:02] [progress] new=1290 skip=0 empty=0 fail=0 processed=1290 elapsed=7115s rate=0.18/s target=6000 remain=4710 eta=25977s
[04:29:07] [progress] new=1292 skip=0 empty=0 fail=0 processed=1292 elapsed=7120s rate=0.18/s target=6000 remain=4708 eta=25945s
[04:29:07]   [2/2] 園田 done new=12 R (total_new=1292)
[04:29:07] [progress] new=1292 skip=0 empty=0 fail=0 processed=1292 elapsed=7120s rate=0.18/s target=6000 remain=4708 eta=25945s
[04:29:07] === day 48/365 2023-02-17 ===
[04:29:11]   venues=1: ['金沢']
[04:29:16]   [1/1] 金沢 12R start
[04:29:46] [progress] new=1293 skip=0 empty=0 fail=0 processed=1293 elapsed=7159s rate=0.18/s target=6000 remain=4707 eta=26060s
[04:29:52] [progress] new=1295 skip=0 empty=0 fail=0 processed=1295 elapsed=7164s rate=0.18/s target=6000 remain=4705 eta=26029s
[04:29:55] [progress] new=1296 skip=0 empty=0 fail=0 processed=1296 elapsed=7168s rate=0.18/s target=6000 remain=4704 eta=26016s
[04:30:00] [progress] new=1298 skip=0 empty=0 fail=0 processed=1298 elapsed=7173s rate=0.18/s target=6000 remain=4702 eta=25982s
[04:30:06] [progress] new=1300 skip=0 empty=0 fail=0 processed=1300 elapsed=7178s rate=0.18/s target=6000 remain=4700 eta=25952s
[04:30:10] [progress] new=1302 skip=0 empty=0 fail=0 processed=1302 elapsed=7183s rate=0.18/s target=6000 remain=4698 eta=25918s
[04:30:14] [progress] new=1303 skip=0 empty=0 fail=0 processed=1303 elapsed=7187s rate=0.18/s target=6000 remain=4697 eta=25906s
[04:30:16]   [1/1] 金沢 done new=12 R (total_new=1304)
[04:30:16] [progress] new=1304 skip=0 empty=0 fail=0 processed=1304 elapsed=7189s rate=0.18/s target=6000 remain=4696 eta=25888s
[04:30:16] === day 49/365 2023-02-18 ===
[04:30:18]   venues=2: ['船橋', '川崎']
[04:30:23]   [1/2] 船橋 12R start
[04:30:53] [progress] new=1305 skip=0 empty=0 fail=0 processed=1305 elapsed=7226s rate=0.18/s target=6000 remain=4695 eta=25996s
[04:30:57] [progress] new=1306 skip=0 empty=0 fail=0 processed=1306 elapsed=7230s rate=0.18/s target=6000 remain=4694 eta=25984s
[04:31:03] [progress] new=1308 skip=0 empty=0 fail=0 processed=1308 elapsed=7235s rate=0.18/s target=6000 remain=4692 eta=25954s
[04:31:08] [progress] new=1310 skip=0 empty=0 fail=0 processed=1310 elapsed=7241s rate=0.18/s target=6000 remain=4690 eta=25924s
[04:31:15] [progress] new=1312 skip=0 empty=0 fail=0 processed=1312 elapsed=7248s rate=0.18/s target=6000 remain=4688 eta=25897s
[04:31:19] [progress] new=1313 skip=0 empty=0 fail=0 processed=1313 elapsed=7251s rate=0.18/s target=6000 remain=4687 eta=25885s
[04:31:24] [progress] new=1315 skip=0 empty=0 fail=0 processed=1315 elapsed=7256s rate=0.18/s target=6000 remain=4685 eta=25852s
[04:31:28] [progress] new=1316 skip=0 empty=0 fail=0 processed=1316 elapsed=7260s rate=0.18/s target=6000 remain=4684 eta=25841s
[04:31:28]   [1/2] 船橋 done new=12 R (total_new=1316)
[04:31:28] [progress] new=1316 skip=0 empty=0 fail=0 processed=1316 elapsed=7260s rate=0.18/s target=6000 remain=4684 eta=25841s
[04:31:34]   [2/2] 川崎 12R start
[04:32:04] [progress] new=1317 skip=0 empty=0 fail=0 processed=1317 elapsed=7296s rate=0.18/s target=6000 remain=4683 eta=25944s
[04:32:08] [progress] new=1319 skip=0 empty=0 fail=0 processed=1319 elapsed=7301s rate=0.18/s target=6000 remain=4681 eta=25909s
[04:32:12] [progress] new=1320 skip=0 empty=0 fail=0 processed=1320 elapsed=7304s rate=0.18/s target=6000 remain=4680 eta=25897s
[04:32:18] [progress] new=1322 skip=0 empty=0 fail=0 processed=1322 elapsed=7311s rate=0.18/s target=6000 remain=4678 eta=25869s
[04:32:22] [progress] new=1323 skip=0 empty=0 fail=0 processed=1323 elapsed=7315s rate=0.18/s target=6000 remain=4677 eta=25858s
[04:32:26] [progress] new=1324 skip=0 empty=0 fail=0 processed=1324 elapsed=7318s rate=0.18/s target=6000 remain=4676 eta=25847s
[04:32:31] [progress] new=1326 skip=0 empty=0 fail=0 processed=1326 elapsed=7324s rate=0.18/s target=6000 remain=4674 eta=25815s
[04:32:36] [progress] new=1327 skip=0 empty=0 fail=0 processed=1327 elapsed=7329s rate=0.18/s target=6000 remain=4673 eta=25808s
[04:32:40] [progress] new=1328 skip=0 empty=0 fail=0 processed=1328 elapsed=7333s rate=0.18/s target=6000 remain=4672 eta=25797s
[04:32:40]   [2/2] 川崎 done new=12 R (total_new=1328)
[04:32:40] [progress] new=1328 skip=0 empty=0 fail=0 processed=1328 elapsed=7333s rate=0.18/s target=6000 remain=4672 eta=25797s
[04:32:40] === day 50/365 2023-02-19 ===
[04:32:41]   venues=3: ['船橋', '高知', '川崎']
[04:32:47]   [1/3] 船橋 12R start
[04:33:15] [progress] new=1329 skip=0 empty=0 fail=0 processed=1329 elapsed=7367s rate=0.18/s target=6000 remain=4671 eta=25893s
[04:33:19] [progress] new=1331 skip=0 empty=0 fail=0 processed=1331 elapsed=7371s rate=0.18/s target=6000 remain=4669 eta=25857s
[04:33:22] [progress] new=1332 skip=0 empty=0 fail=0 processed=1332 elapsed=7375s rate=0.18/s target=6000 remain=4668 eta=25846s
[04:33:27] [progress] new=1334 skip=0 empty=0 fail=0 processed=1334 elapsed=7380s rate=0.18/s target=6000 remain=4666 eta=25813s
[04:33:32] [progress] new=1336 skip=0 empty=0 fail=0 processed=1336 elapsed=7385s rate=0.18/s target=6000 remain=4664 eta=25781s
[04:33:39] [progress] new=1339 skip=0 empty=0 fail=0 processed=1339 elapsed=7392s rate=0.18/s target=6000 remain=4661 eta=25731s
[04:33:41]   [1/3] 船橋 done new=12 R (total_new=1340)
[04:33:41] [progress] new=1340 skip=0 empty=0 fail=0 processed=1340 elapsed=7394s rate=0.18/s target=6000 remain=4660 eta=25713s
[04:33:47]   [2/3] 高知 10R start
[04:34:08] [progress] new=1341 skip=0 empty=0 fail=0 processed=1341 elapsed=7421s rate=0.18/s target=6000 remain=4659 eta=25781s
[04:34:12] [progress] new=1342 skip=0 empty=0 fail=0 processed=1342 elapsed=7424s rate=0.18/s target=6000 remain=4658 eta=25769s
[04:34:17] [progress] new=1344 skip=0 empty=0 fail=0 processed=1344 elapsed=7429s rate=0.18/s target=6000 remain=4656 eta=25737s
[04:34:20] [progress] new=1345 skip=0 empty=0 fail=0 processed=1345 elapsed=7433s rate=0.18/s target=6000 remain=4655 eta=25725s
[04:34:25] [progress] new=1347 skip=0 empty=0 fail=0 processed=1347 elapsed=7438s rate=0.18/s target=6000 remain=4653 eta=25693s
[04:34:29] [progress] new=1348 skip=0 empty=0 fail=0 processed=1348 elapsed=7441s rate=0.18/s target=6000 remain=4652 eta=25680s
[04:34:32] [progress] new=1349 skip=0 empty=0 fail=0 processed=1349 elapsed=7445s rate=0.18/s target=6000 remain=4651 eta=25668s
[04:34:36] [progress] new=1350 skip=0 empty=0 fail=0 processed=1350 elapsed=7449s rate=0.18/s target=6000 remain=4650 eta=25657s
[04:34:36]   [2/3] 高知 done new=10 R (total_new=1350)
[04:34:36] [progress] new=1350 skip=0 empty=0 fail=0 processed=1350 elapsed=7449s rate=0.18/s target=6000 remain=4650 eta=25657s
[04:34:40]   [3/3] 川崎 11R start
[04:35:08] [progress] new=1351 skip=0 empty=0 fail=0 processed=1351 elapsed=7480s rate=0.18/s target=6000 remain=4649 eta=25741s
[04:35:13] [progress] new=1353 skip=0 empty=0 fail=0 processed=1353 elapsed=7486s rate=0.18/s target=6000 remain=4647 eta=25710s
[04:35:18] [progress] new=1354 skip=0 empty=0 fail=0 processed=1354 elapsed=7490s rate=0.18/s target=6000 remain=4646 eta=25701s
[04:35:21] [progress] new=1355 skip=0 empty=0 fail=0 processed=1355 elapsed=7494s rate=0.18/s target=6000 remain=4645 eta=25690s
[04:35:27] [progress] new=1357 skip=0 empty=0 fail=0 processed=1357 elapsed=7499s rate=0.18/s target=6000 remain=4643 eta=25659s
[04:35:30] [progress] new=1358 skip=0 empty=0 fail=0 processed=1358 elapsed=7503s rate=0.18/s target=6000 remain=4642 eta=25647s
[04:35:34] [progress] new=1359 skip=0 empty=0 fail=0 processed=1359 elapsed=7506s rate=0.18/s target=6000 remain=4641 eta=25634s
[04:35:37] [progress] new=1361 skip=0 empty=0 fail=0 processed=1361 elapsed=7510s rate=0.18/s target=6000 remain=4639 eta=25596s
[04:35:37]   [3/3] 川崎 done new=11 R (total_new=1361)
[04:35:37] [progress] new=1361 skip=0 empty=0 fail=0 processed=1361 elapsed=7510s rate=0.18/s target=6000 remain=4639 eta=25596s
[04:35:37] === day 51/365 2023-02-20 ===
[04:35:38]   venues=2: ['船橋', '笠松']
[04:35:43]   [1/2] 船橋 12R start
[04:36:08] [progress] new=1362 skip=0 empty=0 fail=0 processed=1362 elapsed=7541s rate=0.18/s target=6000 remain=4638 eta=25678s
[04:36:13] [progress] new=1364 skip=0 empty=0 fail=0 processed=1364 elapsed=7546s rate=0.18/s target=6000 remain=4636 eta=25646s
[04:36:19] [progress] new=1366 skip=0 empty=0 fail=0 processed=1366 elapsed=7551s rate=0.18/s target=6000 remain=4634 eta=25617s
[04:36:23] [progress] new=1368 skip=0 empty=0 fail=0 processed=1368 elapsed=7556s rate=0.18/s target=6000 remain=4632 eta=25583s
[04:36:26] [progress] new=1369 skip=0 empty=0 fail=0 processed=1369 elapsed=7559s rate=0.18/s target=6000 remain=4631 eta=25570s
[04:36:31] [progress] new=1371 skip=0 empty=0 fail=0 processed=1371 elapsed=7564s rate=0.18/s target=6000 remain=4629 eta=25538s
[04:36:35] [progress] new=1372 skip=0 empty=0 fail=0 processed=1372 elapsed=7567s rate=0.18/s target=6000 remain=4628 eta=25526s
[04:36:38]   [1/2] 船橋 done new=12 R (total_new=1373)
[04:36:38] [progress] new=1373 skip=0 empty=0 fail=0 processed=1373 elapsed=7570s rate=0.18/s target=6000 remain=4627 eta=25511s
[04:36:41]   [2/2] 笠松 9R start
[04:37:02] [progress] new=1374 skip=0 empty=0 fail=0 processed=1374 elapsed=7594s rate=0.18/s target=6000 remain=4626 eta=25568s
[04:37:05] [progress] new=1376 skip=0 empty=0 fail=0 processed=1376 elapsed=7598s rate=0.18/s target=6000 remain=4624 eta=25532s
[04:37:11] [progress] new=1378 skip=0 empty=0 fail=0 processed=1378 elapsed=7603s rate=0.18/s target=6000 remain=4622 eta=25502s
[04:37:15] [progress] new=1380 skip=0 empty=0 fail=0 processed=1380 elapsed=7607s rate=0.18/s target=6000 remain=4620 eta=25468s
[04:37:18]   [2/2] 笠松 done new=9 R (total_new=1382)
[04:37:18] [progress] new=1382 skip=0 empty=0 fail=0 processed=1382 elapsed=7610s rate=0.18/s target=6000 remain=4618 eta=25430s
[04:37:18] === day 52/365 2023-02-21 ===
[04:37:19]   venues=3: ['笠松', '園田', '高知']
[04:37:22]   [1/3] 笠松 9R start
[04:37:43] [progress] new=1383 skip=0 empty=0 fail=0 processed=1383 elapsed=7636s rate=0.18/s target=6000 remain=4617 eta=25492s
[04:37:47] [progress] new=1385 skip=0 empty=0 fail=0 processed=1385 elapsed=7640s rate=0.18/s target=6000 remain=4615 eta=25456s
[04:37:52] [progress] new=1387 skip=0 empty=0 fail=0 processed=1387 elapsed=7645s rate=0.18/s target=6000 remain=4613 eta=25425s
[04:37:56] [progress] new=1389 skip=0 empty=0 fail=0 processed=1389 elapsed=7648s rate=0.18/s target=6000 remain=4611 eta=25390s
[04:38:02] [progress] new=1391 skip=0 empty=0 fail=0 processed=1391 elapsed=7654s rate=0.18/s target=6000 remain=4609 eta=25362s
[04:38:02]   [1/3] 笠松 done new=9 R (total_new=1391)
[04:38:02] [progress] new=1391 skip=0 empty=0 fail=0 processed=1391 elapsed=7654s rate=0.18/s target=6000 remain=4609 eta=25362s
[04:38:07]   [2/3] 園田 12R start
[04:38:33] [progress] new=1392 skip=0 empty=0 fail=0 processed=1392 elapsed=7686s rate=0.18/s target=6000 remain=4608 eta=25443s
[04:38:37] [progress] new=1393 skip=0 empty=0 fail=0 processed=1393 elapsed=7690s rate=0.18/s target=6000 remain=4607 eta=25432s
[04:38:41] [progress] new=1395 skip=0 empty=0 fail=0 processed=1395 elapsed=7694s rate=0.18/s target=6000 remain=4605 eta=25398s
[04:38:45] [progress] new=1396 skip=0 empty=0 fail=0 processed=1396 elapsed=7698s rate=0.18/s target=6000 remain=4604 eta=25387s
[04:38:51] [progress] new=1398 skip=0 empty=0 fail=0 processed=1398 elapsed=7703s rate=0.18/s target=6000 remain=4602 eta=25359s
[04:38:55] [progress] new=1399 skip=0 empty=0 fail=0 processed=1399 elapsed=7707s rate=0.18/s target=6000 remain=4601 eta=25347s
[04:38:58] [progress] new=1400 skip=0 empty=0 fail=0 processed=1400 elapsed=7710s rate=0.18/s target=6000 remain=4600 eta=25334s
[04:39:02] [progress] new=1401 skip=0 empty=0 fail=0 processed=1401 elapsed=7714s rate=0.18/s target=6000 remain=4599 eta=25323s
[04:39:08] [progress] new=1403 skip=0 empty=0 fail=0 processed=1403 elapsed=7720s rate=0.18/s target=6000 remain=4597 eta=25296s
[04:39:08]   [2/3] 園田 done new=12 R (total_new=1403)
[04:39:08] [progress] new=1403 skip=0 empty=0 fail=0 processed=1403 elapsed=7720s rate=0.18/s target=6000 remain=4597 eta=25296s
[04:39:13]   [3/3] 高知 9R start
[04:39:35] [progress] new=1404 skip=0 empty=0 fail=0 processed=1404 elapsed=7747s rate=0.18/s target=6000 remain=4596 eta=25360s
[04:39:39] [progress] new=1405 skip=0 empty=0 fail=0 processed=1405 elapsed=7752s rate=0.18/s target=6000 remain=4595 eta=25352s
[04:39:44] [progress] new=1407 skip=0 empty=0 fail=0 processed=1407 elapsed=7757s rate=0.18/s target=6000 remain=4593 eta=25321s
[04:39:50] [progress] new=1409 skip=0 empty=0 fail=0 processed=1409 elapsed=7763s rate=0.18/s target=6000 remain=4591 eta=25294s
[04:39:57] [progress] new=1411 skip=0 empty=0 fail=0 processed=1411 elapsed=7769s rate=0.18/s target=6000 remain=4589 eta=25269s
[04:40:00] [progress] new=1412 skip=0 empty=0 fail=0 processed=1412 elapsed=7773s rate=0.18/s target=6000 remain=4588 eta=25257s
[04:40:00]   [3/3] 高知 done new=9 R (total_new=1412)
[04:40:00] [progress] new=1412 skip=0 empty=0 fail=0 processed=1412 elapsed=7773s rate=0.18/s target=6000 remain=4588 eta=25257s
[04:40:00] === day 53/365 2023-02-22 ===
[04:40:02]   venues=3: ['笠松', '園田', '高知']
[04:40:08]   [1/3] 笠松 10R start
[04:40:31] [progress] new=1413 skip=0 empty=0 fail=0 processed=1413 elapsed=7803s rate=0.18/s target=6000 remain=4587 eta=25332s
[04:40:35] [progress] new=1414 skip=0 empty=0 fail=0 processed=1414 elapsed=7807s rate=0.18/s target=6000 remain=4586 eta=25322s
[04:40:40] [progress] new=1416 skip=0 empty=0 fail=0 processed=1416 elapsed=7813s rate=0.18/s target=6000 remain=4584 eta=25292s
[04:40:44] [progress] new=1417 skip=0 empty=0 fail=0 processed=1417 elapsed=7816s rate=0.18/s target=6000 remain=4583 eta=25280s
[04:40:48] [progress] new=1419 skip=0 empty=0 fail=0 processed=1419 elapsed=7821s rate=0.18/s target=6000 remain=4581 eta=25248s
[04:40:53] [progress] new=1421 skip=0 empty=0 fail=0 processed=1421 elapsed=7826s rate=0.18/s target=6000 remain=4579 eta=25219s
[04:40:56]   [1/3] 笠松 done new=10 R (total_new=1422)
[04:40:56] [progress] new=1422 skip=0 empty=0 fail=0 processed=1422 elapsed=7828s rate=0.18/s target=6000 remain=4578 eta=25203s
[04:40:59]   [2/3] 園田 12R start
[04:41:25] [progress] new=1423 skip=0 empty=0 fail=0 processed=1423 elapsed=7857s rate=0.18/s target=6000 remain=4577 eta=25272s
[04:41:30] [progress] new=1425 skip=0 empty=0 fail=0 processed=1425 elapsed=7863s rate=0.18/s target=6000 remain=4575 eta=25243s
[04:41:36] [progress] new=1427 skip=0 empty=0 fail=0 processed=1427 elapsed=7869s rate=0.18/s target=6000 remain=4573 eta=25216s
[04:41:41] [progress] new=1428 skip=0 empty=0 fail=0 processed=1428 elapsed=7873s rate=0.18/s target=6000 remain=4572 eta=25207s
[04:41:46] [progress] new=1430 skip=0 empty=0 fail=0 processed=1430 elapsed=7879s rate=0.18/s target=6000 remain=4570 eta=25180s
[04:41:50] [progress] new=1431 skip=0 empty=0 fail=0 processed=1431 elapsed=7882s rate=0.18/s target=6000 remain=4569 eta=25167s
[04:41:57] [progress] new=1433 skip=0 empty=0 fail=0 processed=1433 elapsed=7890s rate=0.18/s target=6000 remain=4567 eta=25144s
[04:42:00] [progress] new=1434 skip=0 empty=0 fail=0 processed=1434 elapsed=7893s rate=0.18/s target=6000 remain=4566 eta=25131s
[04:42:00]   [2/3] 園田 done new=12 R (total_new=1434)
[04:42:00] [progress] new=1434 skip=0 empty=0 fail=0 processed=1434 elapsed=7893s rate=0.18/s target=6000 remain=4566 eta=25131s
[04:42:04]   [3/3] 高知 9R start
[04:42:27] [progress] new=1435 skip=0 empty=0 fail=0 processed=1435 elapsed=7920s rate=0.18/s target=6000 remain=4565 eta=25195s
[04:42:32] [progress] new=1437 skip=0 empty=0 fail=0 processed=1437 elapsed=7924s rate=0.18/s target=6000 remain=4563 eta=25162s
[04:42:35] [progress] new=1438 skip=0 empty=0 fail=0 processed=1438 elapsed=7928s rate=0.18/s target=6000 remain=4562 eta=25152s
[04:42:41] [progress] new=1440 skip=0 empty=0 fail=0 processed=1440 elapsed=7933s rate=0.18/s target=6000 remain=4560 eta=25122s
[04:42:47] [progress] new=1442 skip=0 empty=0 fail=0 processed=1442 elapsed=7939s rate=0.18/s target=6000 remain=4558 eta=25096s
[04:42:50] [progress] new=1443 skip=0 empty=0 fail=0 processed=1443 elapsed=7943s rate=0.18/s target=6000 remain=4557 eta=25084s
[04:42:50]   [3/3] 高知 done new=9 R (total_new=1443)
[04:42:50] [progress] new=1443 skip=0 empty=0 fail=0 processed=1443 elapsed=7943s rate=0.18/s target=6000 remain=4557 eta=25084s
[04:42:50] === day 54/365 2023-02-23 ===
[04:42:54]   venues=3: ['笠松', '園田', '川崎']
[04:43:00]   [1/3] 笠松 10R start
[04:43:22] [progress] new=1444 skip=0 empty=0 fail=0 processed=1444 elapsed=7975s rate=0.18/s target=6000 remain=4556 eta=25161s
[04:43:27] [progress] new=1446 skip=0 empty=0 fail=0 processed=1446 elapsed=7979s rate=0.18/s target=6000 remain=4554 eta=25129s
[04:43:32] [progress] new=1448 skip=0 empty=0 fail=0 processed=1448 elapsed=7984s rate=0.18/s target=6000 remain=4552 eta=25100s
[04:43:37] [progress] new=1450 skip=0 empty=0 fail=0 processed=1450 elapsed=7990s rate=0.18/s target=6000 remain=4550 eta=25071s
[04:43:42] [progress] new=1452 skip=0 empty=0 fail=0 processed=1452 elapsed=7995s rate=0.18/s target=6000 remain=4548 eta=25042s
[04:43:45]   [1/3] 笠松 done new=10 R (total_new=1453)
[04:43:45] [progress] new=1453 skip=0 empty=0 fail=0 processed=1453 elapsed=7997s rate=0.18/s target=6000 remain=4547 eta=25026s
[04:43:49]   [2/3] 園田 12R start
[04:44:15] [progress] new=1454 skip=0 empty=0 fail=0 processed=1454 elapsed=8027s rate=0.18/s target=6000 remain=4546 eta=25098s
[04:44:19] [progress] new=1455 skip=0 empty=0 fail=0 processed=1455 elapsed=8032s rate=0.18/s target=6000 remain=4545 eta=25089s
[04:44:23] [progress] new=1457 skip=0 empty=0 fail=0 processed=1457 elapsed=8036s rate=0.18/s target=6000 remain=4543 eta=25057s
[04:44:27] [progress] new=1458 skip=0 empty=0 fail=0 processed=1458 elapsed=8039s rate=0.18/s target=6000 remain=4542 eta=25044s
[04:44:31] [progress] new=1459 skip=0 empty=0 fail=0 processed=1459 elapsed=8043s rate=0.18/s target=6000 remain=4541 eta=25034s
[04:44:38] [progress] new=1461 skip=0 empty=0 fail=0 processed=1461 elapsed=8050s rate=0.18/s target=6000 remain=4539 eta=25011s
[04:44:42] [progress] new=1463 skip=0 empty=0 fail=0 processed=1463 elapsed=8055s rate=0.18/s target=6000 remain=4537 eta=24979s
[04:44:46] [progress] new=1464 skip=0 empty=0 fail=0 processed=1464 elapsed=8059s rate=0.18/s target=6000 remain=4536 eta=24970s
[04:44:51] [progress] new=1465 skip=0 empty=0 fail=0 processed=1465 elapsed=8063s rate=0.18/s target=6000 remain=4535 eta=24960s
[04:44:51]   [2/3] 園田 done new=12 R (total_new=1465)
[04:44:51] [progress] new=1465 skip=0 empty=0 fail=0 processed=1465 elapsed=8063s rate=0.18/s target=6000 remain=4535 eta=24960s
[04:44:57]   [3/3] 川崎 12R start
[04:45:30] [progress] new=1466 skip=0 empty=0 fail=0 processed=1466 elapsed=8103s rate=0.18/s target=6000 remain=4534 eta=25060s
[04:45:37] [progress] new=1468 skip=0 empty=0 fail=0 processed=1468 elapsed=8109s rate=0.18/s target=6000 remain=4532 eta=25035s
[04:45:42] [progress] new=1470 skip=0 empty=0 fail=0 processed=1470 elapsed=8115s rate=0.18/s target=6000 remain=4530 eta=25007s
[04:45:46] [progress] new=1471 skip=0 empty=0 fail=0 processed=1471 elapsed=8119s rate=0.18/s target=6000 remain=4529 eta=24996s
[04:45:50] [progress] new=1472 skip=0 empty=0 fail=0 processed=1472 elapsed=8123s rate=0.18/s target=6000 remain=4528 eta=24986s
[04:45:54] [progress] new=1473 skip=0 empty=0 fail=0 processed=1473 elapsed=8127s rate=0.18/s target=6000 remain=4527 eta=24976s
[04:45:58] [progress] new=1474 skip=0 empty=0 fail=0 processed=1474 elapsed=8131s rate=0.18/s target=6000 remain=4526 eta=24967s
[04:46:04] [progress] new=1476 skip=0 empty=0 fail=0 processed=1476 elapsed=8136s rate=0.18/s target=6000 remain=4524 eta=24938s
[04:46:06]   [3/3] 川崎 done new=12 R (total_new=1477)
[04:46:06] [progress] new=1477 skip=0 empty=0 fail=0 processed=1477 elapsed=8139s rate=0.18/s target=6000 remain=4523 eta=24923s
[04:46:06] === day 55/365 2023-02-24 ===
[04:46:08]   venues=1: ['笠松']
[04:46:13]   [1/1] 笠松 10R start
[04:46:39] [progress] new=1478 skip=0 empty=0 fail=0 processed=1478 elapsed=8172s rate=0.18/s target=6000 remain=4522 eta=25003s
[04:46:44] [progress] new=1480 skip=0 empty=0 fail=0 processed=1480 elapsed=8176s rate=0.18/s target=6000 remain=4520 eta=24970s
[04:46:49] [progress] new=1482 skip=0 empty=0 fail=0 processed=1482 elapsed=8182s rate=0.18/s target=6000 remain=4518 eta=24943s
[04:46:54] [progress] new=1484 skip=0 empty=0 fail=0 processed=1484 elapsed=8187s rate=0.18/s target=6000 remain=4516 eta=24914s
[04:46:58] [progress] new=1485 skip=0 empty=0 fail=0 processed=1485 elapsed=8191s rate=0.18/s target=6000 remain=4515 eta=24903s
[04:47:02] [progress] new=1486 skip=0 empty=0 fail=0 processed=1486 elapsed=8194s rate=0.18/s target=6000 remain=4514 eta=24892s
[04:47:04]   [1/1] 笠松 done new=10 R (total_new=1487)
[04:47:04] [progress] new=1487 skip=0 empty=0 fail=0 processed=1487 elapsed=8197s rate=0.18/s target=6000 remain=4513 eta=24878s
[04:47:04] === day 56/365 2023-02-25 ===
[04:47:06]   venues=2: ['船橋', '川崎']
[04:47:11]   [1/2] 船橋 12R start
[04:47:35] [progress] new=1488 skip=0 empty=0 fail=0 processed=1488 elapsed=8228s rate=0.18/s target=6000 remain=4512 eta=24949s
[04:47:40] [progress] new=1489 skip=0 empty=0 fail=0 processed=1489 elapsed=8233s rate=0.18/s target=6000 remain=4511 eta=24942s
[04:47:47] [progress] new=1490 skip=0 empty=0 fail=0 processed=1490 elapsed=8240s rate=0.18/s target=6000 remain=4510 eta=24941s
[04:47:53] [progress] new=1492 skip=0 empty=0 fail=0 processed=1492 elapsed=8246s rate=0.18/s target=6000 remain=4508 eta=24915s
[04:47:59] [progress] new=1494 skip=0 empty=0 fail=0 processed=1494 elapsed=8251s rate=0.18/s target=6000 remain=4506 eta=24887s
[04:48:03] [progress] new=1495 skip=0 empty=0 fail=0 processed=1495 elapsed=8255s rate=0.18/s target=6000 remain=4505 eta=24876s
[04:48:07] [progress] new=1497 skip=0 empty=0 fail=0 processed=1497 elapsed=8259s rate=0.18/s target=6000 remain=4503 eta=24844s
[04:48:10] [progress] new=1498 skip=0 empty=0 fail=0 processed=1498 elapsed=8263s rate=0.18/s target=6000 remain=4502 eta=24833s
[04:48:13] [progress] new=1499 skip=0 empty=0 fail=0 processed=1499 elapsed=8266s rate=0.18/s target=6000 remain=4501 eta=24820s
[04:48:13]   [1/2] 船橋 done new=12 R (total_new=1499)
[04:48:13] [progress] new=1499 skip=0 empty=0 fail=0 processed=1499 elapsed=8266s rate=0.18/s target=6000 remain=4501 eta=24820s
[04:48:16]   [2/2] 川崎 11R start
[04:48:46] [progress] new=1500 skip=0 empty=0 fail=0 processed=1500 elapsed=8298s rate=0.18/s target=6000 remain=4500 eta=24895s
[04:48:50] [progress] new=1501 skip=0 empty=0 fail=0 processed=1501 elapsed=8302s rate=0.18/s target=6000 remain=4499 eta=24885s
[04:48:55] [progress] new=1503 skip=0 empty=0 fail=0 processed=1503 elapsed=8308s rate=0.18/s target=6000 remain=4497 eta=24857s
[04:48:59] [progress] new=1504 skip=0 empty=0 fail=0 processed=1504 elapsed=8312s rate=0.18/s target=6000 remain=4496 eta=24847s
[04:49:07] [progress] new=1506 skip=0 empty=0 fail=0 processed=1506 elapsed=8319s rate=0.18/s target=6000 remain=4494 eta=24825s
[04:49:11] [progress] new=1508 skip=0 empty=0 fail=0 processed=1508 elapsed=8324s rate=0.18/s target=6000 remain=4492 eta=24794s
[04:49:15] [progress] new=1509 skip=0 empty=0 fail=0 processed=1509 elapsed=8327s rate=0.18/s target=6000 remain=4491 eta=24784s
[04:49:18]   [2/2] 川崎 done new=11 R (total_new=1510)
[04:49:18] [progress] new=1510 skip=0 empty=0 fail=0 processed=1510 elapsed=8330s rate=0.18/s target=6000 remain=4490 eta=24770s
[04:49:18] === day 57/365 2023-02-26 ===
[04:49:19]   venues=3: ['船橋', '高知', '川崎']
[04:49:23]   [1/3] 船橋 12R start
[04:49:52] [progress] new=1511 skip=0 empty=0 fail=0 processed=1511 elapsed=8365s rate=0.18/s target=6000 remain=4489 eta=24851s
[04:49:58] [progress] new=1513 skip=0 empty=0 fail=0 processed=1513 elapsed=8371s rate=0.18/s target=6000 remain=4487 eta=24825s
[04:50:02] [progress] new=1514 skip=0 empty=0 fail=0 processed=1514 elapsed=8374s rate=0.18/s target=6000 remain=4486 eta=24813s
[04:50:07] [progress] new=1516 skip=0 empty=0 fail=0 processed=1516 elapsed=8380s rate=0.18/s target=6000 remain=4484 eta=24786s
[04:50:11] [progress] new=1517 skip=0 empty=0 fail=0 processed=1517 elapsed=8383s rate=0.18/s target=6000 remain=4483 eta=24774s
[04:50:16] [progress] new=1519 skip=0 empty=0 fail=0 processed=1519 elapsed=8389s rate=0.18/s target=6000 remain=4481 eta=24747s
[04:50:22] [progress] new=1521 skip=0 empty=0 fail=0 processed=1521 elapsed=8395s rate=0.18/s target=6000 remain=4479 eta=24720s
[04:50:26] [progress] new=1522 skip=0 empty=0 fail=0 processed=1522 elapsed=8398s rate=0.18/s target=6000 remain=4478 eta=24709s
[04:50:26]   [1/3] 船橋 done new=12 R (total_new=1522)
[04:50:26] [progress] new=1522 skip=0 empty=0 fail=0 processed=1522 elapsed=8398s rate=0.18/s target=6000 remain=4478 eta=24709s
[04:50:31]   [2/3] 高知 10R start
[04:50:58] [progress] new=1523 skip=0 empty=0 fail=0 processed=1523 elapsed=8431s rate=0.18/s target=6000 remain=4477 eta=24784s
[04:51:05] [progress] new=1525 skip=0 empty=0 fail=0 processed=1525 elapsed=8437s rate=0.18/s target=6000 remain=4475 eta=24759s
[04:51:09] [progress] new=1527 skip=0 empty=0 fail=0 processed=1527 elapsed=8442s rate=0.18/s target=6000 remain=4473 eta=24729s
[04:51:15] [progress] new=1529 skip=0 empty=0 fail=0 processed=1529 elapsed=8447s rate=0.18/s target=6000 remain=4471 eta=24701s
[04:51:27] [progress] new=1531 skip=0 empty=0 fail=0 processed=1531 elapsed=8460s rate=0.18/s target=6000 remain=4469 eta=24694s
[04:51:32] [progress] new=1532 skip=0 empty=0 fail=0 processed=1532 elapsed=8465s rate=0.18/s target=6000 remain=4468 eta=24688s
[04:51:32]   [2/3] 高知 done new=10 R (total_new=1532)
[04:51:32] [progress] new=1532 skip=0 empty=0 fail=0 processed=1532 elapsed=8465s rate=0.18/s target=6000 remain=4468 eta=24688s
[04:51:37]   [3/3] 川崎 11R start
[04:52:21] [progress] new=1533 skip=0 empty=0 fail=0 processed=1533 elapsed=8513s rate=0.18/s target=6000 remain=4467 eta=24807s
[04:52:27] [progress] new=1535 skip=0 empty=0 fail=0 processed=1535 elapsed=8520s rate=0.18/s target=6000 remain=4465 eta=24782s
[04:52:33] [progress] new=1537 skip=0 empty=0 fail=0 processed=1537 elapsed=8525s rate=0.18/s target=6000 remain=4463 eta=24754s
[04:52:37] [progress] new=1539 skip=0 empty=0 fail=0 processed=1539 elapsed=8530s rate=0.18/s target=6000 remain=4461 eta=24724s
[04:52:43] [progress] new=1541 skip=0 empty=0 fail=0 processed=1541 elapsed=8535s rate=0.18/s target=6000 remain=4459 eta=24697s
[04:52:47] [progress] new=1542 skip=0 empty=0 fail=0 processed=1542 elapsed=8539s rate=0.18/s target=6000 remain=4458 eta=24688s
[04:52:50]   [3/3] 川崎 done new=11 R (total_new=1543)
[04:52:50] [progress] new=1543 skip=0 empty=0 fail=0 processed=1543 elapsed=8542s rate=0.18/s target=6000 remain=4457 eta=24674s
[04:52:50] === day 58/365 2023-02-27 ===
[04:52:53]   venues=2: ['船橋', '金沢']
[04:52:58]   [1/2] 船橋 12R start
[04:53:24] [progress] new=1544 skip=0 empty=0 fail=0 processed=1544 elapsed=8576s rate=0.18/s target=6000 remain=4456 eta=24752s
[04:53:28] [progress] new=1545 skip=0 empty=0 fail=0 processed=1545 elapsed=8580s rate=0.18/s target=6000 remain=4455 eta=24741s
[04:53:32] [progress] new=1547 skip=0 empty=0 fail=0 processed=1547 elapsed=8584s rate=0.18/s target=6000 remain=4453 eta=24709s
[04:53:38] [progress] new=1549 skip=0 empty=0 fail=0 processed=1549 elapsed=8591s rate=0.18/s target=6000 remain=4451 eta=24685s
[04:53:43] [progress] new=1551 skip=0 empty=0 fail=0 processed=1551 elapsed=8596s rate=0.18/s target=6000 remain=4449 eta=24657s
[04:53:48] [progress] new=1553 skip=0 empty=0 fail=0 processed=1553 elapsed=8601s rate=0.18/s target=6000 remain=4447 eta=24629s
[04:53:54] [progress] new=1555 skip=0 empty=0 fail=0 processed=1555 elapsed=8607s rate=0.18/s target=6000 remain=4445 eta=24603s
[04:53:54]   [1/2] 船橋 done new=12 R (total_new=1555)
[04:53:54] [progress] new=1555 skip=0 empty=0 fail=0 processed=1555 elapsed=8607s rate=0.18/s target=6000 remain=4445 eta=24603s
[04:53:58]   [2/2] 金沢 11R start
[04:54:25] [progress] new=1556 skip=0 empty=0 fail=0 processed=1556 elapsed=8637s rate=0.18/s target=6000 remain=4444 eta=24669s
[04:54:29] [progress] new=1558 skip=0 empty=0 fail=0 processed=1558 elapsed=8642s rate=0.18/s target=6000 remain=4442 eta=24638s
[04:54:33] [progress] new=1559 skip=0 empty=0 fail=0 processed=1559 elapsed=8645s rate=0.18/s target=6000 remain=4441 eta=24627s
[04:54:37] [progress] new=1560 skip=0 empty=0 fail=0 processed=1560 elapsed=8650s rate=0.18/s target=6000 remain=4440 eta=24618s
[04:54:44] [progress] new=1562 skip=0 empty=0 fail=0 processed=1562 elapsed=8656s rate=0.18/s target=6000 remain=4438 eta=24595s
[04:54:50] [progress] new=1564 skip=0 empty=0 fail=0 processed=1564 elapsed=8662s rate=0.18/s target=6000 remain=4436 eta=24569s
[04:54:56] [progress] new=1566 skip=0 empty=0 fail=0 processed=1566 elapsed=8668s rate=0.18/s target=6000 remain=4434 eta=24544s
[04:54:56]   [2/2] 金沢 done new=11 R (total_new=1566)
[04:54:56] [progress] new=1566 skip=0 empty=0 fail=0 processed=1566 elapsed=8668s rate=0.18/s target=6000 remain=4434 eta=24544s
[04:54:56] === day 59/365 2023-02-28 ===
[04:54:58]   venues=3: ['金沢', '園田', '高知']
[04:55:04]   [1/3] 金沢 11R start
[04:55:32] [progress] new=1567 skip=0 empty=0 fail=0 processed=1567 elapsed=8704s rate=0.18/s target=6000 remain=4433 eta=24624s
[04:55:36] [progress] new=1569 skip=0 empty=0 fail=0 processed=1569 elapsed=8709s rate=0.18/s target=6000 remain=4431 eta=24594s
[04:55:43] [progress] new=1571 skip=0 empty=0 fail=0 processed=1571 elapsed=8716s rate=0.18/s target=6000 remain=4429 eta=24572s
[04:55:48] [progress] new=1572 skip=0 empty=0 fail=0 processed=1572 elapsed=8720s rate=0.18/s target=6000 remain=4428 eta=24564s
[04:55:53] [progress] new=1574 skip=0 empty=0 fail=0 processed=1574 elapsed=8726s rate=0.18/s target=6000 remain=4426 eta=24537s
[04:55:57] [progress] new=1575 skip=0 empty=0 fail=0 processed=1575 elapsed=8729s rate=0.18/s target=6000 remain=4425 eta=24525s
[04:56:00] [progress] new=1576 skip=0 empty=0 fail=0 processed=1576 elapsed=8732s rate=0.18/s target=6000 remain=4424 eta=24513s
[04:56:02]   [1/3] 金沢 done new=11 R (total_new=1577)
[04:56:02] [progress] new=1577 skip=0 empty=0 fail=0 processed=1577 elapsed=8735s rate=0.18/s target=6000 remain=4423 eta=24499s
[04:56:05]   [2/3] 園田 12R start
[04:56:34] [progress] new=1578 skip=0 empty=0 fail=0 processed=1578 elapsed=8767s rate=0.18/s target=6000 remain=4422 eta=24567s
[04:56:38] [progress] new=1579 skip=0 empty=0 fail=0 processed=1579 elapsed=8771s rate=0.18/s target=6000 remain=4421 eta=24557s
[04:56:44] [progress] new=1581 skip=0 empty=0 fail=0 processed=1581 elapsed=8777s rate=0.18/s target=6000 remain=4419 eta=24532s
[04:56:48] [progress] new=1582 skip=0 empty=0 fail=0 processed=1582 elapsed=8781s rate=0.18/s target=6000 remain=4418 eta=24522s
[04:56:53] [progress] new=1584 skip=0 empty=0 fail=0 processed=1584 elapsed=8785s rate=0.18/s target=6000 remain=4416 eta=24493s
[04:56:57] [progress] new=1585 skip=0 empty=0 fail=0 processed=1585 elapsed=8790s rate=0.18/s target=6000 remain=4415 eta=24483s
[04:57:00] [progress] new=1586 skip=0 empty=0 fail=0 processed=1586 elapsed=8793s rate=0.18/s target=6000 remain=4414 eta=24471s
[04:57:04] [progress] new=1587 skip=0 empty=0 fail=0 processed=1587 elapsed=8797s rate=0.18/s target=6000 remain=4413 eta=24461s
[04:57:09] [progress] new=1589 skip=0 empty=0 fail=0 processed=1589 elapsed=8802s rate=0.18/s target=6000 remain=4411 eta=24433s
[04:57:09]   [2/3] 園田 done new=12 R (total_new=1589)
[04:57:09] [progress] new=1589 skip=0 empty=0 fail=0 processed=1589 elapsed=8802s rate=0.18/s target=6000 remain=4411 eta=24433s
[04:57:15]   [3/3] 高知 10R start
[04:57:41] [progress] new=1590 skip=0 empty=0 fail=0 processed=1590 elapsed=8834s rate=0.18/s target=6000 remain=4410 eta=24502s
[04:57:45] [progress] new=1591 skip=0 empty=0 fail=0 processed=1591 elapsed=8838s rate=0.18/s target=6000 remain=4409 eta=24492s
[04:57:50] [progress] new=1593 skip=0 empty=0 fail=0 processed=1593 elapsed=8843s rate=0.18/s target=6000 remain=4407 eta=24464s
[04:57:56] [progress] new=1595 skip=0 empty=0 fail=0 processed=1595 elapsed=8848s rate=0.18/s target=6000 remain=4405 eta=24437s
[04:57:59] [progress] new=1596 skip=0 empty=0 fail=0 processed=1596 elapsed=8852s rate=0.18/s target=6000 remain=4404 eta=24425s
[04:58:04] [progress] new=1598 skip=0 empty=0 fail=0 processed=1598 elapsed=8856s rate=0.18/s target=6000 remain=4402 eta=24396s
[04:58:08] [progress] new=1599 skip=0 empty=0 fail=0 processed=1599 elapsed=8860s rate=0.18/s target=6000 remain=4401 eta=24386s
[04:58:08]   [3/3] 高知 done new=10 R (total_new=1599)
[04:58:08] [progress] new=1599 skip=0 empty=0 fail=0 processed=1599 elapsed=8860s rate=0.18/s target=6000 remain=4401 eta=24386s
[04:58:08] === day 60/365 2023-03-01 ===
[04:58:10]   venues=4: ['34', '金沢', '園田', '高知']
[04:58:14]   [1/4] 34 12R start
[04:58:43] [progress] new=1600 skip=0 empty=0 fail=0 processed=1600 elapsed=8895s rate=0.18/s target=6000 remain=4400 eta=24462s
[04:58:46] [progress] new=1601 skip=0 empty=0 fail=0 processed=1601 elapsed=8899s rate=0.18/s target=6000 remain=4399 eta=24451s
[04:58:50] [progress] new=1602 skip=0 empty=0 fail=0 processed=1602 elapsed=8902s rate=0.18/s target=6000 remain=4398 eta=24439s
[04:58:54] [progress] new=1604 skip=0 empty=0 fail=0 processed=1604 elapsed=8907s rate=0.18/s target=6000 remain=4396 eta=24410s
[04:58:59] [progress] new=1605 skip=0 empty=0 fail=0 processed=1605 elapsed=8911s rate=0.18/s target=6000 remain=4395 eta=24402s
[04:59:06] [progress] new=1607 skip=0 empty=0 fail=0 processed=1607 elapsed=8918s rate=0.18/s target=6000 remain=4393 eta=24379s
[04:59:10] [progress] new=1609 skip=0 empty=0 fail=0 processed=1609 elapsed=8923s rate=0.18/s target=6000 remain=4391 eta=24350s
[04:59:15] [progress] new=1611 skip=0 empty=0 fail=0 processed=1611 elapsed=8927s rate=0.18/s target=6000 remain=4389 eta=24321s
[04:59:15]   [1/4] 34 done new=12 R (total_new=1611)
[04:59:15] [progress] new=1611 skip=0 empty=0 fail=0 processed=1611 elapsed=8927s rate=0.18/s target=6000 remain=4389 eta=24321s
[04:59:17]   [2/4] 金沢 11R start
[04:59:41] [progress] new=1612 skip=0 empty=0 fail=0 processed=1612 elapsed=8954s rate=0.18/s target=6000 remain=4388 eta=24374s
[04:59:46] [progress] new=1613 skip=0 empty=0 fail=0 processed=1613 elapsed=8958s rate=0.18/s target=6000 remain=4387 eta=24365s
[04:59:52] [progress] new=1615 skip=0 empty=0 fail=0 processed=1615 elapsed=8964s rate=0.18/s target=6000 remain=4385 eta=24340s
[04:59:56] [progress] new=1616 skip=0 empty=0 fail=0 processed=1616 elapsed=8968s rate=0.18/s target=6000 remain=4384 eta=24330s
[04:59:59] [progress] new=1617 skip=0 empty=0 fail=0 processed=1617 elapsed=8971s rate=0.18/s target=6000 remain=4383 eta=24318s
[05:00:06] [progress] new=1619 skip=0 empty=0 fail=0 processed=1619 elapsed=8979s rate=0.18/s target=6000 remain=4381 eta=24296s
[05:00:11] [progress] new=1621 skip=0 empty=0 fail=0 processed=1621 elapsed=8984s rate=0.18/s target=6000 remain=4379 eta=24270s
[05:00:17] [progress] new=1622 skip=0 empty=0 fail=0 processed=1622 elapsed=8990s rate=0.18/s target=6000 remain=4378 eta=24264s
[05:00:17]   [2/4] 金沢 done new=11 R (total_new=1622)
[05:00:17] [progress] new=1622 skip=0 empty=0 fail=0 processed=1622 elapsed=8990s rate=0.18/s target=6000 remain=4378 eta=24264s
[05:00:23]   [3/4] 園田 12R start
[05:00:53] [progress] new=1623 skip=0 empty=0 fail=0 processed=1623 elapsed=9025s rate=0.18/s target=6000 remain=4377 eta=24340s
[05:00:56] [progress] new=1624 skip=0 empty=0 fail=0 processed=1624 elapsed=9029s rate=0.18/s target=6000 remain=4376 eta=24328s
[05:01:00] [progress] new=1626 skip=0 empty=0 fail=0 processed=1626 elapsed=9033s rate=0.18/s target=6000 remain=4374 eta=24298s
[05:01:04] [progress] new=1627 skip=0 empty=0 fail=0 processed=1627 elapsed=9036s rate=0.18/s target=6000 remain=4373 eta=24288s
[05:01:10] [progress] new=1629 skip=0 empty=0 fail=0 processed=1629 elapsed=9043s rate=0.18/s target=6000 remain=4371 eta=24264s
[05:01:13] [progress] new=1630 skip=0 empty=0 fail=0 processed=1630 elapsed=9046s rate=0.18/s target=6000 remain=4370 eta=24252s
[05:01:18] [progress] new=1632 skip=0 empty=0 fail=0 processed=1632 elapsed=9051s rate=0.18/s target=6000 remain=4368 eta=24225s
[05:01:22] [progress] new=1633 skip=0 empty=0 fail=0 processed=1633 elapsed=9055s rate=0.18/s target=6000 remain=4367 eta=24215s
[05:01:26] [progress] new=1634 skip=0 empty=0 fail=0 processed=1634 elapsed=9058s rate=0.18/s target=6000 remain=4366 eta=24203s
[05:01:26]   [3/4] 園田 done new=12 R (total_new=1634)
[05:01:26] [progress] new=1634 skip=0 empty=0 fail=0 processed=1634 elapsed=9058s rate=0.18/s target=6000 remain=4366 eta=24203s
[05:01:30]   [4/4] 高知 10R start
[05:01:52] [progress] new=1635 skip=0 empty=0 fail=0 processed=1635 elapsed=9084s rate=0.18/s target=6000 remain=4365 eta=24253s
[05:01:56] [progress] new=1636 skip=0 empty=0 fail=0 processed=1636 elapsed=9088s rate=0.18/s target=6000 remain=4364 eta=24243s
[05:01:59] [progress] new=1637 skip=0 empty=0 fail=0 processed=1637 elapsed=9092s rate=0.18/s target=6000 remain=4363 eta=24232s
[05:02:04] [progress] new=1639 skip=0 empty=0 fail=0 processed=1639 elapsed=9096s rate=0.18/s target=6000 remain=4361 eta=24203s
[05:02:07] [progress] new=1640 skip=0 empty=0 fail=0 processed=1640 elapsed=9100s rate=0.18/s target=6000 remain=4360 eta=24192s
[05:02:11] [progress] new=1641 skip=0 empty=0 fail=0 processed=1641 elapsed=9104s rate=0.18/s target=6000 remain=4359 eta=24182s
[05:02:18] [progress] new=1643 skip=0 empty=0 fail=0 processed=1643 elapsed=9111s rate=0.18/s target=6000 remain=4357 eta=24160s
[05:02:20]   [4/4] 高知 done new=10 R (total_new=1644)
[05:02:20] [progress] new=1644 skip=0 empty=0 fail=0 processed=1644 elapsed=9113s rate=0.18/s target=6000 remain=4356 eta=24145s
[05:02:20] === day 61/365 2023-03-02 ===
[05:02:22]   venues=2: ['金沢', '園田']
[05:02:26]   [1/2] 金沢 12R start
[05:02:52] [progress] new=1645 skip=0 empty=0 fail=0 processed=1645 elapsed=9145s rate=0.18/s target=6000 remain=4355 eta=24210s
[05:02:59] [progress] new=1647 skip=0 empty=0 fail=0 processed=1647 elapsed=9152s rate=0.18/s target=6000 remain=4353 eta=24188s
[05:03:04] [progress] new=1649 skip=0 empty=0 fail=0 processed=1649 elapsed=9156s rate=0.18/s target=6000 remain=4351 eta=24159s
[05:03:10] [progress] new=1651 skip=0 empty=0 fail=0 processed=1651 elapsed=9162s rate=0.18/s target=6000 remain=4349 eta=24135s
[05:03:15] [progress] new=1653 skip=0 empty=0 fail=0 processed=1653 elapsed=9168s rate=0.18/s target=6000 remain=4347 eta=24109s
[05:03:20] [progress] new=1655 skip=0 empty=0 fail=0 processed=1655 elapsed=9173s rate=0.18/s target=6000 remain=4345 eta=24083s
[05:03:25] [progress] new=1656 skip=0 empty=0 fail=0 processed=1656 elapsed=9177s rate=0.18/s target=6000 remain=4344 eta=24074s
[05:03:25]   [1/2] 金沢 done new=12 R (total_new=1656)
[05:03:25] [progress] new=1656 skip=0 empty=0 fail=0 processed=1656 elapsed=9177s rate=0.18/s target=6000 remain=4344 eta=24074s
[05:03:27]   [2/2] 園田 12R start
[05:03:54] [progress] new=1657 skip=0 empty=0 fail=0 processed=1657 elapsed=9206s rate=0.18/s target=6000 remain=4343 eta=24130s
[05:03:59] [progress] new=1659 skip=0 empty=0 fail=0 processed=1659 elapsed=9212s rate=0.18/s target=6000 remain=4341 eta=24104s
[05:04:03] [progress] new=1660 skip=0 empty=0 fail=0 processed=1660 elapsed=9215s rate=0.18/s target=6000 remain=4340 eta=24093s
[05:04:09] [progress] new=1662 skip=0 empty=0 fail=0 processed=1662 elapsed=9222s rate=0.18/s target=6000 remain=4338 eta=24070s
[05:04:16] [progress] new=1664 skip=0 empty=0 fail=0 processed=1664 elapsed=9229s rate=0.18/s target=6000 remain=4336 eta=24048s
[05:04:21] [progress] new=1665 skip=0 empty=0 fail=0 processed=1665 elapsed=9233s rate=0.18/s target=6000 remain=4335 eta=24040s
[05:04:27] [progress] new=1667 skip=0 empty=0 fail=0 processed=1667 elapsed=9240s rate=0.18/s target=6000 remain=4333 eta=24016s
[05:04:32] [progress] new=1668 skip=0 empty=0 fail=0 processed=1668 elapsed=9244s rate=0.18/s target=6000 remain=4332 eta=24008s
[05:04:32]   [2/2] 園田 done new=12 R (total_new=1668)
[05:04:32] [progress] new=1668 skip=0 empty=0 fail=0 processed=1668 elapsed=9244s rate=0.18/s target=6000 remain=4332 eta=24008s
[05:04:32] === day 62/365 2023-03-03 ===
[05:04:33]   venues=1: ['金沢']
[05:04:40]   [1/1] 金沢 12R start
[05:05:04] [progress] new=1669 skip=0 empty=0 fail=0 processed=1669 elapsed=9277s rate=0.18/s target=6000 remain=4331 eta=24073s
[05:05:09] [progress] new=1671 skip=0 empty=0 fail=0 processed=1671 elapsed=9282s rate=0.18/s target=6000 remain=4329 eta=24047s
[05:05:13] [progress] new=1672 skip=0 empty=0 fail=0 processed=1672 elapsed=9286s rate=0.18/s target=6000 remain=4328 eta=24036s
[05:05:19] [progress] new=1674 skip=0 empty=0 fail=0 processed=1674 elapsed=9291s rate=0.18/s target=6000 remain=4326 eta=24011s
[05:05:22] [progress] new=1675 skip=0 empty=0 fail=0 processed=1675 elapsed=9295s rate=0.18/s target=6000 remain=4325 eta=24000s
[05:05:29] [progress] new=1677 skip=0 empty=0 fail=0 processed=1677 elapsed=9301s rate=0.18/s target=6000 remain=4323 eta=23977s
[05:05:33] [progress] new=1679 skip=0 empty=0 fail=0 processed=1679 elapsed=9306s rate=0.18/s target=6000 remain=4321 eta=23949s
[05:05:35]   [1/1] 金沢 done new=12 R (total_new=1680)
[05:05:35] [progress] new=1680 skip=0 empty=0 fail=0 processed=1680 elapsed=9308s rate=0.18/s target=6000 remain=4320 eta=23934s
[05:05:35] === day 63/365 2023-03-04 ===
[05:05:37]   venues=2: ['船橋', '川崎']
[05:05:43]   [1/2] 船橋 12R start
[05:06:08] [progress] new=1681 skip=0 empty=0 fail=0 processed=1681 elapsed=9341s rate=0.18/s target=6000 remain=4319 eta=24000s
[05:06:12] [progress] new=1682 skip=0 empty=0 fail=0 processed=1682 elapsed=9344s rate=0.18/s target=6000 remain=4318 eta=23988s
[05:06:15] [progress] new=1684 skip=0 empty=0 fail=0 processed=1684 elapsed=9348s rate=0.18/s target=6000 remain=4316 eta=23958s
[05:06:18] [progress] new=1685 skip=0 empty=0 fail=0 processed=1685 elapsed=9351s rate=0.18/s target=6000 remain=4315 eta=23946s
[05:06:23] [progress] new=1687 skip=0 empty=0 fail=0 processed=1687 elapsed=9356s rate=0.18/s target=6000 remain=4313 eta=23919s
[05:06:29] [progress] new=1689 skip=0 empty=0 fail=0 processed=1689 elapsed=9361s rate=0.18/s target=6000 remain=4311 eta=23893s
[05:06:33] [progress] new=1690 skip=0 empty=0 fail=0 processed=1690 elapsed=9365s rate=0.18/s target=6000 remain=4310 eta=23885s
[05:06:36] [progress] new=1691 skip=0 empty=0 fail=0 processed=1691 elapsed=9369s rate=0.18/s target=6000 remain=4309 eta=23873s
[05:06:39]   [1/2] 船橋 done new=12 R (total_new=1692)
[05:06:39] [progress] new=1692 skip=0 empty=0 fail=0 processed=1692 elapsed=9372s rate=0.18/s target=6000 remain=4308 eta=23861s
[05:06:44]   [2/2] 川崎 11R start
[05:07:11] [progress] new=1693 skip=0 empty=0 fail=0 processed=1693 elapsed=9404s rate=0.18/s target=6000 remain=4307 eta=23923s
[05:07:15] [progress] new=1695 skip=0 empty=0 fail=0 processed=1695 elapsed=9408s rate=0.18/s target=6000 remain=4305 eta=23895s
[05:07:20] [progress] new=1696 skip=0 empty=0 fail=0 processed=1696 elapsed=9412s rate=0.18/s target=6000 remain=4304 eta=23886s
[05:07:27] [progress] new=1698 skip=0 empty=0 fail=0 processed=1698 elapsed=9419s rate=0.18/s target=6000 remain=4302 eta=23865s
[05:07:33] [progress] new=1700 skip=0 empty=0 fail=0 processed=1700 elapsed=9426s rate=0.18/s target=6000 remain=4300 eta=23841s
[05:07:40] [progress] new=1702 skip=0 empty=0 fail=0 processed=1702 elapsed=9433s rate=0.18/s target=6000 remain=4298 eta=23820s
[05:07:44] [progress] new=1703 skip=0 empty=0 fail=0 processed=1703 elapsed=9437s rate=0.18/s target=6000 remain=4297 eta=23812s
[05:07:44]   [2/2] 川崎 done new=11 R (total_new=1703)
[05:07:44] [progress] new=1703 skip=0 empty=0 fail=0 processed=1703 elapsed=9437s rate=0.18/s target=6000 remain=4297 eta=23812s
[05:07:44] === day 64/365 2023-03-05 ===
[05:07:48]   venues=3: ['船橋', '高知', '川崎']
[05:07:52]   [1/3] 船橋 12R start
[05:08:21] [progress] new=1704 skip=0 empty=0 fail=0 processed=1704 elapsed=9474s rate=0.18/s target=6000 remain=4296 eta=23884s
[05:08:27] [progress] new=1706 skip=0 empty=0 fail=0 processed=1706 elapsed=9479s rate=0.18/s target=6000 remain=4294 eta=23860s
[05:08:31] [progress] new=1707 skip=0 empty=0 fail=0 processed=1707 elapsed=9484s rate=0.18/s target=6000 remain=4293 eta=23851s
[05:08:37] [progress] new=1709 skip=0 empty=0 fail=0 processed=1709 elapsed=9489s rate=0.18/s target=6000 remain=4291 eta=23826s
[05:08:44] [progress] new=1711 skip=0 empty=0 fail=0 processed=1711 elapsed=9496s rate=0.18/s target=6000 remain=4289 eta=23804s
[05:08:49] [progress] new=1713 skip=0 empty=0 fail=0 processed=1713 elapsed=9501s rate=0.18/s target=6000 remain=4287 eta=23778s
[05:08:52] [progress] new=1714 skip=0 empty=0 fail=0 processed=1714 elapsed=9504s rate=0.18/s target=6000 remain=4286 eta=23767s
[05:08:56] [progress] new=1715 skip=0 empty=0 fail=0 processed=1715 elapsed=9508s rate=0.18/s target=6000 remain=4285 eta=23757s
[05:08:56]   [1/3] 船橋 done new=12 R (total_new=1715)
[05:08:56] [progress] new=1715 skip=0 empty=0 fail=0 processed=1715 elapsed=9508s rate=0.18/s target=6000 remain=4285 eta=23757s
[05:09:03]   [2/3] 高知 8R start
[05:09:26] [progress] new=1716 skip=0 empty=0 fail=0 processed=1716 elapsed=9538s rate=0.18/s target=6000 remain=4284 eta=23812s
[05:09:30] [progress] new=1717 skip=0 empty=0 fail=0 processed=1717 elapsed=9543s rate=0.18/s target=6000 remain=4283 eta=23805s
[05:09:35] [progress] new=1719 skip=0 empty=0 fail=0 processed=1719 elapsed=9548s rate=0.18/s target=6000 remain=4281 eta=23778s
[05:09:40] [progress] new=1720 skip=0 empty=0 fail=0 processed=1720 elapsed=9552s rate=0.18/s target=6000 remain=4280 eta=23770s
[05:09:45] [progress] new=1722 skip=0 empty=0 fail=0 processed=1722 elapsed=9558s rate=0.18/s target=6000 remain=4278 eta=23744s
[05:09:49] [progress] new=1723 skip=0 empty=0 fail=0 processed=1723 elapsed=9561s rate=0.18/s target=6000 remain=4277 eta=23734s
[05:09:49]   [2/3] 高知 done new=8 R (total_new=1723)
[05:09:49] [progress] new=1723 skip=0 empty=0 fail=0 processed=1723 elapsed=9561s rate=0.18/s target=6000 remain=4277 eta=23734s
[05:09:53]   [3/3] 川崎 11R start
[05:10:23] [progress] new=1724 skip=0 empty=0 fail=0 processed=1724 elapsed=9595s rate=0.18/s target=6000 remain=4276 eta=23799s
[05:10:26] [progress] new=1725 skip=0 empty=0 fail=0 processed=1725 elapsed=9598s rate=0.18/s target=6000 remain=4275 eta=23787s
[05:10:29] [progress] new=1726 skip=0 empty=0 fail=0 processed=1726 elapsed=9602s rate=0.18/s target=6000 remain=4274 eta=23776s
[05:10:35] [progress] new=1728 skip=0 empty=0 fail=0 processed=1728 elapsed=9607s rate=0.18/s target=6000 remain=4272 eta=23751s
[05:10:39] [progress] new=1729 skip=0 empty=0 fail=0 processed=1729 elapsed=9612s rate=0.18/s target=6000 remain=4271 eta=23743s
[05:10:45] [progress] new=1731 skip=0 empty=0 fail=0 processed=1731 elapsed=9618s rate=0.18/s target=6000 remain=4269 eta=23720s
[05:10:49] [progress] new=1732 skip=0 empty=0 fail=0 processed=1732 elapsed=9621s rate=0.18/s target=6000 remain=4268 eta=23709s
[05:10:56] [progress] new=1734 skip=0 empty=0 fail=0 processed=1734 elapsed=9628s rate=0.18/s target=6000 remain=4266 eta=23687s
[05:10:56]   [3/3] 川崎 done new=11 R (total_new=1734)
[05:10:56] [progress] new=1734 skip=0 empty=0 fail=0 processed=1734 elapsed=9628s rate=0.18/s target=6000 remain=4266 eta=23687s
[05:10:56] === day 65/365 2023-03-06 ===
[05:10:59]   venues=3: ['船橋', '笠松', '高知']
[05:11:05]   [1/3] 船橋 12R start
[05:11:34] [progress] new=1735 skip=0 empty=0 fail=0 processed=1735 elapsed=9667s rate=0.18/s target=6000 remain=4265 eta=23763s
[05:11:39] [progress] new=1737 skip=0 empty=0 fail=0 processed=1737 elapsed=9671s rate=0.18/s target=6000 remain=4263 eta=23736s
[05:11:42] [progress] new=1738 skip=0 empty=0 fail=0 processed=1738 elapsed=9675s rate=0.18/s target=6000 remain=4262 eta=23726s
[05:11:47] [progress] new=1740 skip=0 empty=0 fail=0 processed=1740 elapsed=9680s rate=0.18/s target=6000 remain=4260 eta=23699s
[05:11:54] [progress] new=1742 skip=0 empty=0 fail=0 processed=1742 elapsed=9686s rate=0.18/s target=6000 remain=4258 eta=23676s
[05:11:59] [progress] new=1744 skip=0 empty=0 fail=0 processed=1744 elapsed=9691s rate=0.18/s target=6000 remain=4256 eta=23651s
[05:12:03] [progress] new=1745 skip=0 empty=0 fail=0 processed=1745 elapsed=9695s rate=0.18/s target=6000 remain=4255 eta=23641s
[05:12:05]   [1/3] 船橋 done new=12 R (total_new=1746)
[05:12:05] [progress] new=1746 skip=0 empty=0 fail=0 processed=1746 elapsed=9698s rate=0.18/s target=6000 remain=4254 eta=23628s
[05:12:10]   [2/3] 笠松 9R start
[05:12:32] [progress] new=1747 skip=0 empty=0 fail=0 processed=1747 elapsed=9725s rate=0.18/s target=6000 remain=4253 eta=23675s
[05:12:36] [progress] new=1749 skip=0 empty=0 fail=0 processed=1749 elapsed=9729s rate=0.18/s target=6000 remain=4251 eta=23646s
[05:12:40] [progress] new=1750 skip=0 empty=0 fail=0 processed=1750 elapsed=9732s rate=0.18/s target=6000 remain=4250 eta=23636s
[05:12:44] [progress] new=1752 skip=0 empty=0 fail=0 processed=1752 elapsed=9736s rate=0.18/s target=6000 remain=4248 eta=23607s
[05:12:49] [progress] new=1754 skip=0 empty=0 fail=0 processed=1754 elapsed=9741s rate=0.18/s target=6000 remain=4246 eta=23581s
[05:12:52] [progress] new=1755 skip=0 empty=0 fail=0 processed=1755 elapsed=9745s rate=0.18/s target=6000 remain=4245 eta=23571s
[05:12:52]   [2/3] 笠松 done new=9 R (total_new=1755)
[05:12:52] [progress] new=1755 skip=0 empty=0 fail=0 processed=1755 elapsed=9745s rate=0.18/s target=6000 remain=4245 eta=23571s
[05:12:58]   [3/3] 高知 9R start
[05:13:21] [progress] new=1756 skip=0 empty=0 fail=0 processed=1756 elapsed=9774s rate=0.18/s target=6000 remain=4244 eta=23622s
[05:13:27] [progress] new=1758 skip=0 empty=0 fail=0 processed=1758 elapsed=9780s rate=0.18/s target=6000 remain=4242 eta=23599s
[05:13:33] [progress] new=1760 skip=0 empty=0 fail=0 processed=1760 elapsed=9785s rate=0.18/s target=6000 remain=4240 eta=23573s
[05:13:39] [progress] new=1762 skip=0 empty=0 fail=0 processed=1762 elapsed=9792s rate=0.18/s target=6000 remain=4238 eta=23551s
[05:13:45] [progress] new=1764 skip=0 empty=0 fail=0 processed=1764 elapsed=9798s rate=0.18/s target=6000 remain=4236 eta=23528s
[05:13:45]   [3/3] 高知 done new=9 R (total_new=1764)
[05:13:45] [progress] new=1764 skip=0 empty=0 fail=0 processed=1764 elapsed=9798s rate=0.18/s target=6000 remain=4236 eta=23528s
[05:13:45] === day 66/365 2023-03-07 ===
[05:13:47]   venues=3: ['笠松', '園田', '高知']
[05:13:51]   [1/3] 笠松 9R start
[05:14:15] [progress] new=1765 skip=0 empty=0 fail=0 processed=1765 elapsed=9828s rate=0.18/s target=6000 remain=4235 eta=23581s
[05:14:19] [progress] new=1767 skip=0 empty=0 fail=0 processed=1767 elapsed=9832s rate=0.18/s target=6000 remain=4233 eta=23553s
[05:14:24] [progress] new=1769 skip=0 empty=0 fail=0 processed=1769 elapsed=9837s rate=0.18/s target=6000 remain=4231 eta=23528s
[05:14:30] [progress] new=1771 skip=0 empty=0 fail=0 processed=1771 elapsed=9842s rate=0.18/s target=6000 remain=4229 eta=23502s
[05:14:34] [progress] new=1773 skip=0 empty=0 fail=0 processed=1773 elapsed=9846s rate=0.18/s target=6000 remain=4227 eta=23475s
[05:14:34]   [1/3] 笠松 done new=9 R (total_new=1773)
[05:14:34] [progress] new=1773 skip=0 empty=0 fail=0 processed=1773 elapsed=9846s rate=0.18/s target=6000 remain=4227 eta=23475s
[05:14:37]   [2/3] 園田 12R start
[05:15:06] [progress] new=1774 skip=0 empty=0 fail=0 processed=1774 elapsed=9879s rate=0.18/s target=6000 remain=4226 eta=23533s
[05:15:09] [progress] new=1776 skip=0 empty=0 fail=0 processed=1776 elapsed=9882s rate=0.18/s target=6000 remain=4224 eta=23503s
[05:15:14] [progress] new=1777 skip=0 empty=0 fail=0 processed=1777 elapsed=9887s rate=0.18/s target=6000 remain=4223 eta=23495s
[05:15:18] [progress] new=1778 skip=0 empty=0 fail=0 processed=1778 elapsed=9891s rate=0.18/s target=6000 remain=4222 eta=23486s
[05:15:21] [progress] new=1779 skip=0 empty=0 fail=0 processed=1779 elapsed=9894s rate=0.18/s target=6000 remain=4221 eta=23475s
[05:15:25] [progress] new=1780 skip=0 empty=0 fail=0 processed=1780 elapsed=9898s rate=0.18/s target=6000 remain=4220 eta=23465s
[05:15:32] [progress] new=1782 skip=0 empty=0 fail=0 processed=1782 elapsed=9904s rate=0.18/s target=6000 remain=4218 eta=23444s
[05:15:38] [progress] new=1784 skip=0 empty=0 fail=0 processed=1784 elapsed=9911s rate=0.18/s target=6000 remain=4216 eta=23422s
[05:15:41] [progress] new=1785 skip=0 empty=0 fail=0 processed=1785 elapsed=9914s rate=0.18/s target=6000 remain=4215 eta=23411s
[05:15:41]   [2/3] 園田 done new=12 R (total_new=1785)
[05:15:41] [progress] new=1785 skip=0 empty=0 fail=0 processed=1785 elapsed=9914s rate=0.18/s target=6000 remain=4215 eta=23411s
[05:15:45]   [3/3] 高知 8R start
[05:16:04] [progress] new=1786 skip=0 empty=0 fail=0 processed=1786 elapsed=9936s rate=0.18/s target=6000 remain=4214 eta=23444s
[05:16:08] [progress] new=1787 skip=0 empty=0 fail=0 processed=1787 elapsed=9941s rate=0.18/s target=6000 remain=4213 eta=23436s
[05:16:15] [progress] new=1789 skip=0 empty=0 fail=0 processed=1789 elapsed=9947s rate=0.18/s target=6000 remain=4211 eta=23414s
[05:16:18] [progress] new=1790 skip=0 empty=0 fail=0 processed=1790 elapsed=9951s rate=0.18/s target=6000 remain=4210 eta=23404s
[05:16:22] [progress] new=1791 skip=0 empty=0 fail=0 processed=1791 elapsed=9954s rate=0.18/s target=6000 remain=4209 eta=23394s
[05:16:29] [progress] new=1793 skip=0 empty=0 fail=0 processed=1793 elapsed=9962s rate=0.18/s target=6000 remain=4207 eta=23374s
[05:16:29]   [3/3] 高知 done new=8 R (total_new=1793)
[05:16:29] [progress] new=1793 skip=0 empty=0 fail=0 processed=1793 elapsed=9962s rate=0.18/s target=6000 remain=4207 eta=23374s
[05:16:29] === day 67/365 2023-03-08 ===
[05:16:32]   venues=2: ['笠松', '園田']
[05:16:39]   [1/2] 笠松 9R start
[05:17:02] [progress] new=1794 skip=0 empty=0 fail=0 processed=1794 elapsed=9994s rate=0.18/s target=6000 remain=4206 eta=23431s
[05:17:06] [progress] new=1796 skip=0 empty=0 fail=0 processed=1796 elapsed=9999s rate=0.18/s target=6000 remain=4204 eta=23405s
[05:17:11] [progress] new=1798 skip=0 empty=0 fail=0 processed=1798 elapsed=10003s rate=0.18/s target=6000 remain=4202 eta=23378s
[05:17:14] [progress] new=1799 skip=0 empty=0 fail=0 processed=1799 elapsed=10006s rate=0.18/s target=6000 remain=4201 eta=23367s
[05:17:18] [progress] new=1801 skip=0 empty=0 fail=0 processed=1801 elapsed=10010s rate=0.18/s target=6000 remain=4199 eta=23339s
[05:17:20]   [1/2] 笠松 done new=9 R (total_new=1802)
[05:17:20] [progress] new=1802 skip=0 empty=0 fail=0 processed=1802 elapsed=10013s rate=0.18/s target=6000 remain=4198 eta=23327s
[05:17:27]   [2/2] 園田 12R start
[05:18:00] [progress] new=1803 skip=0 empty=0 fail=0 processed=1803 elapsed=10052s rate=0.18/s target=6000 remain=4197 eta=23399s
[05:18:04] [progress] new=1805 skip=0 empty=0 fail=0 processed=1805 elapsed=10057s rate=0.18/s target=6000 remain=4195 eta=23372s
[05:18:07] [progress] new=1806 skip=0 empty=0 fail=0 processed=1806 elapsed=10060s rate=0.18/s target=6000 remain=4194 eta=23361s
[05:18:11] [progress] new=1807 skip=0 empty=0 fail=0 processed=1807 elapsed=10064s rate=0.18/s target=6000 remain=4193 eta=23352s
[05:18:16] [progress] new=1809 skip=0 empty=0 fail=0 processed=1809 elapsed=10069s rate=0.18/s target=6000 remain=4191 eta=23327s
[05:18:23] [progress] new=1811 skip=0 empty=0 fail=0 processed=1811 elapsed=10076s rate=0.18/s target=6000 remain=4189 eta=23306s
[05:18:27] [progress] new=1812 skip=0 empty=0 fail=0 processed=1812 elapsed=10080s rate=0.18/s target=6000 remain=4188 eta=23297s
[05:18:34] [progress] new=1814 skip=0 empty=0 fail=0 processed=1814 elapsed=10086s rate=0.18/s target=6000 remain=4186 eta=23275s
[05:18:34]   [2/2] 園田 done new=12 R (total_new=1814)
[05:18:34] [progress] new=1814 skip=0 empty=0 fail=0 processed=1814 elapsed=10086s rate=0.18/s target=6000 remain=4186 eta=23275s
[05:18:34] === day 68/365 2023-03-09 ===
[05:18:35]   venues=2: ['笠松', '園田']
[05:18:39]   [1/2] 笠松 10R start
[05:19:04] [progress] new=1815 skip=0 empty=0 fail=0 processed=1815 elapsed=10117s rate=0.18/s target=6000 remain=4185 eta=23327s
[05:19:08] [progress] new=1817 skip=0 empty=0 fail=0 processed=1817 elapsed=10121s rate=0.18/s target=6000 remain=4183 eta=23299s
[05:19:11] [progress] new=1818 skip=0 empty=0 fail=0 processed=1818 elapsed=10124s rate=0.18/s target=6000 remain=4182 eta=23288s
[05:19:14] [progress] new=1819 skip=0 empty=0 fail=0 processed=1819 elapsed=10127s rate=0.18/s target=6000 remain=4181 eta=23277s
[05:19:19] [progress] new=1821 skip=0 empty=0 fail=0 processed=1821 elapsed=10132s rate=0.18/s target=6000 remain=4179 eta=23251s
[05:19:24] [progress] new=1823 skip=0 empty=0 fail=0 processed=1823 elapsed=10136s rate=0.18/s target=6000 remain=4177 eta=23225s
[05:19:26]   [1/2] 笠松 done new=10 R (total_new=1824)
[05:19:26] [progress] new=1824 skip=0 empty=0 fail=0 processed=1824 elapsed=10139s rate=0.18/s target=6000 remain=4176 eta=23213s
[05:19:29]   [2/2] 園田 12R start
[05:19:59] [progress] new=1825 skip=0 empty=0 fail=0 processed=1825 elapsed=10172s rate=0.18/s target=6000 remain=4175 eta=23270s
[05:20:03] [progress] new=1826 skip=0 empty=0 fail=0 processed=1826 elapsed=10176s rate=0.18/s target=6000 remain=4174 eta=23260s
[05:20:08] [progress] new=1828 skip=0 empty=0 fail=0 processed=1828 elapsed=10180s rate=0.18/s target=6000 remain=4172 eta=23234s
[05:20:14] [progress] new=1830 skip=0 empty=0 fail=0 processed=1830 elapsed=10186s rate=0.18/s target=6000 remain=4170 eta=23212s
[05:20:18] [progress] new=1832 skip=0 empty=0 fail=0 processed=1832 elapsed=10190s rate=0.18/s target=6000 remain=4168 eta=23184s
[05:20:21] [progress] new=1833 skip=0 empty=0 fail=0 processed=1833 elapsed=10193s rate=0.18/s target=6000 remain=4167 eta=23173s
[05:20:28] [progress] new=1835 skip=0 empty=0 fail=0 processed=1835 elapsed=10201s rate=0.18/s target=6000 remain=4165 eta=23153s
[05:20:33] [progress] new=1836 skip=0 empty=0 fail=0 processed=1836 elapsed=10205s rate=0.18/s target=6000 remain=4164 eta=23145s
[05:20:33]   [2/2] 園田 done new=12 R (total_new=1836)
[05:20:33] [progress] new=1836 skip=0 empty=0 fail=0 processed=1836 elapsed=10205s rate=0.18/s target=6000 remain=4164 eta=23145s
[05:20:33] === day 69/365 2023-03-10 ===
[05:20:36]   venues=2: ['笠松', '川崎']
[05:20:42]   [1/2] 笠松 10R start
[05:21:06] [progress] new=1837 skip=0 empty=0 fail=0 processed=1837 elapsed=10239s rate=0.18/s target=6000 remain=4163 eta=23204s
[05:21:13] [progress] new=1840 skip=0 empty=0 fail=0 processed=1840 elapsed=10246s rate=0.18/s target=6000 remain=4160 eta=23164s
[05:21:18] [progress] new=1842 skip=0 empty=0 fail=0 processed=1842 elapsed=10250s rate=0.18/s target=6000 remain=4158 eta=23139s
[05:21:21] [progress] new=1843 skip=0 empty=0 fail=0 processed=1843 elapsed=10254s rate=0.18/s target=6000 remain=4157 eta=23128s
[05:21:25] [progress] new=1844 skip=0 empty=0 fail=0 processed=1844 elapsed=10258s rate=0.18/s target=6000 remain=4156 eta=23119s
[05:21:29] [progress] new=1846 skip=0 empty=0 fail=0 processed=1846 elapsed=10262s rate=0.18/s target=6000 remain=4154 eta=23091s
[05:21:29]   [1/2] 笠松 done new=10 R (total_new=1846)
[05:21:29] [progress] new=1846 skip=0 empty=0 fail=0 processed=1846 elapsed=10262s rate=0.18/s target=6000 remain=4154 eta=23091s
[05:21:33]   [2/2] 川崎 11R start
[05:21:58] [progress] new=1847 skip=0 empty=0 fail=0 processed=1847 elapsed=10291s rate=0.18/s target=6000 remain=4153 eta=23139s
[05:22:02] [progress] new=1848 skip=0 empty=0 fail=0 processed=1848 elapsed=10295s rate=0.18/s target=6000 remain=4152 eta=23129s
[05:22:07] [progress] new=1850 skip=0 empty=0 fail=0 processed=1850 elapsed=10300s rate=0.18/s target=6000 remain=4150 eta=23105s
[05:22:14] [progress] new=1852 skip=0 empty=0 fail=0 processed=1852 elapsed=10307s rate=0.18/s target=6000 remain=4148 eta=23085s
[05:22:18] [progress] new=1853 skip=0 empty=0 fail=0 processed=1853 elapsed=10311s rate=0.18/s target=6000 remain=4147 eta=23076s
[05:22:24] [progress] new=1855 skip=0 empty=0 fail=0 processed=1855 elapsed=10317s rate=0.18/s target=6000 remain=4145 eta=23053s
[05:22:27] [progress] new=1856 skip=0 empty=0 fail=0 processed=1856 elapsed=10320s rate=0.18/s target=6000 remain=4144 eta=23042s
[05:22:31] [progress] new=1857 skip=0 empty=0 fail=0 processed=1857 elapsed=10324s rate=0.18/s target=6000 remain=4143 eta=23032s
[05:22:31]   [2/2] 川崎 done new=11 R (total_new=1857)
[05:22:31] [progress] new=1857 skip=0 empty=0 fail=0 processed=1857 elapsed=10324s rate=0.18/s target=6000 remain=4143 eta=23032s
[05:22:31] === day 70/365 2023-03-11 ===
[05:22:32]   venues=3: ['船橋', '水沢', '川崎']
[05:22:37]   [1/3] 船橋 12R start
[05:23:02] [progress] new=1858 skip=0 empty=0 fail=0 processed=1858 elapsed=10355s rate=0.18/s target=6000 remain=4142 eta=23083s
[05:23:06] [progress] new=1859 skip=0 empty=0 fail=0 processed=1859 elapsed=10358s rate=0.18/s target=6000 remain=4141 eta=23074s
[05:23:10] [progress] new=1861 skip=0 empty=0 fail=0 processed=1861 elapsed=10363s rate=0.18/s target=6000 remain=4139 eta=23048s
[05:23:15] [progress] new=1863 skip=0 empty=0 fail=0 processed=1863 elapsed=10367s rate=0.18/s target=6000 remain=4137 eta=23021s
[05:23:19] [progress] new=1864 skip=0 empty=0 fail=0 processed=1864 elapsed=10371s rate=0.18/s target=6000 remain=4136 eta=23012s
[05:23:24] [progress] new=1866 skip=0 empty=0 fail=0 processed=1866 elapsed=10376s rate=0.18/s target=6000 remain=4134 eta=22988s
[05:23:29] [progress] new=1868 skip=0 empty=0 fail=0 processed=1868 elapsed=10382s rate=0.18/s target=6000 remain=4132 eta=22965s
[05:23:33] [progress] new=1869 skip=0 empty=0 fail=0 processed=1869 elapsed=10386s rate=0.18/s target=6000 remain=4131 eta=22955s
[05:23:33]   [1/3] 船橋 done new=12 R (total_new=1869)
[05:23:33] [progress] new=1869 skip=0 empty=0 fail=0 processed=1869 elapsed=10386s rate=0.18/s target=6000 remain=4131 eta=22955s
[05:23:38]   [2/3] 水沢 12R start
[05:24:05] [progress] new=1870 skip=0 empty=0 fail=0 processed=1870 elapsed=10418s rate=0.18/s target=6000 remain=4130 eta=23009s
[05:24:09] [progress] new=1871 skip=0 empty=0 fail=0 processed=1871 elapsed=10422s rate=0.18/s target=6000 remain=4129 eta=22999s
[05:24:14] [progress] new=1873 skip=0 empty=0 fail=0 processed=1873 elapsed=10427s rate=0.18/s target=6000 remain=4127 eta=22974s
[05:24:17] [progress] new=1874 skip=0 empty=0 fail=0 processed=1874 elapsed=10430s rate=0.18/s target=6000 remain=4126 eta=22963s
[05:24:24] [progress] new=1876 skip=0 empty=0 fail=0 processed=1876 elapsed=10436s rate=0.18/s target=6000 remain=4124 eta=22942s
[05:24:28] [progress] new=1878 skip=0 empty=0 fail=0 processed=1878 elapsed=10441s rate=0.18/s target=6000 remain=4122 eta=22916s
[05:24:33] [progress] new=1879 skip=0 empty=0 fail=0 processed=1879 elapsed=10446s rate=0.18/s target=6000 remain=4121 eta=22909s
[05:24:36] [progress] new=1880 skip=0 empty=0 fail=0 processed=1880 elapsed=10449s rate=0.18/s target=6000 remain=4120 eta=22898s
[05:24:39] [progress] new=1881 skip=0 empty=0 fail=0 processed=1881 elapsed=10452s rate=0.18/s target=6000 remain=4119 eta=22888s
[05:24:39]   [2/3] 水沢 done new=12 R (total_new=1881)
[05:24:39] [progress] new=1881 skip=0 empty=0 fail=0 processed=1881 elapsed=10452s rate=0.18/s target=6000 remain=4119 eta=22888s
[05:24:43]   [3/3] 川崎 11R start
[05:25:08] [progress] new=1882 skip=0 empty=0 fail=0 processed=1882 elapsed=10481s rate=0.18/s target=6000 remain=4118 eta=22933s
[05:25:14] [progress] new=1884 skip=0 empty=0 fail=0 processed=1884 elapsed=10487s rate=0.18/s target=6000 remain=4116 eta=22910s
[05:25:18] [progress] new=1885 skip=0 empty=0 fail=0 processed=1885 elapsed=10491s rate=0.18/s target=6000 remain=4115 eta=22901s
[05:25:22] [progress] new=1886 skip=0 empty=0 fail=0 processed=1886 elapsed=10495s rate=0.18/s target=6000 remain=4114 eta=22893s
[05:25:27] [progress] new=1888 skip=0 empty=0 fail=0 processed=1888 elapsed=10500s rate=0.18/s target=6000 remain=4112 eta=22868s
[05:25:31] [progress] new=1889 skip=0 empty=0 fail=0 processed=1889 elapsed=10504s rate=0.18/s target=6000 remain=4111 eta=22859s
[05:25:38] [progress] new=1891 skip=0 empty=0 fail=0 processed=1891 elapsed=10510s rate=0.18/s target=6000 remain=4109 eta=22838s
[05:25:39]   [3/3] 川崎 done new=11 R (total_new=1892)
[05:25:39] [progress] new=1892 skip=0 empty=0 fail=0 processed=1892 elapsed=10512s rate=0.18/s target=6000 remain=4108 eta=22824s
[05:25:39] === day 71/365 2023-03-12 ===
[05:25:43]   venues=5: ['船橋', '水沢', '名古屋', '高知', '川崎']
[05:25:50]   [1/5] 船橋 12R start
[05:26:08] [progress] new=1893 skip=0 empty=0 fail=0 processed=1893 elapsed=10541s rate=0.18/s target=6000 remain=4107 eta=22869s
[05:26:16] [progress] new=1894 skip=0 empty=0 fail=0 processed=1894 elapsed=10549s rate=0.18/s target=6000 remain=4106 eta=22869s
[05:26:20] [progress] new=1895 skip=0 empty=0 fail=0 processed=1895 elapsed=10552s rate=0.18/s target=6000 remain=4105 eta=22859s
[05:26:25] [progress] new=1897 skip=0 empty=0 fail=0 processed=1897 elapsed=10557s rate=0.18/s target=6000 remain=4103 eta=22834s
[05:26:30] [progress] new=1899 skip=0 empty=0 fail=0 processed=1899 elapsed=10562s rate=0.18/s target=6000 remain=4101 eta=22810s
[05:26:33] [progress] new=1900 skip=0 empty=0 fail=0 processed=1900 elapsed=10566s rate=0.18/s target=6000 remain=4100 eta=22799s
[05:26:36] [progress] new=1901 skip=0 empty=0 fail=0 processed=1901 elapsed=10569s rate=0.18/s target=6000 remain=4099 eta=22789s
[05:26:40] [progress] new=1902 skip=0 empty=0 fail=0 processed=1902 elapsed=10573s rate=0.18/s target=6000 remain=4098 eta=22779s
[05:26:44] [progress] new=1904 skip=0 empty=0 fail=0 processed=1904 elapsed=10576s rate=0.18/s target=6000 remain=4096 eta=22752s
[05:26:44]   [1/5] 船橋 done new=12 R (total_new=1904)
[05:26:44] [progress] new=1904 skip=0 empty=0 fail=0 processed=1904 elapsed=10576s rate=0.18/s target=6000 remain=4096 eta=22752s
[05:26:48]   [2/5] 水沢 12R start
[05:27:16] [progress] new=1905 skip=0 empty=0 fail=0 processed=1905 elapsed=10608s rate=0.18/s target=6000 remain=4095 eta=22803s
[05:27:20] [progress] new=1907 skip=0 empty=0 fail=0 processed=1907 elapsed=10612s rate=0.18/s target=6000 remain=4093 eta=22777s
[05:27:26] [progress] new=1909 skip=0 empty=0 fail=0 processed=1909 elapsed=10619s rate=0.18/s target=6000 remain=4091 eta=22756s
[05:27:29] [progress] new=1910 skip=0 empty=0 fail=0 processed=1910 elapsed=10622s rate=0.18/s target=6000 remain=4090 eta=22746s
[05:27:32] [progress] new=1911 skip=0 empty=0 fail=0 processed=1911 elapsed=10625s rate=0.18/s target=6000 remain=4089 eta=22735s
[05:27:37] [progress] new=1912 skip=0 empty=0 fail=0 processed=1912 elapsed=10629s rate=0.18/s target=6000 remain=4088 eta=22726s
[05:27:40] [progress] new=1913 skip=0 empty=0 fail=0 processed=1913 elapsed=10633s rate=0.18/s target=6000 remain=4087 eta=22716s
[05:27:47] [progress] new=1915 skip=0 empty=0 fail=0 processed=1915 elapsed=10639s rate=0.18/s target=6000 remain=4085 eta=22695s
[05:27:49]   [2/5] 水沢 done new=12 R (total_new=1916)
[05:27:49] [progress] new=1916 skip=0 empty=0 fail=0 processed=1916 elapsed=10642s rate=0.18/s target=6000 remain=4084 eta=22683s
[05:27:53]   [3/5] 名古屋 12R start
[05:28:20] [progress] new=1917 skip=0 empty=0 fail=0 processed=1917 elapsed=10672s rate=0.18/s target=6000 remain=4083 eta=22731s
[05:28:26] [progress] new=1919 skip=0 empty=0 fail=0 processed=1919 elapsed=10679s rate=0.18/s target=6000 remain=4081 eta=22710s
[05:28:33] [progress] new=1921 skip=0 empty=0 fail=0 processed=1921 elapsed=10686s rate=0.18/s target=6000 remain=4079 eta=22690s
[05:28:39] [progress] new=1923 skip=0 empty=0 fail=0 processed=1923 elapsed=10692s rate=0.18/s target=6000 remain=4077 eta=22668s
[05:28:43] [progress] new=1924 skip=0 empty=0 fail=0 processed=1924 elapsed=10696s rate=0.18/s target=6000 remain=4076 eta=22659s
[05:28:47] [progress] new=1925 skip=0 empty=0 fail=0 processed=1925 elapsed=10700s rate=0.18/s target=6000 remain=4075 eta=22650s
[05:28:51] [progress] new=1926 skip=0 empty=0 fail=0 processed=1926 elapsed=10703s rate=0.18/s target=6000 remain=4074 eta=22640s
[05:28:55] [progress] new=1928 skip=0 empty=0 fail=0 processed=1928 elapsed=10707s rate=0.18/s target=6000 remain=4072 eta=22614s
[05:28:55]   [3/5] 名古屋 done new=12 R (total_new=1928)
[05:28:55] [progress] new=1928 skip=0 empty=0 fail=0 processed=1928 elapsed=10707s rate=0.18/s target=6000 remain=4072 eta=22614s
[05:29:01]   [4/5] 高知 9R start
[05:29:22] [progress] new=1929 skip=0 empty=0 fail=0 processed=1929 elapsed=10734s rate=0.18/s target=6000 remain=4071 eta=22654s
[05:29:26] [progress] new=1930 skip=0 empty=0 fail=0 processed=1930 elapsed=10739s rate=0.18/s target=6000 remain=4070 eta=22646s
[05:29:30] [progress] new=1932 skip=0 empty=0 fail=0 processed=1932 elapsed=10743s rate=0.18/s target=6000 remain=4068 eta=22620s
[05:29:34] [progress] new=1933 skip=0 empty=0 fail=0 processed=1933 elapsed=10746s rate=0.18/s target=6000 remain=4067 eta=22610s
[05:29:37] [progress] new=1934 skip=0 empty=0 fail=0 processed=1934 elapsed=10749s rate=0.18/s target=6000 remain=4066 eta=22599s
[05:29:43] [progress] new=1936 skip=0 empty=0 fail=0 processed=1936 elapsed=10755s rate=0.18/s target=6000 remain=4064 eta=22577s
[05:29:46]   [4/5] 高知 done new=9 R (total_new=1937)
[05:29:46] [progress] new=1937 skip=0 empty=0 fail=0 processed=1937 elapsed=10758s rate=0.18/s target=6000 remain=4063 eta=22566s
[05:29:50]   [5/5] 川崎 11R start
[05:30:15] [progress] new=1938 skip=0 empty=0 fail=0 processed=1938 elapsed=10787s rate=0.18/s target=6000 remain=4062 eta=22610s
[05:30:23] [progress] new=1940 skip=0 empty=0 fail=0 processed=1940 elapsed=10795s rate=0.18/s target=6000 remain=4060 eta=22592s
[05:30:27] [progress] new=1941 skip=0 empty=0 fail=0 processed=1941 elapsed=10799s rate=0.18/s target=6000 remain=4059 eta=22583s
[05:30:31] [progress] new=1943 skip=0 empty=0 fail=0 processed=1943 elapsed=10804s rate=0.18/s target=6000 remain=4057 eta=22558s
[05:30:35] [progress] new=1944 skip=0 empty=0 fail=0 processed=1944 elapsed=10807s rate=0.18/s target=6000 remain=4056 eta=22548s
[05:30:39] [progress] new=1945 skip=0 empty=0 fail=0 processed=1945 elapsed=10812s rate=0.18/s target=6000 remain=4055 eta=22540s
[05:30:45] [progress] new=1947 skip=0 empty=0 fail=0 processed=1947 elapsed=10817s rate=0.18/s target=6000 remain=4053 eta=22518s
[05:30:50] [progress] new=1948 skip=0 empty=0 fail=0 processed=1948 elapsed=10822s rate=0.18/s target=6000 remain=4052 eta=22511s
[05:30:50]   [5/5] 川崎 done new=11 R (total_new=1948)
[05:30:50] [progress] new=1948 skip=0 empty=0 fail=0 processed=1948 elapsed=10822s rate=0.18/s target=6000 remain=4052 eta=22511s
[05:30:50] === day 72/365 2023-03-13 ===
[05:30:53]   venues=3: ['船橋', '水沢', '名古屋']
[05:30:59]   [1/3] 船橋 12R start
[05:31:27] [progress] new=1949 skip=0 empty=0 fail=0 processed=1949 elapsed=10860s rate=0.18/s target=6000 remain=4051 eta=22572s
[05:31:33] [progress] new=1951 skip=0 empty=0 fail=0 processed=1951 elapsed=10865s rate=0.18/s target=6000 remain=4049 eta=22549s
[05:31:39] [progress] new=1953 skip=0 empty=0 fail=0 processed=1953 elapsed=10871s rate=0.18/s target=6000 remain=4047 eta=22527s
[05:31:44] [progress] new=1955 skip=0 empty=0 fail=0 processed=1955 elapsed=10876s rate=0.18/s target=6000 remain=4045 eta=22503s
[05:31:50] [progress] new=1957 skip=0 empty=0 fail=0 processed=1957 elapsed=10883s rate=0.18/s target=6000 remain=4043 eta=22483s
[05:31:54] [progress] new=1958 skip=0 empty=0 fail=0 processed=1958 elapsed=10886s rate=0.18/s target=6000 remain=4042 eta=22473s
[05:31:58] [progress] new=1959 skip=0 empty=0 fail=0 processed=1959 elapsed=10890s rate=0.18/s target=6000 remain=4041 eta=22464s
[05:32:00]   [1/3] 船橋 done new=12 R (total_new=1960)
[05:32:00] [progress] new=1960 skip=0 empty=0 fail=0 processed=1960 elapsed=10893s rate=0.18/s target=6000 remain=4040 eta=22452s
[05:32:04]   [2/3] 水沢 12R start
[05:32:33] [progress] new=1961 skip=0 empty=0 fail=0 processed=1961 elapsed=10925s rate=0.18/s target=6000 remain=4039 eta=22502s
[05:32:36] [progress] new=1962 skip=0 empty=0 fail=0 processed=1962 elapsed=10928s rate=0.18/s target=6000 remain=4038 eta=22492s
[05:32:39] [progress] new=1964 skip=0 empty=0 fail=0 processed=1964 elapsed=10932s rate=0.18/s target=6000 remain=4036 eta=22465s
[05:32:43] [progress] new=1965 skip=0 empty=0 fail=0 processed=1965 elapsed=10936s rate=0.18/s target=6000 remain=4035 eta=22456s
[05:32:47] [progress] new=1966 skip=0 empty=0 fail=0 processed=1966 elapsed=10940s rate=0.18/s target=6000 remain=4034 eta=22448s
[05:32:51] [progress] new=1967 skip=0 empty=0 fail=0 processed=1967 elapsed=10944s rate=0.18/s target=6000 remain=4033 eta=22439s
[05:32:57] [progress] new=1969 skip=0 empty=0 fail=0 processed=1969 elapsed=10950s rate=0.18/s target=6000 remain=4031 eta=22417s
[05:33:02] [progress] new=1970 skip=0 empty=0 fail=0 processed=1970 elapsed=10954s rate=0.18/s target=6000 remain=4030 eta=22409s
[05:33:05] [progress] new=1972 skip=0 empty=0 fail=0 processed=1972 elapsed=10957s rate=0.18/s target=6000 remain=4028 eta=22382s
[05:33:05]   [2/3] 水沢 done new=12 R (total_new=1972)
[05:33:05] [progress] new=1972 skip=0 empty=0 fail=0 processed=1972 elapsed=10957s rate=0.18/s target=6000 remain=4028 eta=22382s
[05:33:10]   [3/3] 名古屋 12R start
[05:33:39] [progress] new=1973 skip=0 empty=0 fail=0 processed=1973 elapsed=10992s rate=0.18/s target=6000 remain=4027 eta=22434s
[05:33:45] [progress] new=1975 skip=0 empty=0 fail=0 processed=1975 elapsed=10998s rate=0.18/s target=6000 remain=4025 eta=22413s
[05:33:50] [progress] new=1977 skip=0 empty=0 fail=0 processed=1977 elapsed=11002s rate=0.18/s target=6000 remain=4023 eta=22388s
[05:33:53] [progress] new=1978 skip=0 empty=0 fail=0 processed=1978 elapsed=11006s rate=0.18/s target=6000 remain=4022 eta=22379s
[05:33:57] [progress] new=1979 skip=0 empty=0 fail=0 processed=1979 elapsed=11010s rate=0.18/s target=6000 remain=4021 eta=22370s
[05:34:01] [progress] new=1981 skip=0 empty=0 fail=0 processed=1981 elapsed=11014s rate=0.18/s target=6000 remain=4019 eta=22345s
[05:34:07] [progress] new=1983 skip=0 empty=0 fail=0 processed=1983 elapsed=11020s rate=0.18/s target=6000 remain=4017 eta=22323s
[05:34:10] [progress] new=1984 skip=0 empty=0 fail=0 processed=1984 elapsed=11023s rate=0.18/s target=6000 remain=4016 eta=22313s
[05:34:10]   [3/3] 名古屋 done new=12 R (total_new=1984)
[05:34:10] [progress] new=1984 skip=0 empty=0 fail=0 processed=1984 elapsed=11023s rate=0.18/s target=6000 remain=4016 eta=22313s
[05:34:10] === day 73/365 2023-03-14 ===
[05:34:14]   venues=5: ['水沢', '名古屋', '金沢', '園田', '高知']
[05:34:17]   [1/5] 水沢 12R start
[05:34:45] [progress] new=1985 skip=0 empty=0 fail=0 processed=1985 elapsed=11058s rate=0.18/s target=6000 remain=4015 eta=22367s
[05:34:52] [progress] new=1987 skip=0 empty=0 fail=0 processed=1987 elapsed=11065s rate=0.18/s target=6000 remain=4013 eta=22347s
[05:34:59] [progress] new=1989 skip=0 empty=0 fail=0 processed=1989 elapsed=11072s rate=0.18/s target=6000 remain=4011 eta=22327s
[05:35:06] [progress] new=1991 skip=0 empty=0 fail=0 processed=1991 elapsed=11079s rate=0.18/s target=6000 remain=4009 eta=22308s
[05:35:11] [progress] new=1993 skip=0 empty=0 fail=0 processed=1993 elapsed=11084s rate=0.18/s target=6000 remain=4007 eta=22284s
[05:35:16] [progress] new=1994 skip=0 empty=0 fail=0 processed=1994 elapsed=11089s rate=0.18/s target=6000 remain=4006 eta=22277s
[05:35:20] [progress] new=1995 skip=0 empty=0 fail=0 processed=1995 elapsed=11093s rate=0.18/s target=6000 remain=4005 eta=22269s
[05:35:23]   [1/5] 水沢 done new=12 R (total_new=1996)
[05:35:23] [progress] new=1996 skip=0 empty=0 fail=0 processed=1996 elapsed=11095s rate=0.18/s target=6000 remain=4004 eta=22257s
[05:35:29]   [2/5] 名古屋 12R start
[05:35:59] [progress] new=1997 skip=0 empty=0 fail=0 processed=1997 elapsed=11131s rate=0.18/s target=6000 remain=4003 eta=22313s
[05:36:02] [progress] new=1998 skip=0 empty=0 fail=0 processed=1998 elapsed=11135s rate=0.18/s target=6000 remain=4002 eta=22303s
[05:36:08] [progress] new=2000 skip=0 empty=0 fail=0 processed=2000 elapsed=11140s rate=0.18/s target=6000 remain=4000 eta=22281s
[05:36:12] [progress] new=2001 skip=0 empty=0 fail=0 processed=2001 elapsed=11144s rate=0.18/s target=6000 remain=3999 eta=22272s
[05:36:16] [progress] new=2002 skip=0 empty=0 fail=0 processed=2002 elapsed=11148s rate=0.18/s target=6000 remain=3998 eta=22263s
[05:36:21] [progress] new=2004 skip=0 empty=0 fail=0 processed=2004 elapsed=11154s rate=0.18/s target=6000 remain=3996 eta=22240s
[05:36:27] [progress] new=2006 skip=0 empty=0 fail=0 processed=2006 elapsed=11160s rate=0.18/s target=6000 remain=3994 eta=22219s
[05:36:33] [progress] new=2008 skip=0 empty=0 fail=0 processed=2008 elapsed=11166s rate=0.18/s target=6000 remain=3992 eta=22198s
[05:36:33]   [2/5] 名古屋 done new=12 R (total_new=2008)
[05:36:33] [progress] new=2008 skip=0 empty=0 fail=0 processed=2008 elapsed=11166s rate=0.18/s target=6000 remain=3992 eta=22198s
[05:36:38]   [3/5] 金沢 12R start
[05:37:10] [progress] new=2009 skip=0 empty=0 fail=0 processed=2009 elapsed=11203s rate=0.18/s target=6000 remain=3991 eta=22255s
[05:37:15] [progress] new=2010 skip=0 empty=0 fail=0 processed=2010 elapsed=11207s rate=0.18/s target=6000 remain=3990 eta=22247s
[05:37:19] [progress] new=2011 skip=0 empty=0 fail=0 processed=2011 elapsed=11211s rate=0.18/s target=6000 remain=3989 eta=22239s
[05:37:22] [progress] new=2012 skip=0 empty=0 fail=0 processed=2012 elapsed=11214s rate=0.18/s target=6000 remain=3988 eta=22228s
[05:37:28] [progress] new=2014 skip=0 empty=0 fail=0 processed=2014 elapsed=11221s rate=0.18/s target=6000 remain=3986 eta=22208s
[05:37:32] [progress] new=2015 skip=0 empty=0 fail=0 processed=2015 elapsed=11225s rate=0.18/s target=6000 remain=3985 eta=22199s
[05:37:36] [progress] new=2016 skip=0 empty=0 fail=0 processed=2016 elapsed=11228s rate=0.18/s target=6000 remain=3984 eta=22189s
[05:37:40] [progress] new=2017 skip=0 empty=0 fail=0 processed=2017 elapsed=11232s rate=0.18/s target=6000 remain=3983 eta=22181s
[05:37:43] [progress] new=2018 skip=0 empty=0 fail=0 processed=2018 elapsed=11236s rate=0.18/s target=6000 remain=3982 eta=22171s
[05:37:47] [progress] new=2019 skip=0 empty=0 fail=0 processed=2019 elapsed=11240s rate=0.18/s target=6000 remain=3981 eta=22162s
[05:37:50] [progress] new=2020 skip=0 empty=0 fail=0 processed=2020 elapsed=11243s rate=0.18/s target=6000 remain=3980 eta=22152s
[05:37:50]   [3/5] 金沢 done new=12 R (total_new=2020)
[05:37:50] [progress] new=2020 skip=0 empty=0 fail=0 processed=2020 elapsed=11243s rate=0.18/s target=6000 remain=3980 eta=22152s
[05:37:55]   [4/5] 園田 12R start
[05:38:25] [progress] new=2021 skip=0 empty=0 fail=0 processed=2021 elapsed=11278s rate=0.18/s target=6000 remain=3979 eta=22204s
[05:38:29] [progress] new=2022 skip=0 empty=0 fail=0 processed=2022 elapsed=11282s rate=0.18/s target=6000 remain=3978 eta=22196s
[05:38:34] [progress] new=2024 skip=0 empty=0 fail=0 processed=2024 elapsed=11287s rate=0.18/s target=6000 remain=3976 eta=22173s
[05:38:38] [progress] new=2025 skip=0 empty=0 fail=0 processed=2025 elapsed=11290s rate=0.18/s target=6000 remain=3975 eta=22162s
[05:38:42] [progress] new=2026 skip=0 empty=0 fail=0 processed=2026 elapsed=11294s rate=0.18/s target=6000 remain=3974 eta=22154s
[05:38:47] [progress] new=2028 skip=0 empty=0 fail=0 processed=2028 elapsed=11299s rate=0.18/s target=6000 remain=3972 eta=22131s
[05:38:50] [progress] new=2029 skip=0 empty=0 fail=0 processed=2029 elapsed=11303s rate=0.18/s target=6000 remain=3971 eta=22121s
[05:38:54] [progress] new=2030 skip=0 empty=0 fail=0 processed=2030 elapsed=11307s rate=0.18/s target=6000 remain=3970 eta=22112s
[05:38:58] [progress] new=2031 skip=0 empty=0 fail=0 processed=2031 elapsed=11310s rate=0.18/s target=6000 remain=3969 eta=22103s
[05:39:01]   [4/5] 園田 done new=12 R (total_new=2032)
[05:39:01] [progress] new=2032 skip=0 empty=0 fail=0 processed=2032 elapsed=11313s rate=0.18/s target=6000 remain=3968 eta=22092s
[05:39:05]   [5/5] 高知 11R start
[05:39:32] [progress] new=2033 skip=0 empty=0 fail=0 processed=2033 elapsed=11344s rate=0.18/s target=6000 remain=3967 eta=22137s
[05:39:35] [progress] new=2034 skip=0 empty=0 fail=0 processed=2034 elapsed=11348s rate=0.18/s target=6000 remain=3966 eta=22126s
[05:39:39] [progress] new=2035 skip=0 empty=0 fail=0 processed=2035 elapsed=11352s rate=0.18/s target=6000 remain=3965 eta=22117s
[05:39:44] [progress] new=2037 skip=0 empty=0 fail=0 processed=2037 elapsed=11357s rate=0.18/s target=6000 remain=3963 eta=22095s
[05:39:49] [progress] new=2038 skip=0 empty=0 fail=0 processed=2038 elapsed=11361s rate=0.18/s target=6000 remain=3962 eta=22087s
[05:39:54] [progress] new=2040 skip=0 empty=0 fail=0 processed=2040 elapsed=11366s rate=0.18/s target=6000 remain=3960 eta=22064s
[05:39:59] [progress] new=2042 skip=0 empty=0 fail=0 processed=2042 elapsed=11372s rate=0.18/s target=6000 remain=3958 eta=22042s
[05:40:02]   [5/5] 高知 done new=11 R (total_new=2043)
[05:40:02] [progress] new=2043 skip=0 empty=0 fail=0 processed=2043 elapsed=11375s rate=0.18/s target=6000 remain=3957 eta=22031s
[05:40:02] === day 74/365 2023-03-15 ===
[05:40:03]   venues=4: ['32', '金沢', '園田', '高知']
[05:40:09]   [1/4] 32 12R start
[05:40:38] [progress] new=2044 skip=0 empty=0 fail=0 processed=2044 elapsed=11411s rate=0.18/s target=6000 remain=3956 eta=22085s
[05:40:42] [progress] new=2045 skip=0 empty=0 fail=0 processed=2045 elapsed=11415s rate=0.18/s target=6000 remain=3955 eta=22076s
[05:40:46] [progress] new=2046 skip=0 empty=0 fail=0 processed=2046 elapsed=11418s rate=0.18/s target=6000 remain=3954 eta=22066s
[05:40:51] [progress] new=2048 skip=0 empty=0 fail=0 processed=2048 elapsed=11423s rate=0.18/s target=6000 remain=3952 eta=22044s
[05:40:57] [progress] new=2050 skip=0 empty=0 fail=0 processed=2050 elapsed=11430s rate=0.18/s target=6000 remain=3950 eta=22023s
[05:41:03] [progress] new=2051 skip=0 empty=0 fail=0 processed=2051 elapsed=11436s rate=0.18/s target=6000 remain=3949 eta=22018s
[05:41:07] [progress] new=2053 skip=0 empty=0 fail=0 processed=2053 elapsed=11440s rate=0.18/s target=6000 remain=3947 eta=21994s
[05:41:11] [progress] new=2054 skip=0 empty=0 fail=0 processed=2054 elapsed=11443s rate=0.18/s target=6000 remain=3946 eta=21984s
[05:41:15] [progress] new=2055 skip=0 empty=0 fail=0 processed=2055 elapsed=11448s rate=0.18/s target=6000 remain=3945 eta=21976s
[05:41:15]   [1/4] 32 done new=12 R (total_new=2055)
[05:41:15] [progress] new=2055 skip=0 empty=0 fail=0 processed=2055 elapsed=11448s rate=0.18/s target=6000 remain=3945 eta=21976s
[05:41:19]   [2/4] 金沢 12R start
[05:41:52] [progress] new=2056 skip=0 empty=0 fail=0 processed=2056 elapsed=11485s rate=0.18/s target=6000 remain=3944 eta=22031s
[05:42:00] [progress] new=2058 skip=0 empty=0 fail=0 processed=2058 elapsed=11493s rate=0.18/s target=6000 remain=3942 eta=22014s
[05:42:05] [progress] new=2059 skip=0 empty=0 fail=0 processed=2059 elapsed=11497s rate=0.18/s target=6000 remain=3941 eta=22006s
[05:42:08] [progress] new=2060 skip=0 empty=0 fail=0 processed=2060 elapsed=11501s rate=0.18/s target=6000 remain=3940 eta=21997s
[05:42:11] [progress] new=2061 skip=0 empty=0 fail=0 processed=2061 elapsed=11504s rate=0.18/s target=6000 remain=3939 eta=21986s
[05:42:15] [progress] new=2062 skip=0 empty=0 fail=0 processed=2062 elapsed=11508s rate=0.18/s target=6000 remain=3938 eta=21977s
[05:42:20] [progress] new=2063 skip=0 empty=0 fail=0 processed=2063 elapsed=11512s rate=0.18/s target=6000 remain=3937 eta=21970s
[05:42:23] [progress] new=2064 skip=0 empty=0 fail=0 processed=2064 elapsed=11515s rate=0.18/s target=6000 remain=3936 eta=21959s
[05:42:27] [progress] new=2065 skip=0 empty=0 fail=0 processed=2065 elapsed=11519s rate=0.18/s target=6000 remain=3935 eta=21951s
[05:42:31] [progress] new=2066 skip=0 empty=0 fail=0 processed=2066 elapsed=11523s rate=0.18/s target=6000 remain=3934 eta=21943s
[05:42:33]   [2/4] 金沢 done new=12 R (total_new=2067)
[05:42:33] [progress] new=2067 skip=0 empty=0 fail=0 processed=2067 elapsed=11526s rate=0.18/s target=6000 remain=3933 eta=21930s
[05:42:37]   [3/4] 園田 12R start
[05:43:06] [progress] new=2068 skip=0 empty=0 fail=0 processed=2068 elapsed=11558s rate=0.18/s target=6000 remain=3932 eta=21976s
[05:43:09] [progress] new=2069 skip=0 empty=0 fail=0 processed=2069 elapsed=11562s rate=0.18/s target=6000 remain=3931 eta=21967s
[05:43:13] [progress] new=2070 skip=0 empty=0 fail=0 processed=2070 elapsed=11565s rate=0.18/s target=6000 remain=3930 eta=21957s
[05:43:17] [progress] new=2071 skip=0 empty=0 fail=0 processed=2071 elapsed=11570s rate=0.18/s target=6000 remain=3929 eta=21950s
[05:43:21] [progress] new=2072 skip=0 empty=0 fail=0 processed=2072 elapsed=11573s rate=0.18/s target=6000 remain=3928 eta=21940s
[05:43:27] [progress] new=2074 skip=0 empty=0 fail=0 processed=2074 elapsed=11579s rate=0.18/s target=6000 remain=3926 eta=21919s
[05:43:30] [progress] new=2075 skip=0 empty=0 fail=0 processed=2075 elapsed=11582s rate=0.18/s target=6000 remain=3925 eta=21909s
[05:43:35] [progress] new=2077 skip=0 empty=0 fail=0 processed=2077 elapsed=11587s rate=0.18/s target=6000 remain=3923 eta=21886s
[05:43:38] [progress] new=2078 skip=0 empty=0 fail=0 processed=2078 elapsed=11590s rate=0.18/s target=6000 remain=3922 eta=21875s
[05:43:41] [progress] new=2079 skip=0 empty=0 fail=0 processed=2079 elapsed=11594s rate=0.18/s target=6000 remain=3921 eta=21866s
[05:43:41]   [3/4] 園田 done new=12 R (total_new=2079)
[05:43:41] [progress] new=2079 skip=0 empty=0 fail=0 processed=2079 elapsed=11594s rate=0.18/s target=6000 remain=3921 eta=21866s
[05:43:45]   [4/4] 高知 10R start
[05:44:11] [progress] new=2080 skip=0 empty=0 fail=0 processed=2080 elapsed=11624s rate=0.18/s target=6000 remain=3920 eta=21907s
[05:44:16] [progress] new=2081 skip=0 empty=0 fail=0 processed=2081 elapsed=11628s rate=0.18/s target=6000 remain=3919 eta=21899s
[05:44:20] [progress] new=2082 skip=0 empty=0 fail=0 processed=2082 elapsed=11633s rate=0.18/s target=6000 remain=3918 eta=21891s
[05:44:23] [progress] new=2083 skip=0 empty=0 fail=0 processed=2083 elapsed=11636s rate=0.18/s target=6000 remain=3917 eta=21881s
[05:44:27] [progress] new=2084 skip=0 empty=0 fail=0 processed=2084 elapsed=11640s rate=0.18/s target=6000 remain=3916 eta=21872s
[05:44:35] [progress] new=2086 skip=0 empty=0 fail=0 processed=2086 elapsed=11647s rate=0.18/s target=6000 remain=3914 eta=21854s
[05:44:39] [progress] new=2087 skip=0 empty=0 fail=0 processed=2087 elapsed=11651s rate=0.18/s target=6000 remain=3913 eta=21845s
[05:44:42] [progress] new=2088 skip=0 empty=0 fail=0 processed=2088 elapsed=11655s rate=0.18/s target=6000 remain=3912 eta=21837s
[05:44:46] [progress] new=2089 skip=0 empty=0 fail=0 processed=2089 elapsed=11659s rate=0.18/s target=6000 remain=3911 eta=21827s
[05:44:46]   [4/4] 高知 done new=10 R (total_new=2089)
[05:44:46] [progress] new=2089 skip=0 empty=0 fail=0 processed=2089 elapsed=11659s rate=0.18/s target=6000 remain=3911 eta=21827s
[05:44:46] === day 75/365 2023-03-16 ===
[05:44:49]   venues=2: ['金沢', '園田']
[05:44:56]   [1/2] 金沢 12R start
[05:45:28] [progress] new=2090 skip=0 empty=0 fail=0 processed=2090 elapsed=11700s rate=0.18/s target=6000 remain=3910 eta=21889s
[05:45:32] [progress] new=2091 skip=0 empty=0 fail=0 processed=2091 elapsed=11705s rate=0.18/s target=6000 remain=3909 eta=21882s
[05:45:36] [progress] new=2092 skip=0 empty=0 fail=0 processed=2092 elapsed=11708s rate=0.18/s target=6000 remain=3908 eta=21872s
[05:45:39] [progress] new=2093 skip=0 empty=0 fail=0 processed=2093 elapsed=11712s rate=0.18/s target=6000 remain=3907 eta=21863s
[05:45:47] [progress] new=2095 skip=0 empty=0 fail=0 processed=2095 elapsed=11719s rate=0.18/s target=6000 remain=3905 eta=21844s
[05:45:54] [progress] new=2097 skip=0 empty=0 fail=0 processed=2097 elapsed=11726s rate=0.18/s target=6000 remain=3903 eta=21825s
[05:45:57] [progress] new=2098 skip=0 empty=0 fail=0 processed=2098 elapsed=11730s rate=0.18/s target=6000 remain=3902 eta=21816s
[05:46:04] [progress] new=2100 skip=0 empty=0 fail=0 processed=2100 elapsed=11737s rate=0.18/s target=6000 remain=3900 eta=21797s
[05:46:07] [progress] new=2101 skip=0 empty=0 fail=0 processed=2101 elapsed=11740s rate=0.18/s target=6000 remain=3899 eta=21787s
[05:46:07]   [1/2] 金沢 done new=12 R (total_new=2101)
[05:46:07] [progress] new=2101 skip=0 empty=0 fail=0 processed=2101 elapsed=11740s rate=0.18/s target=6000 remain=3899 eta=21787s
[05:46:12]   [2/2] 園田 12R start
[05:46:39] [progress] new=2102 skip=0 empty=0 fail=0 processed=2102 elapsed=11772s rate=0.18/s target=6000 remain=3898 eta=21830s
[05:46:46] [progress] new=2104 skip=0 empty=0 fail=0 processed=2104 elapsed=11778s rate=0.18/s target=6000 remain=3896 eta=21810s
[05:46:51] [progress] new=2106 skip=0 empty=0 fail=0 processed=2106 elapsed=11784s rate=0.18/s target=6000 remain=3894 eta=21789s
[05:46:55] [progress] new=2107 skip=0 empty=0 fail=0 processed=2107 elapsed=11788s rate=0.18/s target=6000 remain=3893 eta=21780s
[05:47:00] [progress] new=2109 skip=0 empty=0 fail=0 processed=2109 elapsed=11792s rate=0.18/s target=6000 remain=3891 eta=21756s
[05:47:03] [progress] new=2110 skip=0 empty=0 fail=0 processed=2110 elapsed=11796s rate=0.18/s target=6000 remain=3890 eta=21747s
[05:47:06] [progress] new=2112 skip=0 empty=0 fail=0 processed=2112 elapsed=11799s rate=0.18/s target=6000 remain=3888 eta=21721s
[05:47:11] [progress] new=2113 skip=0 empty=0 fail=0 processed=2113 elapsed=11804s rate=0.18/s target=6000 remain=3887 eta=21714s
[05:47:11]   [2/2] 園田 done new=12 R (total_new=2113)
[05:47:11] [progress] new=2113 skip=0 empty=0 fail=0 processed=2113 elapsed=11804s rate=0.18/s target=6000 remain=3887 eta=21714s
[05:47:11] === day 76/365 2023-03-17 ===
[05:47:15]   venues=1: ['金沢']
[05:47:19]   [1/1] 金沢 12R start
[05:47:51] [progress] new=2114 skip=0 empty=0 fail=0 processed=2114 elapsed=11844s rate=0.18/s target=6000 remain=3886 eta=21772s
[05:47:58] [progress] new=2116 skip=0 empty=0 fail=0 processed=2116 elapsed=11850s rate=0.18/s target=6000 remain=3884 eta=21752s
[05:48:01] [progress] new=2117 skip=0 empty=0 fail=0 processed=2117 elapsed=11854s rate=0.18/s target=6000 remain=3883 eta=21743s
[05:48:07] [progress] new=2119 skip=0 empty=0 fail=0 processed=2119 elapsed=11859s rate=0.18/s target=6000 remain=3881 eta=21721s
[05:48:10] [progress] new=2120 skip=0 empty=0 fail=0 processed=2120 elapsed=11863s rate=0.18/s target=6000 remain=3880 eta=21711s
[05:48:14] [progress] new=2121 skip=0 empty=0 fail=0 processed=2121 elapsed=11866s rate=0.18/s target=6000 remain=3879 eta=21702s
[05:48:18] [progress] new=2122 skip=0 empty=0 fail=0 processed=2122 elapsed=11870s rate=0.18/s target=6000 remain=3878 eta=21693s
[05:48:22] [progress] new=2123 skip=0 empty=0 fail=0 processed=2123 elapsed=11874s rate=0.18/s target=6000 remain=3877 eta=21684s
[05:48:28] [progress] new=2125 skip=0 empty=0 fail=0 processed=2125 elapsed=11880s rate=0.18/s target=6000 remain=3875 eta=21664s
[05:48:28]   [1/1] 金沢 done new=12 R (total_new=2125)
[05:48:28] [progress] new=2125 skip=0 empty=0 fail=0 processed=2125 elapsed=11880s rate=0.18/s target=6000 remain=3875 eta=21664s
[05:48:28] === day 77/365 2023-03-18 ===
[05:48:29]   venues=2: ['船橋', '川崎']
[05:48:34]   [1/2] 船橋 12R start
[05:49:01] [progress] new=2126 skip=0 empty=0 fail=0 processed=2126 elapsed=11914s rate=0.18/s target=6000 remain=3874 eta=21709s
[05:49:07] [progress] new=2128 skip=0 empty=0 fail=0 processed=2128 elapsed=11919s rate=0.18/s target=6000 remain=3872 eta=21688s
[05:49:10] [progress] new=2129 skip=0 empty=0 fail=0 processed=2129 elapsed=11923s rate=0.18/s target=6000 remain=3871 eta=21678s
[05:49:13] [progress] new=2131 skip=0 empty=0 fail=0 processed=2131 elapsed=11926s rate=0.18/s target=6000 remain=3869 eta=21653s
[05:49:16] [progress] new=2132 skip=0 empty=0 fail=0 processed=2132 elapsed=11929s rate=0.18/s target=6000 remain=3868 eta=21642s
[05:49:20] [progress] new=2133 skip=0 empty=0 fail=0 processed=2133 elapsed=11933s rate=0.18/s target=6000 remain=3867 eta=21633s
[05:49:26] [progress] new=2135 skip=0 empty=0 fail=0 processed=2135 elapsed=11939s rate=0.18/s target=6000 remain=3865 eta=21613s
[05:49:32] [progress] new=2137 skip=0 empty=0 fail=0 processed=2137 elapsed=11944s rate=0.18/s target=6000 remain=3863 eta=21592s
[05:49:32]   [1/2] 船橋 done new=12 R (total_new=2137)
[05:49:32] [progress] new=2137 skip=0 empty=0 fail=0 processed=2137 elapsed=11944s rate=0.18/s target=6000 remain=3863 eta=21592s
[05:49:39]   [2/2] 川崎 11R start
[05:50:06] [progress] new=2138 skip=0 empty=0 fail=0 processed=2138 elapsed=11979s rate=0.18/s target=6000 remain=3862 eta=21638s
[05:50:11] [progress] new=2139 skip=0 empty=0 fail=0 processed=2139 elapsed=11984s rate=0.18/s target=6000 remain=3861 eta=21631s
[05:50:15] [progress] new=2140 skip=0 empty=0 fail=0 processed=2140 elapsed=11988s rate=0.18/s target=6000 remain=3860 eta=21623s
[05:50:19] [progress] new=2141 skip=0 empty=0 fail=0 processed=2141 elapsed=11992s rate=0.18/s target=6000 remain=3859 eta=21615s
[05:50:23] [progress] new=2143 skip=0 empty=0 fail=0 processed=2143 elapsed=11995s rate=0.18/s target=6000 remain=3857 eta=21589s
[05:50:26] [progress] new=2144 skip=0 empty=0 fail=0 processed=2144 elapsed=11999s rate=0.18/s target=6000 remain=3856 eta=21579s
[05:50:32] [progress] new=2146 skip=0 empty=0 fail=0 processed=2146 elapsed=12004s rate=0.18/s target=6000 remain=3854 eta=21558s
[05:50:37] [progress] new=2148 skip=0 empty=0 fail=0 processed=2148 elapsed=12010s rate=0.18/s target=6000 remain=3852 eta=21537s
[05:50:37]   [2/2] 川崎 done new=11 R (total_new=2148)
[05:50:37] [progress] new=2148 skip=0 empty=0 fail=0 processed=2148 elapsed=12010s rate=0.18/s target=6000 remain=3852 eta=21537s
[05:50:37] === day 78/365 2023-03-19 ===
[05:50:38]   venues=5: ['船橋', '水沢', '名古屋', '高知', '川崎']
[05:50:45]   [1/5] 船橋 12R start
[05:51:14] [progress] new=2149 skip=0 empty=0 fail=0 processed=2149 elapsed=12047s rate=0.18/s target=6000 remain=3851 eta=21588s
[05:51:19] [progress] new=2151 skip=0 empty=0 fail=0 processed=2151 elapsed=12052s rate=0.18/s target=6000 remain=3849 eta=21566s
[05:51:25] [progress] new=2153 skip=0 empty=0 fail=0 processed=2153 elapsed=12057s rate=0.18/s target=6000 remain=3847 eta=21544s
[05:51:31] [progress] new=2155 skip=0 empty=0 fail=0 processed=2155 elapsed=12063s rate=0.18/s target=6000 remain=3845 eta=21524s
[05:51:37] [progress] new=2157 skip=0 empty=0 fail=0 processed=2157 elapsed=12070s rate=0.18/s target=6000 remain=3843 eta=21504s
[05:51:41] [progress] new=2159 skip=0 empty=0 fail=0 processed=2159 elapsed=12074s rate=0.18/s target=6000 remain=3841 eta=21480s
[05:51:44]   [1/5] 船橋 done new=12 R (total_new=2160)
[05:51:44] [progress] new=2160 skip=0 empty=0 fail=0 processed=2160 elapsed=12076s rate=0.18/s target=6000 remain=3840 eta=21469s
[05:51:49]   [2/5] 水沢 12R start
[05:52:19] [progress] new=2161 skip=0 empty=0 fail=0 processed=2161 elapsed=12112s rate=0.18/s target=6000 remain=3839 eta=21516s
[05:52:23] [progress] new=2162 skip=0 empty=0 fail=0 processed=2162 elapsed=12115s rate=0.18/s target=6000 remain=3838 eta=21508s
[05:52:29] [progress] new=2164 skip=0 empty=0 fail=0 processed=2164 elapsed=12122s rate=0.18/s target=6000 remain=3836 eta=21487s
[05:52:33] [progress] new=2166 skip=0 empty=0 fail=0 processed=2166 elapsed=12126s rate=0.18/s target=6000 remain=3834 eta=21464s
[05:52:37] [progress] new=2167 skip=0 empty=0 fail=0 processed=2167 elapsed=12130s rate=0.18/s target=6000 remain=3833 eta=21455s
[05:52:41] [progress] new=2169 skip=0 empty=0 fail=0 processed=2169 elapsed=12134s rate=0.18/s target=6000 remain=3831 eta=21431s
[05:52:47] [progress] new=2171 skip=0 empty=0 fail=0 processed=2171 elapsed=12140s rate=0.18/s target=6000 remain=3829 eta=21411s
[05:52:51] [progress] new=2172 skip=0 empty=0 fail=0 processed=2172 elapsed=12143s rate=0.18/s target=6000 remain=3828 eta=21402s
[05:52:51]   [2/5] 水沢 done new=12 R (total_new=2172)
[05:52:51] [progress] new=2172 skip=0 empty=0 fail=0 processed=2172 elapsed=12143s rate=0.18/s target=6000 remain=3828 eta=21402s
[05:52:56]   [3/5] 名古屋 9R start
[05:53:18] [progress] new=2173 skip=0 empty=0 fail=0 processed=2173 elapsed=12170s rate=0.18/s target=6000 remain=3827 eta=21434s
[05:53:23] [progress] new=2176 skip=0 empty=0 fail=0 processed=2176 elapsed=12175s rate=0.18/s target=6000 remain=3824 eta=21396s
[05:53:26] [progress] new=2177 skip=0 empty=0 fail=0 processed=2177 elapsed=12179s rate=0.18/s target=6000 remain=3823 eta=21387s
[05:53:30] [progress] new=2179 skip=0 empty=0 fail=0 processed=2179 elapsed=12183s rate=0.18/s target=6000 remain=3821 eta=21363s
[05:53:34] [progress] new=2181 skip=0 empty=0 fail=0 processed=2181 elapsed=12187s rate=0.18/s target=6000 remain=3819 eta=21339s
[05:53:34]   [3/5] 名古屋 done new=9 R (total_new=2181)
[05:53:34] [progress] new=2181 skip=0 empty=0 fail=0 processed=2181 elapsed=12187s rate=0.18/s target=6000 remain=3819 eta=21339s
[05:53:39]   [4/5] 高知 10R start
[05:54:05] [progress] new=2182 skip=0 empty=0 fail=0 processed=2182 elapsed=12217s rate=0.18/s target=6000 remain=3818 eta=21377s
[05:54:10] [progress] new=2184 skip=0 empty=0 fail=0 processed=2184 elapsed=12223s rate=0.18/s target=6000 remain=3816 eta=21357s
[05:54:16] [progress] new=2186 skip=0 empty=0 fail=0 processed=2186 elapsed=12229s rate=0.18/s target=6000 remain=3814 eta=21336s
[05:54:20] [progress] new=2187 skip=0 empty=0 fail=0 processed=2187 elapsed=12233s rate=0.18/s target=6000 remain=3813 eta=21327s
[05:54:24] [progress] new=2188 skip=0 empty=0 fail=0 processed=2188 elapsed=12237s rate=0.18/s target=6000 remain=3812 eta=21319s
[05:54:29] [progress] new=2190 skip=0 empty=0 fail=0 processed=2190 elapsed=12242s rate=0.18/s target=6000 remain=3810 eta=21297s
[05:54:34] [progress] new=2191 skip=0 empty=0 fail=0 processed=2191 elapsed=12246s rate=0.18/s target=6000 remain=3809 eta=21290s
[05:54:34]   [4/5] 高知 done new=10 R (total_new=2191)
[05:54:34] [progress] new=2191 skip=0 empty=0 fail=0 processed=2191 elapsed=12246s rate=0.18/s target=6000 remain=3809 eta=21290s
[05:54:39]   [5/5] 川崎 11R start
[05:55:07] [progress] new=2192 skip=0 empty=0 fail=0 processed=2192 elapsed=12280s rate=0.18/s target=6000 remain=3808 eta=21333s
[05:55:11] [progress] new=2193 skip=0 empty=0 fail=0 processed=2193 elapsed=12284s rate=0.18/s target=6000 remain=3807 eta=21325s
[05:55:17] [progress] new=2195 skip=0 empty=0 fail=0 processed=2195 elapsed=12289s rate=0.18/s target=6000 remain=3805 eta=21304s
[05:55:23] [progress] new=2197 skip=0 empty=0 fail=0 processed=2197 elapsed=12295s rate=0.18/s target=6000 remain=3803 eta=21283s
[05:55:29] [progress] new=2199 skip=0 empty=0 fail=0 processed=2199 elapsed=12301s rate=0.18/s target=6000 remain=3801 eta=21263s
[05:55:32] [progress] new=2200 skip=0 empty=0 fail=0 processed=2200 elapsed=12305s rate=0.18/s target=6000 remain=3800 eta=21254s
[05:55:36] [progress] new=2201 skip=0 empty=0 fail=0 processed=2201 elapsed=12309s rate=0.18/s target=6000 remain=3799 eta=21245s
[05:55:39] [progress] new=2202 skip=0 empty=0 fail=0 processed=2202 elapsed=12312s rate=0.18/s target=6000 remain=3798 eta=21236s
[05:55:39]   [5/5] 川崎 done new=11 R (total_new=2202)
[05:55:39] [progress] new=2202 skip=0 empty=0 fail=0 processed=2202 elapsed=12312s rate=0.18/s target=6000 remain=3798 eta=21236s
[05:55:39] === day 79/365 2023-03-20 ===
[05:55:41]   venues=2: ['船橋', '水沢']
[05:55:47]   [1/2] 船橋 12R start
[05:56:13] [progress] new=2203 skip=0 empty=0 fail=0 processed=2203 elapsed=12346s rate=0.18/s target=6000 remain=3797 eta=21279s
[05:56:16] [progress] new=2204 skip=0 empty=0 fail=0 processed=2204 elapsed=12349s rate=0.18/s target=6000 remain=3796 eta=21269s
[05:56:20] [progress] new=2205 skip=0 empty=0 fail=0 processed=2205 elapsed=12353s rate=0.18/s target=6000 remain=3795 eta=21260s
[05:56:24] [progress] new=2207 skip=0 empty=0 fail=0 processed=2207 elapsed=12357s rate=0.18/s target=6000 remain=3793 eta=21237s
[05:56:30] [progress] new=2209 skip=0 empty=0 fail=0 processed=2209 elapsed=12363s rate=0.18/s target=6000 remain=3791 eta=21216s
[05:56:33] [progress] new=2210 skip=0 empty=0 fail=0 processed=2210 elapsed=12366s rate=0.18/s target=6000 remain=3790 eta=21206s
[05:56:39] [progress] new=2212 skip=0 empty=0 fail=0 processed=2212 elapsed=12371s rate=0.18/s target=6000 remain=3788 eta=21185s
[05:56:44] [progress] new=2214 skip=0 empty=0 fail=0 processed=2214 elapsed=12376s rate=0.18/s target=6000 remain=3786 eta=21164s
[05:56:44]   [1/2] 船橋 done new=12 R (total_new=2214)
[05:56:44] [progress] new=2214 skip=0 empty=0 fail=0 processed=2214 elapsed=12376s rate=0.18/s target=6000 remain=3786 eta=21164s
[05:56:48]   [2/2] 水沢 12R start
[05:57:14] [progress] new=2215 skip=0 empty=0 fail=0 processed=2215 elapsed=12407s rate=0.18/s target=6000 remain=3785 eta=21201s
[05:57:18] [progress] new=2217 skip=0 empty=0 fail=0 processed=2217 elapsed=12411s rate=0.18/s target=6000 remain=3783 eta=21177s
[05:57:22] [progress] new=2219 skip=0 empty=0 fail=0 processed=2219 elapsed=12415s rate=0.18/s target=6000 remain=3781 eta=21153s
[05:57:26] [progress] new=2221 skip=0 empty=0 fail=0 processed=2221 elapsed=12419s rate=0.18/s target=6000 remain=3779 eta=21131s
[05:57:30] [progress] new=2223 skip=0 empty=0 fail=0 processed=2223 elapsed=12423s rate=0.18/s target=6000 remain=3777 eta=21107s
[05:57:37] [progress] new=2225 skip=0 empty=0 fail=0 processed=2225 elapsed=12429s rate=0.18/s target=6000 remain=3775 eta=21088s
[05:57:39]   [2/2] 水沢 done new=12 R (total_new=2226)
[05:57:39] [progress] new=2226 skip=0 empty=0 fail=0 processed=2226 elapsed=12431s rate=0.18/s target=6000 remain=3774 eta=21077s
[05:57:39] === day 80/365 2023-03-21 ===
[05:57:41]   venues=5: ['水沢', '名古屋', '笠松', '園田', '高知']
[05:57:47]   [1/5] 水沢 11R start
[05:58:12] [progress] new=2227 skip=0 empty=0 fail=0 processed=2227 elapsed=12465s rate=0.18/s target=6000 remain=3773 eta=21118s
[05:58:18] [progress] new=2229 skip=0 empty=0 fail=0 processed=2229 elapsed=12471s rate=0.18/s target=6000 remain=3771 eta=21098s
[05:58:23] [progress] new=2231 skip=0 empty=0 fail=0 processed=2231 elapsed=12476s rate=0.18/s target=6000 remain=3769 eta=21076s
[05:58:29] [progress] new=2233 skip=0 empty=0 fail=0 processed=2233 elapsed=12481s rate=0.18/s target=6000 remain=3767 eta=21055s
[05:58:33] [progress] new=2234 skip=0 empty=0 fail=0 processed=2234 elapsed=12485s rate=0.18/s target=6000 remain=3766 eta=21047s
[05:58:37] [progress] new=2235 skip=0 empty=0 fail=0 processed=2235 elapsed=12489s rate=0.18/s target=6000 remain=3765 eta=21039s
[05:58:42] [progress] new=2237 skip=0 empty=0 fail=0 processed=2237 elapsed=12494s rate=0.18/s target=6000 remain=3763 eta=21017s
[05:58:42]   [1/5] 水沢 done new=11 R (total_new=2237)
[05:58:42] [progress] new=2237 skip=0 empty=0 fail=0 processed=2237 elapsed=12494s rate=0.18/s target=6000 remain=3763 eta=21017s
[05:58:47]   [2/5] 名古屋 9R start
[05:59:10] [progress] new=2238 skip=0 empty=0 fail=0 processed=2238 elapsed=12522s rate=0.18/s target=6000 remain=3762 eta=21049s
[05:59:14] [progress] new=2240 skip=0 empty=0 fail=0 processed=2240 elapsed=12527s rate=0.18/s target=6000 remain=3760 eta=21028s
[05:59:19] [progress] new=2242 skip=0 empty=0 fail=0 processed=2242 elapsed=12532s rate=0.18/s target=6000 remain=3758 eta=21005s
[05:59:24] [progress] new=2244 skip=0 empty=0 fail=0 processed=2244 elapsed=12537s rate=0.18/s target=6000 remain=3756 eta=20984s
[05:59:27] [progress] new=2245 skip=0 empty=0 fail=0 processed=2245 elapsed=12540s rate=0.18/s target=6000 remain=3755 eta=20975s
[05:59:30]   [2/5] 名古屋 done new=9 R (total_new=2246)
[05:59:30] [progress] new=2246 skip=0 empty=0 fail=0 processed=2246 elapsed=12542s rate=0.18/s target=6000 remain=3754 eta=20964s
[05:59:35]   [3/5] 笠松 10R start
[05:59:57] [progress] new=2247 skip=0 empty=0 fail=0 processed=2247 elapsed=12570s rate=0.18/s target=6000 remain=3753 eta=20994s
[06:00:01] [progress] new=2248 skip=0 empty=0 fail=0 processed=2248 elapsed=12573s rate=0.18/s target=6000 remain=3752 eta=20985s
[06:00:05] [progress] new=2250 skip=0 empty=0 fail=0 processed=2250 elapsed=12577s rate=0.18/s target=6000 remain=3750 eta=20962s
[06:00:08] [progress] new=2251 skip=0 empty=0 fail=0 processed=2251 elapsed=12581s rate=0.18/s target=6000 remain=3749 eta=20953s
[06:00:15] [progress] new=2253 skip=0 empty=0 fail=0 processed=2253 elapsed=12587s rate=0.18/s target=6000 remain=3747 eta=20934s
[06:00:19] [progress] new=2255 skip=0 empty=0 fail=0 processed=2255 elapsed=12591s rate=0.18/s target=6000 remain=3745 eta=20911s
[06:00:22] [progress] new=2256 skip=0 empty=0 fail=0 processed=2256 elapsed=12594s rate=0.18/s target=6000 remain=3744 eta=20901s
[06:00:22]   [3/5] 笠松 done new=10 R (total_new=2256)
[06:00:22] [progress] new=2256 skip=0 empty=0 fail=0 processed=2256 elapsed=12594s rate=0.18/s target=6000 remain=3744 eta=20901s
[06:00:28]   [4/5] 園田 12R start
[06:00:55] [progress] new=2257 skip=0 empty=0 fail=0 processed=2257 elapsed=12628s rate=0.18/s target=6000 remain=3743 eta=20942s
[06:01:00] [progress] new=2259 skip=0 empty=0 fail=0 processed=2259 elapsed=12633s rate=0.18/s target=6000 remain=3741 eta=20920s
[06:01:04] [progress] new=2261 skip=0 empty=0 fail=0 processed=2261 elapsed=12637s rate=0.18/s target=6000 remain=3739 eta=20897s
[06:01:10] [progress] new=2263 skip=0 empty=0 fail=0 processed=2263 elapsed=12643s rate=0.18/s target=6000 remain=3737 eta=20877s
[06:01:15] [progress] new=2264 skip=0 empty=0 fail=0 processed=2264 elapsed=12647s rate=0.18/s target=6000 remain=3736 eta=20870s
[06:01:20] [progress] new=2266 skip=0 empty=0 fail=0 processed=2266 elapsed=12653s rate=0.18/s target=6000 remain=3734 eta=20849s
[06:01:26] [progress] new=2268 skip=0 empty=0 fail=0 processed=2268 elapsed=12659s rate=0.18/s target=6000 remain=3732 eta=20831s
[06:01:26]   [4/5] 園田 done new=12 R (total_new=2268)
[06:01:26] [progress] new=2268 skip=0 empty=0 fail=0 processed=2268 elapsed=12659s rate=0.18/s target=6000 remain=3732 eta=20831s
[06:01:30]   [5/5] 高知 10R start
[06:01:54] [progress] new=2269 skip=0 empty=0 fail=0 processed=2269 elapsed=12686s rate=0.18/s target=6000 remain=3731 eta=20860s
[06:01:57] [progress] new=2270 skip=0 empty=0 fail=0 processed=2270 elapsed=12690s rate=0.18/s target=6000 remain=3730 eta=20852s
[06:02:02] [progress] new=2272 skip=0 empty=0 fail=0 processed=2272 elapsed=12694s rate=0.18/s target=6000 remain=3728 eta=20829s
[06:02:08] [progress] new=2274 skip=0 empty=0 fail=0 processed=2274 elapsed=12700s rate=0.18/s target=6000 remain=3726 eta=20809s
[06:02:14] [progress] new=2276 skip=0 empty=0 fail=0 processed=2276 elapsed=12706s rate=0.18/s target=6000 remain=3724 eta=20790s
[06:02:20] [progress] new=2278 skip=0 empty=0 fail=0 processed=2278 elapsed=12712s rate=0.18/s target=6000 remain=3722 eta=20770s
[06:02:20]   [5/5] 高知 done new=10 R (total_new=2278)
[06:02:20] [progress] new=2278 skip=0 empty=0 fail=0 processed=2278 elapsed=12712s rate=0.18/s target=6000 remain=3722 eta=20770s
[06:02:20] === day 81/365 2023-03-22 ===
[06:02:22]   venues=3: ['笠松', '園田', '高知']
[06:02:27]   [1/3] 笠松 11R start
[06:02:52] [progress] new=2279 skip=0 empty=0 fail=0 processed=2279 elapsed=12745s rate=0.18/s target=6000 remain=3721 eta=20809s
[06:02:56] [progress] new=2281 skip=0 empty=0 fail=0 processed=2281 elapsed=12749s rate=0.18/s target=6000 remain=3719 eta=20786s
[06:03:00] [progress] new=2283 skip=0 empty=0 fail=0 processed=2283 elapsed=12753s rate=0.18/s target=6000 remain=3717 eta=20763s
[06:03:04] [progress] new=2284 skip=0 empty=0 fail=0 processed=2284 elapsed=12756s rate=0.18/s target=6000 remain=3716 eta=20754s
[06:03:08] [progress] new=2286 skip=0 empty=0 fail=0 processed=2286 elapsed=12761s rate=0.18/s target=6000 remain=3714 eta=20732s
[06:03:14] [progress] new=2288 skip=0 empty=0 fail=0 processed=2288 elapsed=12767s rate=0.18/s target=6000 remain=3712 eta=20713s
[06:03:17]   [1/3] 笠松 done new=11 R (total_new=2289)
[06:03:17] [progress] new=2289 skip=0 empty=0 fail=0 processed=2289 elapsed=12769s rate=0.18/s target=6000 remain=3711 eta=20702s
[06:03:20]   [2/3] 園田 12R start
[06:03:48] [progress] new=2290 skip=0 empty=0 fail=0 processed=2290 elapsed=12801s rate=0.18/s target=6000 remain=3710 eta=20739s
[06:03:54] [progress] new=2292 skip=0 empty=0 fail=0 processed=2292 elapsed=12807s rate=0.18/s target=6000 remain=3708 eta=20719s
[06:03:59] [progress] new=2294 skip=0 empty=0 fail=0 processed=2294 elapsed=12811s rate=0.18/s target=6000 remain=3706 eta=20697s
[06:04:05] [progress] new=2296 skip=0 empty=0 fail=0 processed=2296 elapsed=12817s rate=0.18/s target=6000 remain=3704 eta=20677s
[06:04:08] [progress] new=2297 skip=0 empty=0 fail=0 processed=2297 elapsed=12821s rate=0.18/s target=6000 remain=3703 eta=20668s
[06:04:14] [progress] new=2299 skip=0 empty=0 fail=0 processed=2299 elapsed=12827s rate=0.18/s target=6000 remain=3701 eta=20649s
[06:04:18] [progress] new=2300 skip=0 empty=0 fail=0 processed=2300 elapsed=12831s rate=0.18/s target=6000 remain=3700 eta=20640s
[06:04:22] [progress] new=2301 skip=0 empty=0 fail=0 processed=2301 elapsed=12834s rate=0.18/s target=6000 remain=3699 eta=20632s
[06:04:22]   [2/3] 園田 done new=12 R (total_new=2301)
[06:04:22] [progress] new=2301 skip=0 empty=0 fail=0 processed=2301 elapsed=12834s rate=0.18/s target=6000 remain=3699 eta=20632s
[06:04:27]   [3/3] 高知 9R start
[06:04:52] [progress] new=2302 skip=0 empty=0 fail=0 processed=2302 elapsed=12864s rate=0.18/s target=6000 remain=3698 eta=20665s
[06:04:57] [progress] new=2304 skip=0 empty=0 fail=0 processed=2304 elapsed=12869s rate=0.18/s target=6000 remain=3696 eta=20645s
[06:05:04] [progress] new=2306 skip=0 empty=0 fail=0 processed=2306 elapsed=12877s rate=0.18/s target=6000 remain=3694 eta=20627s
[06:05:09] [progress] new=2308 skip=0 empty=0 fail=0 processed=2308 elapsed=12882s rate=0.18/s target=6000 remain=3692 eta=20607s
[06:05:14] [progress] new=2310 skip=0 empty=0 fail=0 processed=2310 elapsed=12887s rate=0.18/s target=6000 remain=3690 eta=20586s
[06:05:14]   [3/3] 高知 done new=9 R (total_new=2310)
[06:05:14] [progress] new=2310 skip=0 empty=0 fail=0 processed=2310 elapsed=12887s rate=0.18/s target=6000 remain=3690 eta=20586s
[06:05:14] === day 82/365 2023-03-23 ===
[06:05:16]   venues=2: ['笠松', '園田']
[06:05:20]   [1/2] 笠松 11R start
[06:05:47] [progress] new=2311 skip=0 empty=0 fail=0 processed=2311 elapsed=12919s rate=0.18/s target=6000 remain=3689 eta=20623s
[06:05:51] [progress] new=2314 skip=0 empty=0 fail=0 processed=2314 elapsed=12923s rate=0.18/s target=6000 remain=3686 eta=20586s
[06:05:54] [progress] new=2315 skip=0 empty=0 fail=0 processed=2315 elapsed=12927s rate=0.18/s target=6000 remain=3685 eta=20576s
[06:05:59] [progress] new=2317 skip=0 empty=0 fail=0 processed=2317 elapsed=12931s rate=0.18/s target=6000 remain=3683 eta=20555s
[06:06:03] [progress] new=2319 skip=0 empty=0 fail=0 processed=2319 elapsed=12935s rate=0.18/s target=6000 remain=3681 eta=20532s
[06:06:06] [progress] new=2320 skip=0 empty=0 fail=0 processed=2320 elapsed=12939s rate=0.18/s target=6000 remain=3680 eta=20524s
[06:06:08]   [1/2] 笠松 done new=11 R (total_new=2321)
[06:06:08] [progress] new=2321 skip=0 empty=0 fail=0 processed=2321 elapsed=12940s rate=0.18/s target=6000 remain=3679 eta=20511s
[06:06:12]   [2/2] 園田 12R start
[06:06:38] [progress] new=2322 skip=0 empty=0 fail=0 processed=2322 elapsed=12971s rate=0.18/s target=6000 remain=3678 eta=20546s
[06:06:44] [progress] new=2324 skip=0 empty=0 fail=0 processed=2324 elapsed=12977s rate=0.18/s target=6000 remain=3676 eta=20526s
[06:06:47] [progress] new=2325 skip=0 empty=0 fail=0 processed=2325 elapsed=12980s rate=0.18/s target=6000 remain=3675 eta=20517s
[06:06:51] [progress] new=2327 skip=0 empty=0 fail=0 processed=2327 elapsed=12984s rate=0.18/s target=6000 remain=3673 eta=20494s
[06:06:56] [progress] new=2329 skip=0 empty=0 fail=0 processed=2329 elapsed=12988s rate=0.18/s target=6000 remain=3671 eta=20472s
[06:07:01] [progress] new=2331 skip=0 empty=0 fail=0 processed=2331 elapsed=12993s rate=0.18/s target=6000 remain=3669 eta=20451s
[06:07:07] [progress] new=2333 skip=0 empty=0 fail=0 processed=2333 elapsed=13000s rate=0.18/s target=6000 remain=3667 eta=20433s
[06:07:07]   [2/2] 園田 done new=12 R (total_new=2333)
[06:07:07] [progress] new=2333 skip=0 empty=0 fail=0 processed=2333 elapsed=13000s rate=0.18/s target=6000 remain=3667 eta=20433s
[06:07:07] === day 83/365 2023-03-24 ===
[06:07:09]   venues=2: ['笠松', '川崎']
[06:07:15]   [1/2] 笠松 12R start
[06:07:44] [progress] new=2334 skip=0 empty=0 fail=0 processed=2334 elapsed=13037s rate=0.18/s target=6000 remain=3666 eta=20477s
[06:07:49] [progress] new=2336 skip=0 empty=0 fail=0 processed=2336 elapsed=13042s rate=0.18/s target=6000 remain=3664 eta=20456s
[06:07:53] [progress] new=2337 skip=0 empty=0 fail=0 processed=2337 elapsed=13046s rate=0.18/s target=6000 remain=3663 eta=20447s
[06:07:57] [progress] new=2339 skip=0 empty=0 fail=0 processed=2339 elapsed=13049s rate=0.18/s target=6000 remain=3661 eta=20425s
[06:08:00] [progress] new=2340 skip=0 empty=0 fail=0 processed=2340 elapsed=13053s rate=0.18/s target=6000 remain=3660 eta=20416s
[06:08:05] [progress] new=2342 skip=0 empty=0 fail=0 processed=2342 elapsed=13058s rate=0.18/s target=6000 remain=3658 eta=20395s
[06:08:09] [progress] new=2344 skip=0 empty=0 fail=0 processed=2344 elapsed=13061s rate=0.18/s target=6000 remain=3656 eta=20372s
[06:08:12] [progress] new=2345 skip=0 empty=0 fail=0 processed=2345 elapsed=13065s rate=0.18/s target=6000 remain=3655 eta=20363s
[06:08:12]   [1/2] 笠松 done new=12 R (total_new=2345)
[06:08:12] [progress] new=2345 skip=0 empty=0 fail=0 processed=2345 elapsed=13065s rate=0.18/s target=6000 remain=3655 eta=20363s
[06:08:17]   [2/2] 川崎 11R start
[06:08:41] [progress] new=2346 skip=0 empty=0 fail=0 processed=2346 elapsed=13094s rate=0.18/s target=6000 remain=3654 eta=20394s
[06:08:46] [progress] new=2348 skip=0 empty=0 fail=0 processed=2348 elapsed=13099s rate=0.18/s target=6000 remain=3652 eta=20373s
[06:08:50] [progress] new=2349 skip=0 empty=0 fail=0 processed=2349 elapsed=13103s rate=0.18/s target=6000 remain=3651 eta=20366s
[06:08:54] [progress] new=2350 skip=0 empty=0 fail=0 processed=2350 elapsed=13107s rate=0.18/s target=6000 remain=3650 eta=20357s
[06:09:00] [progress] new=2352 skip=0 empty=0 fail=0 processed=2352 elapsed=13113s rate=0.18/s target=6000 remain=3648 eta=20338s
[06:09:04] [progress] new=2353 skip=0 empty=0 fail=0 processed=2353 elapsed=13117s rate=0.18/s target=6000 remain=3647 eta=20330s
[06:09:08] [progress] new=2354 skip=0 empty=0 fail=0 processed=2354 elapsed=13121s rate=0.18/s target=6000 remain=3646 eta=20322s
[06:09:12] [progress] new=2356 skip=0 empty=0 fail=0 processed=2356 elapsed=13125s rate=0.18/s target=6000 remain=3644 eta=20300s
[06:09:12]   [2/2] 川崎 done new=11 R (total_new=2356)
[06:09:12] [progress] new=2356 skip=0 empty=0 fail=0 processed=2356 elapsed=13125s rate=0.18/s target=6000 remain=3644 eta=20300s
[06:09:12] === day 84/365 2023-03-25 ===
[06:09:15]   venues=2: ['名古屋', '川崎']
[06:09:20]   [1/2] 名古屋 9R start
[06:09:46] [progress] new=2357 skip=0 empty=0 fail=0 processed=2357 elapsed=13158s rate=0.18/s target=6000 remain=3643 eta=20338s
[06:09:50] [progress] new=2359 skip=0 empty=0 fail=0 processed=2359 elapsed=13162s rate=0.18/s target=6000 remain=3641 eta=20315s
[06:09:53] [progress] new=2360 skip=0 empty=0 fail=0 processed=2360 elapsed=13166s rate=0.18/s target=6000 remain=3640 eta=20307s
[06:09:57] [progress] new=2361 skip=0 empty=0 fail=0 processed=2361 elapsed=13169s rate=0.18/s target=6000 remain=3639 eta=20298s
[06:10:01] [progress] new=2363 skip=0 empty=0 fail=0 processed=2363 elapsed=13173s rate=0.18/s target=6000 remain=3637 eta=20276s
[06:10:06] [progress] new=2365 skip=0 empty=0 fail=0 processed=2365 elapsed=13179s rate=0.18/s target=6000 remain=3635 eta=20256s
[06:10:06]   [1/2] 名古屋 done new=9 R (total_new=2365)
[06:10:06] [progress] new=2365 skip=0 empty=0 fail=0 processed=2365 elapsed=13179s rate=0.18/s target=6000 remain=3635 eta=20256s
[06:10:09]   [2/2] 川崎 11R start
[06:10:34] [progress] new=2366 skip=0 empty=0 fail=0 processed=2366 elapsed=13207s rate=0.18/s target=6000 remain=3634 eta=20285s
[06:10:38] [progress] new=2367 skip=0 empty=0 fail=0 processed=2367 elapsed=13211s rate=0.18/s target=6000 remain=3633 eta=20277s
[06:10:44] [progress] new=2369 skip=0 empty=0 fail=0 processed=2369 elapsed=13217s rate=0.18/s target=6000 remain=3631 eta=20258s
[06:10:49] [progress] new=2371 skip=0 empty=0 fail=0 processed=2371 elapsed=13222s rate=0.18/s target=6000 remain=3629 eta=20237s
[06:10:55] [progress] new=2373 skip=0 empty=0 fail=0 processed=2373 elapsed=13228s rate=0.18/s target=6000 remain=3627 eta=20218s
[06:10:59] [progress] new=2374 skip=0 empty=0 fail=0 processed=2374 elapsed=13232s rate=0.18/s target=6000 remain=3626 eta=20210s
[06:11:02] [progress] new=2375 skip=0 empty=0 fail=0 processed=2375 elapsed=13235s rate=0.18/s target=6000 remain=3625 eta=20200s
[06:11:06] [progress] new=2376 skip=0 empty=0 fail=0 processed=2376 elapsed=13238s rate=0.18/s target=6000 remain=3624 eta=20192s
[06:11:06]   [2/2] 川崎 done new=11 R (total_new=2376)
[06:11:06] [progress] new=2376 skip=0 empty=0 fail=0 processed=2376 elapsed=13238s rate=0.18/s target=6000 remain=3624 eta=20192s
[06:11:06] === day 85/365 2023-03-26 ===
[06:11:08]   venues=3: ['水沢', '高知', '川崎']
[06:11:11]   [1/3] 水沢 11R start
[06:11:36] [progress] new=2377 skip=0 empty=0 fail=0 processed=2377 elapsed=13269s rate=0.18/s target=6000 remain=3623 eta=20224s
[06:11:43] [progress] new=2379 skip=0 empty=0 fail=0 processed=2379 elapsed=13275s rate=0.18/s target=6000 remain=3621 eta=20206s
[06:11:47] [progress] new=2381 skip=0 empty=0 fail=0 processed=2381 elapsed=13280s rate=0.18/s target=6000 remain=3619 eta=20185s
[06:11:51] [progress] new=2382 skip=0 empty=0 fail=0 processed=2382 elapsed=13284s rate=0.18/s target=6000 remain=3618 eta=20176s
[06:11:56] [progress] new=2384 skip=0 empty=0 fail=0 processed=2384 elapsed=13288s rate=0.18/s target=6000 remain=3616 eta=20155s
[06:12:02] [progress] new=2386 skip=0 empty=0 fail=0 processed=2386 elapsed=13295s rate=0.18/s target=6000 remain=3614 eta=20137s
[06:12:05] [progress] new=2387 skip=0 empty=0 fail=0 processed=2387 elapsed=13298s rate=0.18/s target=6000 remain=3613 eta=20128s
[06:12:05]   [1/3] 水沢 done new=11 R (total_new=2387)
[06:12:05] [progress] new=2387 skip=0 empty=0 fail=0 processed=2387 elapsed=13298s rate=0.18/s target=6000 remain=3613 eta=20128s
[06:12:08]   [2/3] 高知 12R start
[06:12:39] [progress] new=2388 skip=0 empty=0 fail=0 processed=2388 elapsed=13332s rate=0.18/s target=6000 remain=3612 eta=20165s
[06:12:44] [progress] new=2390 skip=0 empty=0 fail=0 processed=2390 elapsed=13337s rate=0.18/s target=6000 remain=3610 eta=20145s
[06:12:50] [progress] new=2392 skip=0 empty=0 fail=0 processed=2392 elapsed=13342s rate=0.18/s target=6000 remain=3608 eta=20125s
[06:12:55] [progress] new=2394 skip=0 empty=0 fail=0 processed=2394 elapsed=13347s rate=0.18/s target=6000 remain=3606 eta=20105s
[06:12:59] [progress] new=2395 skip=0 empty=0 fail=0 processed=2395 elapsed=13351s rate=0.18/s target=6000 remain=3605 eta=20096s
[06:13:02] [progress] new=2396 skip=0 empty=0 fail=0 processed=2396 elapsed=13355s rate=0.18/s target=6000 remain=3604 eta=20088s
[06:13:09] [progress] new=2398 skip=0 empty=0 fail=0 processed=2398 elapsed=13361s rate=0.18/s target=6000 remain=3602 eta=20070s
[06:13:12] [progress] new=2399 skip=0 empty=0 fail=0 processed=2399 elapsed=13364s rate=0.18/s target=6000 remain=3601 eta=20060s
[06:13:12]   [2/3] 高知 done new=12 R (total_new=2399)
[06:13:12] [progress] new=2399 skip=0 empty=0 fail=0 processed=2399 elapsed=13364s rate=0.18/s target=6000 remain=3601 eta=20060s
[06:13:17]   [3/3] 川崎 11R start
[06:13:44] [progress] new=2400 skip=0 empty=0 fail=0 processed=2400 elapsed=13397s rate=0.18/s target=6000 remain=3600 eta=20095s
[06:13:51] [progress] new=2402 skip=0 empty=0 fail=0 processed=2402 elapsed=13403s rate=0.18/s target=6000 remain=3598 eta=20077s
[06:13:57] [progress] new=2404 skip=0 empty=0 fail=0 processed=2404 elapsed=13409s rate=0.18/s target=6000 remain=3596 eta=20058s
[06:14:00] [progress] new=2405 skip=0 empty=0 fail=0 processed=2405 elapsed=13413s rate=0.18/s target=6000 remain=3595 eta=20050s
[06:14:07] [progress] new=2407 skip=0 empty=0 fail=0 processed=2407 elapsed=13419s rate=0.18/s target=6000 remain=3593 eta=20032s
[06:14:11] [progress] new=2409 skip=0 empty=0 fail=0 processed=2409 elapsed=13424s rate=0.18/s target=6000 remain=3591 eta=20011s
[06:14:15] [progress] new=2410 skip=0 empty=0 fail=0 processed=2410 elapsed=13428s rate=0.18/s target=6000 remain=3590 eta=20002s
[06:14:15]   [3/3] 川崎 done new=11 R (total_new=2410)
[06:14:15] [progress] new=2410 skip=0 empty=0 fail=0 processed=2410 elapsed=13428s rate=0.18/s target=6000 remain=3590 eta=20002s
[06:14:15] === day 86/365 2023-03-27 ===
[06:14:18]   venues=3: ['水沢', '名古屋', '金沢']
[06:14:23]   [1/3] 水沢 11R start
[06:14:50] [progress] new=2411 skip=0 empty=0 fail=0 processed=2411 elapsed=13463s rate=0.18/s target=6000 remain=3589 eta=20041s
[06:14:56] [progress] new=2413 skip=0 empty=0 fail=0 processed=2413 elapsed=13469s rate=0.18/s target=6000 remain=3587 eta=20022s
[06:15:02] [progress] new=2415 skip=0 empty=0 fail=0 processed=2415 elapsed=13475s rate=0.18/s target=6000 remain=3585 eta=20003s
[06:15:06] [progress] new=2416 skip=0 empty=0 fail=0 processed=2416 elapsed=13479s rate=0.18/s target=6000 remain=3584 eta=19995s
[06:15:10] [progress] new=2417 skip=0 empty=0 fail=0 processed=2417 elapsed=13483s rate=0.18/s target=6000 remain=3583 eta=19987s
[06:15:16] [progress] new=2419 skip=0 empty=0 fail=0 processed=2419 elapsed=13488s rate=0.18/s target=6000 remain=3581 eta=19967s
[06:15:22] [progress] new=2421 skip=0 empty=0 fail=0 processed=2421 elapsed=13494s rate=0.18/s target=6000 remain=3579 eta=19949s
[06:15:22]   [1/3] 水沢 done new=11 R (total_new=2421)
[06:15:22] [progress] new=2421 skip=0 empty=0 fail=0 processed=2421 elapsed=13494s rate=0.18/s target=6000 remain=3579 eta=19949s
[06:15:25]   [2/3] 名古屋 9R start
[06:15:46] [progress] new=2422 skip=0 empty=0 fail=0 processed=2422 elapsed=13518s rate=0.18/s target=6000 remain=3578 eta=19971s
[06:15:51] [progress] new=2424 skip=0 empty=0 fail=0 processed=2424 elapsed=13524s rate=0.18/s target=6000 remain=3576 eta=19951s
[06:15:55] [progress] new=2426 skip=0 empty=0 fail=0 processed=2426 elapsed=13528s rate=0.18/s target=6000 remain=3574 eta=19929s
[06:15:59] [progress] new=2428 skip=0 empty=0 fail=0 processed=2428 elapsed=13531s rate=0.18/s target=6000 remain=3572 eta=19907s
[06:16:02] [progress] new=2429 skip=0 empty=0 fail=0 processed=2429 elapsed=13535s rate=0.18/s target=6000 remain=3571 eta=19899s
[06:16:05]   [2/3] 名古屋 done new=9 R (total_new=2430)
[06:16:05] [progress] new=2430 skip=0 empty=0 fail=0 processed=2430 elapsed=13537s rate=0.18/s target=6000 remain=3570 eta=19888s
[06:16:10]   [3/3] 金沢 12R start
[06:16:43] [progress] new=2431 skip=0 empty=0 fail=0 processed=2431 elapsed=13576s rate=0.18/s target=6000 remain=3569 eta=19931s
[06:16:50] [progress] new=2433 skip=0 empty=0 fail=0 processed=2433 elapsed=13582s rate=0.18/s target=6000 remain=3567 eta=19913s
[06:16:53] [progress] new=2434 skip=0 empty=0 fail=0 processed=2434 elapsed=13586s rate=0.18/s target=6000 remain=3566 eta=19905s
[06:17:01] [progress] new=2436 skip=0 empty=0 fail=0 processed=2436 elapsed=13593s rate=0.18/s target=6000 remain=3564 eta=19888s
[06:17:07] [progress] new=2438 skip=0 empty=0 fail=0 processed=2438 elapsed=13599s rate=0.18/s target=6000 remain=3562 eta=19869s
[06:17:11] [progress] new=2439 skip=0 empty=0 fail=0 processed=2439 elapsed=13603s rate=0.18/s target=6000 remain=3561 eta=19861s
[06:17:17] [progress] new=2441 skip=0 empty=0 fail=0 processed=2441 elapsed=13609s rate=0.18/s target=6000 remain=3559 eta=19842s
[06:17:21] [progress] new=2442 skip=0 empty=0 fail=0 processed=2442 elapsed=13613s rate=0.18/s target=6000 remain=3558 eta=19834s
[06:17:21]   [3/3] 金沢 done new=12 R (total_new=2442)
[06:17:21] [progress] new=2442 skip=0 empty=0 fail=0 processed=2442 elapsed=13613s rate=0.18/s target=6000 remain=3558 eta=19834s
[06:17:21] === day 87/365 2023-03-28 ===
[06:17:22]   venues=4: ['水沢', '名古屋', '園田', '高知']
[06:17:25]   [1/4] 水沢 12R start
[06:17:52] [progress] new=2443 skip=0 empty=0 fail=0 processed=2443 elapsed=13644s rate=0.18/s target=6000 remain=3557 eta=19866s
[06:17:56] [progress] new=2444 skip=0 empty=0 fail=0 processed=2444 elapsed=13648s rate=0.18/s target=6000 remain=3556 eta=19858s
[06:17:59] [progress] new=2446 skip=0 empty=0 fail=0 processed=2446 elapsed=13652s rate=0.18/s target=6000 remain=3554 eta=19836s
[06:18:02] [progress] new=2447 skip=0 empty=0 fail=0 processed=2447 elapsed=13655s rate=0.18/s target=6000 remain=3553 eta=19827s
[06:18:06] [progress] new=2448 skip=0 empty=0 fail=0 processed=2448 elapsed=13659s rate=0.18/s target=6000 remain=3552 eta=19818s
[06:18:12] [progress] new=2450 skip=0 empty=0 fail=0 processed=2450 elapsed=13665s rate=0.18/s target=6000 remain=3550 eta=19800s
[06:18:16] [progress] new=2452 skip=0 empty=0 fail=0 processed=2452 elapsed=13669s rate=0.18/s target=6000 remain=3548 eta=19778s
[06:18:21] [progress] new=2454 skip=0 empty=0 fail=0 processed=2454 elapsed=13673s rate=0.18/s target=6000 remain=3546 eta=19758s
[06:18:21]   [1/4] 水沢 done new=12 R (total_new=2454)
[06:18:21] [progress] new=2454 skip=0 empty=0 fail=0 processed=2454 elapsed=13673s rate=0.18/s target=6000 remain=3546 eta=19758s
[06:18:24]   [2/4] 名古屋 8R start
[06:18:47] [progress] new=2455 skip=0 empty=0 fail=0 processed=2455 elapsed=13699s rate=0.18/s target=6000 remain=3545 eta=19782s
[06:18:51] [progress] new=2457 skip=0 empty=0 fail=0 processed=2457 elapsed=13704s rate=0.18/s target=6000 remain=3543 eta=19761s
[06:18:56] [progress] new=2459 skip=0 empty=0 fail=0 processed=2459 elapsed=13709s rate=0.18/s target=6000 remain=3541 eta=19741s
[06:19:02] [progress] new=2461 skip=0 empty=0 fail=0 processed=2461 elapsed=13715s rate=0.18/s target=6000 remain=3539 eta=19723s
[06:19:04]   [2/4] 名古屋 done new=8 R (total_new=2462)
[06:19:04] [progress] new=2462 skip=0 empty=0 fail=0 processed=2462 elapsed=13717s rate=0.18/s target=6000 remain=3538 eta=19711s
[06:19:09]   [3/4] 園田 12R start
[06:19:33] [progress] new=2463 skip=0 empty=0 fail=0 processed=2463 elapsed=13746s rate=0.18/s target=6000 remain=3537 eta=19740s
[06:19:38] [progress] new=2464 skip=0 empty=0 fail=0 processed=2464 elapsed=13751s rate=0.18/s target=6000 remain=3536 eta=19733s
[06:19:43] [progress] new=2465 skip=0 empty=0 fail=0 processed=2465 elapsed=13755s rate=0.18/s target=6000 remain=3535 eta=19726s
[06:19:46] [progress] new=2467 skip=0 empty=0 fail=0 processed=2467 elapsed=13759s rate=0.18/s target=6000 remain=3533 eta=19704s
[06:19:53] [progress] new=2469 skip=0 empty=0 fail=0 processed=2469 elapsed=13766s rate=0.18/s target=6000 remain=3531 eta=19687s
[06:20:00] [progress] new=2471 skip=0 empty=0 fail=0 processed=2471 elapsed=13772s rate=0.18/s target=6000 remain=3529 eta=19669s
[06:20:05] [progress] new=2473 skip=0 empty=0 fail=0 processed=2473 elapsed=13777s rate=0.18/s target=6000 remain=3527 eta=19649s
[06:20:07]   [3/4] 園田 done new=12 R (total_new=2474)
[06:20:07] [progress] new=2474 skip=0 empty=0 fail=0 processed=2474 elapsed=13780s rate=0.18/s target=6000 remain=3526 eta=19640s
[06:20:12]   [4/4] 高知 12R start
[06:20:43] [progress] new=2475 skip=0 empty=0 fail=0 processed=2475 elapsed=13815s rate=0.18/s target=6000 remain=3525 eta=19676s
[06:20:49] [progress] new=2477 skip=0 empty=0 fail=0 processed=2477 elapsed=13822s rate=0.18/s target=6000 remain=3523 eta=19659s
[06:20:55] [progress] new=2479 skip=0 empty=0 fail=0 processed=2479 elapsed=13828s rate=0.18/s target=6000 remain=3521 eta=19640s
[06:20:58] [progress] new=2480 skip=0 empty=0 fail=0 processed=2480 elapsed=13831s rate=0.18/s target=6000 remain=3520 eta=19631s
[06:21:05] [progress] new=2482 skip=0 empty=0 fail=0 processed=2482 elapsed=13838s rate=0.18/s target=6000 remain=3518 eta=19614s
[06:21:11] [progress] new=2484 skip=0 empty=0 fail=0 processed=2484 elapsed=13843s rate=0.18/s target=6000 remain=3516 eta=19594s
[06:21:14] [progress] new=2485 skip=0 empty=0 fail=0 processed=2485 elapsed=13847s rate=0.18/s target=6000 remain=3515 eta=19586s
[06:21:18] [progress] new=2486 skip=0 empty=0 fail=0 processed=2486 elapsed=13851s rate=0.18/s target=6000 remain=3514 eta=19579s
[06:21:18]   [4/4] 高知 done new=12 R (total_new=2486)
[06:21:18] [progress] new=2486 skip=0 empty=0 fail=0 processed=2486 elapsed=13851s rate=0.18/s target=6000 remain=3514 eta=19579s
[06:21:18] === day 88/365 2023-03-29 ===
[06:21:20]   venues=3: ['金沢', '園田', '高知']
[06:21:24]   [1/3] 金沢 12R start
[06:21:54] [progress] new=2487 skip=0 empty=0 fail=0 processed=2487 elapsed=13887s rate=0.18/s target=6000 remain=3513 eta=19616s
[06:22:01] [progress] new=2489 skip=0 empty=0 fail=0 processed=2489 elapsed=13894s rate=0.18/s target=6000 remain=3511 eta=19598s
[06:22:04] [progress] new=2490 skip=0 empty=0 fail=0 processed=2490 elapsed=13897s rate=0.18/s target=6000 remain=3510 eta=19590s
[06:22:10] [progress] new=2492 skip=0 empty=0 fail=0 processed=2492 elapsed=13903s rate=0.18/s target=6000 remain=3508 eta=19571s
[06:22:18] [progress] new=2494 skip=0 empty=0 fail=0 processed=2494 elapsed=13910s rate=0.18/s target=6000 remain=3506 eta=19555s
[06:22:21] [progress] new=2495 skip=0 empty=0 fail=0 processed=2495 elapsed=13914s rate=0.18/s target=6000 remain=3505 eta=19546s
[06:22:28] [progress] new=2497 skip=0 empty=0 fail=0 processed=2497 elapsed=13921s rate=0.18/s target=6000 remain=3503 eta=19529s
[06:22:30]   [1/3] 金沢 done new=12 R (total_new=2498)
[06:22:30] [progress] new=2498 skip=0 empty=0 fail=0 processed=2498 elapsed=13923s rate=0.18/s target=6000 remain=3502 eta=19519s
[06:22:37]   [2/3] 園田 12R start
[06:23:04] [progress] new=2499 skip=0 empty=0 fail=0 processed=2499 elapsed=13956s rate=0.18/s target=6000 remain=3501 eta=19552s
[06:23:08] [progress] new=2500 skip=0 empty=0 fail=0 processed=2500 elapsed=13960s rate=0.18/s target=6000 remain=3500 eta=19544s
[06:23:14] [progress] new=2502 skip=0 empty=0 fail=0 processed=2502 elapsed=13966s rate=0.18/s target=6000 remain=3498 eta=19526s
[06:23:19] [progress] new=2504 skip=0 empty=0 fail=0 processed=2504 elapsed=13971s rate=0.18/s target=6000 remain=3496 eta=19506s
[06:23:23] [progress] new=2506 skip=0 empty=0 fail=0 processed=2506 elapsed=13976s rate=0.18/s target=6000 remain=3494 eta=19486s
[06:23:30] [progress] new=2508 skip=0 empty=0 fail=0 processed=2508 elapsed=13982s rate=0.18/s target=6000 remain=3492 eta=19468s
[06:23:35] [progress] new=2510 skip=0 empty=0 fail=0 processed=2510 elapsed=13987s rate=0.18/s target=6000 remain=3490 eta=19448s
[06:23:35]   [2/3] 園田 done new=12 R (total_new=2510)
[06:23:35] [progress] new=2510 skip=0 empty=0 fail=0 processed=2510 elapsed=13987s rate=0.18/s target=6000 remain=3490 eta=19448s
[06:23:40]   [3/3] 高知 12R start
[06:24:11] [progress] new=2511 skip=0 empty=0 fail=0 processed=2511 elapsed=14023s rate=0.18/s target=6000 remain=3489 eta=19485s
[06:24:15] [progress] new=2512 skip=0 empty=0 fail=0 processed=2512 elapsed=14027s rate=0.18/s target=6000 remain=3488 eta=19477s
[06:24:20] [progress] new=2514 skip=0 empty=0 fail=0 processed=2514 elapsed=14033s rate=0.18/s target=6000 remain=3486 eta=19458s
[06:24:24] [progress] new=2515 skip=0 empty=0 fail=0 processed=2515 elapsed=14036s rate=0.18/s target=6000 remain=3485 eta=19450s
[06:24:27] [progress] new=2516 skip=0 empty=0 fail=0 processed=2516 elapsed=14039s rate=0.18/s target=6000 remain=3484 eta=19441s
[06:24:30] [progress] new=2517 skip=0 empty=0 fail=0 processed=2517 elapsed=14043s rate=0.18/s target=6000 remain=3483 eta=19432s
[06:24:34] [progress] new=2518 skip=0 empty=0 fail=0 processed=2518 elapsed=14046s rate=0.18/s target=6000 remain=3482 eta=19424s
[06:24:38] [progress] new=2519 skip=0 empty=0 fail=0 processed=2519 elapsed=14050s rate=0.18/s target=6000 remain=3481 eta=19416s
[06:24:41] [progress] new=2520 skip=0 empty=0 fail=0 processed=2520 elapsed=14053s rate=0.18/s target=6000 remain=3480 eta=19407s
[06:24:47] [progress] new=2522 skip=0 empty=0 fail=0 processed=2522 elapsed=14060s rate=0.18/s target=6000 remain=3478 eta=19390s
[06:24:47]   [3/3] 高知 done new=12 R (total_new=2522)
[06:24:47] [progress] new=2522 skip=0 empty=0 fail=0 processed=2522 elapsed=14060s rate=0.18/s target=6000 remain=3478 eta=19390s
[06:24:47] === day 89/365 2023-03-30 ===
[06:24:50]   venues=2: ['金沢', '園田']
[06:24:57]   [1/2] 金沢 12R start
[06:25:27] [progress] new=2523 skip=0 empty=0 fail=0 processed=2523 elapsed=14100s rate=0.18/s target=6000 remain=3477 eta=19431s
[06:25:33] [progress] new=2525 skip=0 empty=0 fail=0 processed=2525 elapsed=14106s rate=0.18/s target=6000 remain=3475 eta=19413s
[06:25:40] [progress] new=2527 skip=0 empty=0 fail=0 processed=2527 elapsed=14112s rate=0.18/s target=6000 remain=3473 eta=19395s
[06:25:44] [progress] new=2528 skip=0 empty=0 fail=0 processed=2528 elapsed=14116s rate=0.18/s target=6000 remain=3472 eta=19387s
[06:25:47] [progress] new=2529 skip=0 empty=0 fail=0 processed=2529 elapsed=14120s rate=0.18/s target=6000 remain=3471 eta=19379s
[06:25:54] [progress] new=2531 skip=0 empty=0 fail=0 processed=2531 elapsed=14127s rate=0.18/s target=6000 remain=3469 eta=19362s
[06:25:58] [progress] new=2532 skip=0 empty=0 fail=0 processed=2532 elapsed=14131s rate=0.18/s target=6000 remain=3468 eta=19354s
[06:26:04] [progress] new=2534 skip=0 empty=0 fail=0 processed=2534 elapsed=14137s rate=0.18/s target=6000 remain=3466 eta=19336s
[06:26:04]   [1/2] 金沢 done new=12 R (total_new=2534)
[06:26:04] [progress] new=2534 skip=0 empty=0 fail=0 processed=2534 elapsed=14137s rate=0.18/s target=6000 remain=3466 eta=19336s
[06:26:11]   [2/2] 園田 12R start
[06:26:41] [progress] new=2535 skip=0 empty=0 fail=0 processed=2535 elapsed=14174s rate=0.18/s target=6000 remain=3465 eta=19373s
[06:26:45] [progress] new=2536 skip=0 empty=0 fail=0 processed=2536 elapsed=14178s rate=0.18/s target=6000 remain=3464 eta=19366s
[06:26:50] [progress] new=2538 skip=0 empty=0 fail=0 processed=2538 elapsed=14182s rate=0.18/s target=6000 remain=3462 eta=19346s
[06:26:55] [progress] new=2540 skip=0 empty=0 fail=0 processed=2540 elapsed=14188s rate=0.18/s target=6000 remain=3460 eta=19327s
[06:26:59] [progress] new=2541 skip=0 empty=0 fail=0 processed=2541 elapsed=14191s rate=0.18/s target=6000 remain=3459 eta=19318s
[06:27:03] [progress] new=2542 skip=0 empty=0 fail=0 processed=2542 elapsed=14195s rate=0.18/s target=6000 remain=3458 eta=19311s
[06:27:07] [progress] new=2544 skip=0 empty=0 fail=0 processed=2544 elapsed=14200s rate=0.18/s target=6000 remain=3456 eta=19290s
[06:27:12] [progress] new=2546 skip=0 empty=0 fail=0 processed=2546 elapsed=14205s rate=0.18/s target=6000 remain=3454 eta=19271s
[06:27:12]   [2/2] 園田 done new=12 R (total_new=2546)
[06:27:12] [progress] new=2546 skip=0 empty=0 fail=0 processed=2546 elapsed=14205s rate=0.18/s target=6000 remain=3454 eta=19271s
[06:27:12] === day 90/365 2023-03-31 ===
[06:27:13]   venues=2: ['金沢', '園田']
[06:27:16]   [1/2] 金沢 12R start
[06:27:48] [progress] new=2547 skip=0 empty=0 fail=0 processed=2547 elapsed=14241s rate=0.18/s target=6000 remain=3453 eta=19307s
[06:27:54] [progress] new=2549 skip=0 empty=0 fail=0 processed=2549 elapsed=14247s rate=0.18/s target=6000 remain=3451 eta=19288s
[06:27:58] [progress] new=2550 skip=0 empty=0 fail=0 processed=2550 elapsed=14251s rate=0.18/s target=6000 remain=3450 eta=19280s
[06:28:03] [progress] new=2552 skip=0 empty=0 fail=0 processed=2552 elapsed=14256s rate=0.18/s target=6000 remain=3448 eta=19261s
[06:28:10] [progress] new=2554 skip=0 empty=0 fail=0 processed=2554 elapsed=14262s rate=0.18/s target=6000 remain=3446 eta=19244s
[06:28:14] [progress] new=2555 skip=0 empty=0 fail=0 processed=2555 elapsed=14266s rate=0.18/s target=6000 remain=3445 eta=19236s
[06:28:18] [progress] new=2556 skip=0 empty=0 fail=0 processed=2556 elapsed=14270s rate=0.18/s target=6000 remain=3444 eta=19228s
[06:28:22] [progress] new=2557 skip=0 empty=0 fail=0 processed=2557 elapsed=14274s rate=0.18/s target=6000 remain=3443 eta=19220s
[06:28:25] [progress] new=2558 skip=0 empty=0 fail=0 processed=2558 elapsed=14277s rate=0.18/s target=6000 remain=3442 eta=19211s
[06:28:25]   [1/2] 金沢 done new=12 R (total_new=2558)
[06:28:25] [progress] new=2558 skip=0 empty=0 fail=0 processed=2558 elapsed=14277s rate=0.18/s target=6000 remain=3442 eta=19211s
[06:28:30]   [2/2] 園田 12R start
[06:28:56] [progress] new=2559 skip=0 empty=0 fail=0 processed=2559 elapsed=14309s rate=0.18/s target=6000 remain=3441 eta=19241s
[06:29:02] [progress] new=2561 skip=0 empty=0 fail=0 processed=2561 elapsed=14314s rate=0.18/s target=6000 remain=3439 eta=19222s
[06:29:06] [progress] new=2563 skip=0 empty=0 fail=0 processed=2563 elapsed=14318s rate=0.18/s target=6000 remain=3437 eta=19201s
[06:29:11] [progress] new=2565 skip=0 empty=0 fail=0 processed=2565 elapsed=14323s rate=0.18/s target=6000 remain=3435 eta=19181s
[06:29:15] [progress] new=2566 skip=0 empty=0 fail=0 processed=2566 elapsed=14327s rate=0.18/s target=6000 remain=3434 eta=19174s
[06:29:21] [progress] new=2568 skip=0 empty=0 fail=0 processed=2568 elapsed=14333s rate=0.18/s target=6000 remain=3432 eta=19156s
[06:29:26] [progress] new=2570 skip=0 empty=0 fail=0 processed=2570 elapsed=14338s rate=0.18/s target=6000 remain=3430 eta=19136s
[06:29:26]   [2/2] 園田 done new=12 R (total_new=2570)
[06:29:26] [progress] new=2570 skip=0 empty=0 fail=0 processed=2570 elapsed=14338s rate=0.18/s target=6000 remain=3430 eta=19136s
[06:29:26] === day 91/365 2023-04-01 ===
[06:29:28]   venues=1: ['川崎']
[06:29:34]   [1/1] 川崎 11R start
[06:30:00] [progress] new=2571 skip=0 empty=0 fail=0 processed=2571 elapsed=14373s rate=0.18/s target=6000 remain=3429 eta=19169s
[06:30:06] [progress] new=2573 skip=0 empty=0 fail=0 processed=2573 elapsed=14378s rate=0.18/s target=6000 remain=3427 eta=19151s
[06:30:12] [progress] new=2575 skip=0 empty=0 fail=0 processed=2575 elapsed=14385s rate=0.18/s target=6000 remain=3425 eta=19133s
[06:30:19] [progress] new=2577 skip=0 empty=0 fail=0 processed=2577 elapsed=14391s rate=0.18/s target=6000 remain=3423 eta=19116s
[06:30:22] [progress] new=2578 skip=0 empty=0 fail=0 processed=2578 elapsed=14394s rate=0.18/s target=6000 remain=3422 eta=19107s
[06:30:29] [progress] new=2580 skip=0 empty=0 fail=0 processed=2580 elapsed=14401s rate=0.18/s target=6000 remain=3420 eta=19090s
[06:30:34] [progress] new=2581 skip=0 empty=0 fail=0 processed=2581 elapsed=14406s rate=0.18/s target=6000 remain=3419 eta=19084s
[06:30:34]   [1/1] 川崎 done new=11 R (total_new=2581)
[06:30:34] [progress] new=2581 skip=0 empty=0 fail=0 processed=2581 elapsed=14406s rate=0.18/s target=6000 remain=3419 eta=19084s
[06:30:34] === day 92/365 2023-04-02 ===
[06:30:37]   venues=3: ['水沢', '名古屋', '川崎']
[06:30:42]   [1/3] 水沢 11R start
[06:31:08] [progress] new=2582 skip=0 empty=0 fail=0 processed=2582 elapsed=14440s rate=0.18/s target=6000 remain=3418 eta=19116s
[06:31:12] [progress] new=2584 skip=0 empty=0 fail=0 processed=2584 elapsed=14445s rate=0.18/s target=6000 remain=3416 eta=19096s
[06:31:17] [progress] new=2586 skip=0 empty=0 fail=0 processed=2586 elapsed=14450s rate=0.18/s target=6000 remain=3414 eta=19077s
[06:31:21] [progress] new=2587 skip=0 empty=0 fail=0 processed=2587 elapsed=14453s rate=0.18/s target=6000 remain=3413 eta=19068s
[06:31:27] [progress] new=2589 skip=0 empty=0 fail=0 processed=2589 elapsed=14460s rate=0.18/s target=6000 remain=3411 eta=19051s
[06:31:31] [progress] new=2591 skip=0 empty=0 fail=0 processed=2591 elapsed=14464s rate=0.18/s target=6000 remain=3409 eta=19030s
[06:31:36] [progress] new=2592 skip=0 empty=0 fail=0 processed=2592 elapsed=14469s rate=0.18/s target=6000 remain=3408 eta=19024s
[06:31:36]   [1/3] 水沢 done new=11 R (total_new=2592)
[06:31:36] [progress] new=2592 skip=0 empty=0 fail=0 processed=2592 elapsed=14469s rate=0.18/s target=6000 remain=3408 eta=19024s
[06:31:41]   [2/3] 名古屋 11R start
[06:32:09] [progress] new=2593 skip=0 empty=0 fail=0 processed=2593 elapsed=14501s rate=0.18/s target=6000 remain=3407 eta=19054s
[06:32:14] [progress] new=2595 skip=0 empty=0 fail=0 processed=2595 elapsed=14506s rate=0.18/s target=6000 remain=3405 eta=19034s
[06:32:18] [progress] new=2597 skip=0 empty=0 fail=0 processed=2597 elapsed=14511s rate=0.18/s target=6000 remain=3403 eta=19014s
[06:32:23] [progress] new=2599 skip=0 empty=0 fail=0 processed=2599 elapsed=14515s rate=0.18/s target=6000 remain=3401 eta=18995s
[06:32:29] [progress] new=2601 skip=0 empty=0 fail=0 processed=2601 elapsed=14521s rate=0.18/s target=6000 remain=3399 eta=18976s
[06:32:32] [progress] new=2603 skip=0 empty=0 fail=0 processed=2603 elapsed=14525s rate=0.18/s target=6000 remain=3397 eta=18956s
[06:32:32]   [2/3] 名古屋 done new=11 R (total_new=2603)
[06:32:32] [progress] new=2603 skip=0 empty=0 fail=0 processed=2603 elapsed=14525s rate=0.18/s target=6000 remain=3397 eta=18956s
[06:32:36]   [3/3] 川崎 11R start
[06:33:04] [progress] new=2604 skip=0 empty=0 fail=0 processed=2604 elapsed=14556s rate=0.18/s target=6000 remain=3396 eta=18984s
[06:33:09] [progress] new=2606 skip=0 empty=0 fail=0 processed=2606 elapsed=14561s rate=0.18/s target=6000 remain=3394 eta=18964s
[06:33:17] [progress] new=2608 skip=0 empty=0 fail=0 processed=2608 elapsed=14569s rate=0.18/s target=6000 remain=3392 eta=18949s
[06:33:23] [progress] new=2610 skip=0 empty=0 fail=0 processed=2610 elapsed=14576s rate=0.18/s target=6000 remain=3390 eta=18932s
[06:33:27] [progress] new=2611 skip=0 empty=0 fail=0 processed=2611 elapsed=14579s rate=0.18/s target=6000 remain=3389 eta=18923s
[06:33:30] [progress] new=2612 skip=0 empty=0 fail=0 processed=2612 elapsed=14583s rate=0.18/s target=6000 remain=3388 eta=18915s
[06:33:34] [progress] new=2613 skip=0 empty=0 fail=0 processed=2613 elapsed=14586s rate=0.18/s target=6000 remain=3387 eta=18907s
[06:33:36]   [3/3] 川崎 done new=11 R (total_new=2614)
[06:33:36] [progress] new=2614 skip=0 empty=0 fail=0 processed=2614 elapsed=14588s rate=0.18/s target=6000 remain=3386 eta=18896s
[06:33:36] === day 93/365 2023-04-03 ===
[06:33:39]   venues=1: ['水沢']
[06:33:43]   [1/1] 水沢 12R start
[06:34:09] [progress] new=2615 skip=0 empty=0 fail=0 processed=2615 elapsed=14621s rate=0.18/s target=6000 remain=3385 eta=18926s
[06:34:12] [progress] new=2616 skip=0 empty=0 fail=0 processed=2616 elapsed=14625s rate=0.18/s target=6000 remain=3384 eta=18918s
[06:34:17] [progress] new=2618 skip=0 empty=0 fail=0 processed=2618 elapsed=14630s rate=0.18/s target=6000 remain=3382 eta=18899s
[06:34:21] [progress] new=2620 skip=0 empty=0 fail=0 processed=2620 elapsed=14634s rate=0.18/s target=6000 remain=3380 eta=18878s
[06:34:27] [progress] new=2622 skip=0 empty=0 fail=0 processed=2622 elapsed=14640s rate=0.18/s target=6000 remain=3378 eta=18861s
[06:34:31] [progress] new=2624 skip=0 empty=0 fail=0 processed=2624 elapsed=14643s rate=0.18/s target=6000 remain=3376 eta=18840s
[06:34:35] [progress] new=2625 skip=0 empty=0 fail=0 processed=2625 elapsed=14647s rate=0.18/s target=6000 remain=3375 eta=18832s
[06:34:37]   [1/1] 水沢 done new=12 R (total_new=2626)
[06:34:37] [progress] new=2626 skip=0 empty=0 fail=0 processed=2626 elapsed=14650s rate=0.18/s target=6000 remain=3374 eta=18823s
[06:34:37] === day 94/365 2023-04-04 ===
[06:34:39]   venues=3: ['水沢', '名古屋', '園田']
[06:34:45]   [1/3] 水沢 10R start
[06:35:08] [progress] new=2627 skip=0 empty=0 fail=0 processed=2627 elapsed=14680s rate=0.18/s target=6000 remain=3373 eta=18849s
[06:35:11] [progress] new=2628 skip=0 empty=0 fail=0 processed=2628 elapsed=14684s rate=0.18/s target=6000 remain=3372 eta=18841s
[06:35:15] [progress] new=2630 skip=0 empty=0 fail=0 processed=2630 elapsed=14688s rate=0.18/s target=6000 remain=3370 eta=18820s
[06:35:19] [progress] new=2631 skip=0 empty=0 fail=0 processed=2631 elapsed=14692s rate=0.18/s target=6000 remain=3369 eta=18813s
[06:35:23] [progress] new=2632 skip=0 empty=0 fail=0 processed=2632 elapsed=14695s rate=0.18/s target=6000 remain=3368 eta=18804s
[06:35:27] [progress] new=2634 skip=0 empty=0 fail=0 processed=2634 elapsed=14699s rate=0.18/s target=6000 remain=3366 eta=18784s
[06:35:32] [progress] new=2636 skip=0 empty=0 fail=0 processed=2636 elapsed=14705s rate=0.18/s target=6000 remain=3364 eta=18766s
[06:35:32]   [1/3] 水沢 done new=10 R (total_new=2636)
[06:35:32] [progress] new=2636 skip=0 empty=0 fail=0 processed=2636 elapsed=14705s rate=0.18/s target=6000 remain=3364 eta=18766s
[06:35:39]   [2/3] 名古屋 11R start
[06:36:01] [progress] new=2637 skip=0 empty=0 fail=0 processed=2637 elapsed=14733s rate=0.18/s target=6000 remain=3363 eta=18790s
[06:36:05] [progress] new=2639 skip=0 empty=0 fail=0 processed=2639 elapsed=14737s rate=0.18/s target=6000 remain=3361 eta=18769s
[06:36:09] [progress] new=2641 skip=0 empty=0 fail=0 processed=2641 elapsed=14742s rate=0.18/s target=6000 remain=3359 eta=18749s
[06:36:14] [progress] new=2643 skip=0 empty=0 fail=0 processed=2643 elapsed=14746s rate=0.18/s target=6000 remain=3357 eta=18730s
[06:36:18] [progress] new=2645 skip=0 empty=0 fail=0 processed=2645 elapsed=14750s rate=0.18/s target=6000 remain=3355 eta=18710s
[06:36:22] [progress] new=2646 skip=0 empty=0 fail=0 processed=2646 elapsed=14754s rate=0.18/s target=6000 remain=3354 eta=18702s
[06:36:24]   [2/3] 名古屋 done new=11 R (total_new=2647)
[06:36:24] [progress] new=2647 skip=0 empty=0 fail=0 processed=2647 elapsed=14757s rate=0.18/s target=6000 remain=3353 eta=18693s
[06:36:29]   [3/3] 園田 12R start
[06:36:56] [progress] new=2648 skip=0 empty=0 fail=0 processed=2648 elapsed=14789s rate=0.18/s target=6000 remain=3352 eta=18720s
[06:37:00] [progress] new=2650 skip=0 empty=0 fail=0 processed=2650 elapsed=14792s rate=0.18/s target=6000 remain=3350 eta=18700s
[06:37:05] [progress] new=2652 skip=0 empty=0 fail=0 processed=2652 elapsed=14798s rate=0.18/s target=6000 remain=3348 eta=18681s
[06:37:08] [progress] new=2653 skip=0 empty=0 fail=0 processed=2653 elapsed=14801s rate=0.18/s target=6000 remain=3347 eta=18673s
[06:37:14] [progress] new=2655 skip=0 empty=0 fail=0 processed=2655 elapsed=14806s rate=0.18/s target=6000 remain=3345 eta=18654s
[06:37:17] [progress] new=2656 skip=0 empty=0 fail=0 processed=2656 elapsed=14810s rate=0.18/s target=6000 remain=3344 eta=18646s
[06:37:23] [progress] new=2658 skip=0 empty=0 fail=0 processed=2658 elapsed=14815s rate=0.18/s target=6000 remain=3342 eta=18628s
[06:37:24]   [3/3] 園田 done new=12 R (total_new=2659)
[06:37:24] [progress] new=2659 skip=0 empty=0 fail=0 processed=2659 elapsed=14817s rate=0.18/s target=6000 remain=3341 eta=18617s
[06:37:24] === day 95/365 2023-04-05 ===
[06:37:25]   venues=2: ['笠松', '園田']
[06:37:29]   [1/2] 笠松 12R start
[06:37:58] [progress] new=2660 skip=0 empty=0 fail=0 processed=2660 elapsed=14851s rate=0.18/s target=6000 remain=3340 eta=18647s
[06:38:04] [progress] new=2662 skip=0 empty=0 fail=0 processed=2662 elapsed=14857s rate=0.18/s target=6000 remain=3338 eta=18629s
[06:38:11] [progress] new=2664 skip=0 empty=0 fail=0 processed=2664 elapsed=14863s rate=0.18/s target=6000 remain=3336 eta=18613s
[06:38:16] [progress] new=2666 skip=0 empty=0 fail=0 processed=2666 elapsed=14869s rate=0.18/s target=6000 remain=3334 eta=18594s
[06:38:22] [progress] new=2668 skip=0 empty=0 fail=0 processed=2668 elapsed=14874s rate=0.18/s target=6000 remain=3332 eta=18576s
[06:38:26] [progress] new=2670 skip=0 empty=0 fail=0 processed=2670 elapsed=14879s rate=0.18/s target=6000 remain=3330 eta=18557s
[06:38:30] [progress] new=2671 skip=0 empty=0 fail=0 processed=2671 elapsed=14883s rate=0.18/s target=6000 remain=3329 eta=18549s
[06:38:30]   [1/2] 笠松 done new=12 R (total_new=2671)
[06:38:30] [progress] new=2671 skip=0 empty=0 fail=0 processed=2671 elapsed=14883s rate=0.18/s target=6000 remain=3329 eta=18549s
[06:38:37]   [2/2] 園田 12R start
[06:39:04] [progress] new=2672 skip=0 empty=0 fail=0 processed=2672 elapsed=14916s rate=0.18/s target=6000 remain=3328 eta=18578s
[06:39:07] [progress] new=2673 skip=0 empty=0 fail=0 processed=2673 elapsed=14920s rate=0.18/s target=6000 remain=3327 eta=18570s
[06:39:11] [progress] new=2674 skip=0 empty=0 fail=0 processed=2674 elapsed=14924s rate=0.18/s target=6000 remain=3326 eta=18563s
[06:39:15] [progress] new=2676 skip=0 empty=0 fail=0 processed=2676 elapsed=14928s rate=0.18/s target=6000 remain=3324 eta=18542s
[06:39:23] [progress] new=2678 skip=0 empty=0 fail=0 processed=2678 elapsed=14935s rate=0.18/s target=6000 remain=3322 eta=18527s
[06:39:26] [progress] new=2680 skip=0 empty=0 fail=0 processed=2680 elapsed=14939s rate=0.18/s target=6000 remain=3320 eta=18506s
[06:39:30] [progress] new=2681 skip=0 empty=0 fail=0 processed=2681 elapsed=14942s rate=0.18/s target=6000 remain=3319 eta=18498s
[06:39:36] [progress] new=2683 skip=0 empty=0 fail=0 processed=2683 elapsed=14948s rate=0.18/s target=6000 remain=3317 eta=18481s
[06:39:36]   [2/2] 園田 done new=12 R (total_new=2683)
[06:39:36] [progress] new=2683 skip=0 empty=0 fail=0 processed=2683 elapsed=14948s rate=0.18/s target=6000 remain=3317 eta=18481s
[06:39:36] === day 96/365 2023-04-06 ===
[06:39:38]   venues=2: ['笠松', '園田']
[06:39:44]   [1/2] 笠松 12R start
[06:40:11] [progress] new=2684 skip=0 empty=0 fail=0 processed=2684 elapsed=14984s rate=0.18/s target=6000 remain=3316 eta=18512s
[06:40:15] [progress] new=2685 skip=0 empty=0 fail=0 processed=2685 elapsed=14987s rate=0.18/s target=6000 remain=3315 eta=18504s
[06:40:19] [progress] new=2686 skip=0 empty=0 fail=0 processed=2686 elapsed=14991s rate=0.18/s target=6000 remain=3314 eta=18496s
[06:40:23] [progress] new=2688 skip=0 empty=0 fail=0 processed=2688 elapsed=14996s rate=0.18/s target=6000 remain=3312 eta=18477s
[06:40:27] [progress] new=2690 skip=0 empty=0 fail=0 processed=2690 elapsed=15000s rate=0.18/s target=6000 remain=3310 eta=18457s
[06:40:31] [progress] new=2691 skip=0 empty=0 fail=0 processed=2691 elapsed=15004s rate=0.18/s target=6000 remain=3309 eta=18449s
[06:40:35] [progress] new=2693 skip=0 empty=0 fail=0 processed=2693 elapsed=15008s rate=0.18/s target=6000 remain=3307 eta=18430s
[06:40:39] [progress] new=2694 skip=0 empty=0 fail=0 processed=2694 elapsed=15012s rate=0.18/s target=6000 remain=3306 eta=18422s
[06:40:44] [progress] new=2695 skip=0 empty=0 fail=0 processed=2695 elapsed=15016s rate=0.18/s target=6000 remain=3305 eta=18415s
[06:40:44]   [1/2] 笠松 done new=12 R (total_new=2695)
[06:40:44] [progress] new=2695 skip=0 empty=0 fail=0 processed=2695 elapsed=15016s rate=0.18/s target=6000 remain=3305 eta=18415s
[06:40:49]   [2/2] 園田 11R start
[06:41:15] [progress] new=2696 skip=0 empty=0 fail=0 processed=2696 elapsed=15048s rate=0.18/s target=6000 remain=3304 eta=18441s
[06:41:19] [progress] new=2697 skip=0 empty=0 fail=0 processed=2697 elapsed=15051s rate=0.18/s target=6000 remain=3303 eta=18433s
[06:41:22] [progress] new=2699 skip=0 empty=0 fail=0 processed=2699 elapsed=15055s rate=0.18/s target=6000 remain=3301 eta=18412s
[06:41:26] [progress] new=2700 skip=0 empty=0 fail=0 processed=2700 elapsed=15058s rate=0.18/s target=6000 remain=3300 eta=18404s
[06:41:29] [progress] new=2702 skip=0 empty=0 fail=0 processed=2702 elapsed=15062s rate=0.18/s target=6000 remain=3298 eta=18384s
[06:41:33] [progress] new=2703 skip=0 empty=0 fail=0 processed=2703 elapsed=15066s rate=0.18/s target=6000 remain=3297 eta=18377s
[06:41:38] [progress] new=2705 skip=0 empty=0 fail=0 processed=2705 elapsed=15070s rate=0.18/s target=6000 remain=3295 eta=18357s
[06:41:40]   [2/2] 園田 done new=11 R (total_new=2706)
[06:41:40] [progress] new=2706 skip=0 empty=0 fail=0 processed=2706 elapsed=15073s rate=0.18/s target=6000 remain=3294 eta=18348s
[06:41:40] === day 97/365 2023-04-07 ===
[06:41:43]   venues=1: ['笠松']
[06:41:46]   [1/1] 笠松 12R start
[06:42:16] [progress] new=2707 skip=0 empty=0 fail=0 processed=2707 elapsed=15108s rate=0.18/s target=6000 remain=3293 eta=18379s
[06:42:19] [progress] new=2708 skip=0 empty=0 fail=0 processed=2708 elapsed=15112s rate=0.18/s target=6000 remain=3292 eta=18371s
[06:42:24] [progress] new=2710 skip=0 empty=0 fail=0 processed=2710 elapsed=15116s rate=0.18/s target=6000 remain=3290 eta=18352s
[06:42:30] [progress] new=2712 skip=0 empty=0 fail=0 processed=2712 elapsed=15123s rate=0.18/s target=6000 remain=3288 eta=18334s
[06:42:34] [progress] new=2713 skip=0 empty=0 fail=0 processed=2713 elapsed=15127s rate=0.18/s target=6000 remain=3287 eta=18327s
[06:42:40] [progress] new=2715 skip=0 empty=0 fail=0 processed=2715 elapsed=15132s rate=0.18/s target=6000 remain=3285 eta=18309s
[06:42:43] [progress] new=2716 skip=0 empty=0 fail=0 processed=2716 elapsed=15136s rate=0.18/s target=6000 remain=3284 eta=18301s
[06:42:47] [progress] new=2717 skip=0 empty=0 fail=0 processed=2717 elapsed=15139s rate=0.18/s target=6000 remain=3283 eta=18293s
[06:42:48]   [1/1] 笠松 done new=12 R (total_new=2718)
[06:42:48] [progress] new=2718 skip=0 empty=0 fail=0 processed=2718 elapsed=15141s rate=0.18/s target=6000 remain=3282 eta=18283s
[06:42:48] === day 98/365 2023-04-08 ===
[06:42:50]   venues=2: ['高知', '川崎']
[06:42:56]   [1/2] 高知 11R start
[06:43:16] [progress] new=2719 skip=0 empty=0 fail=0 processed=2719 elapsed=15168s rate=0.18/s target=6000 remain=3281 eta=18303s
[06:43:23] [progress] new=2720 skip=0 empty=0 fail=0 processed=2720 elapsed=15175s rate=0.18/s target=6000 remain=3280 eta=18300s
[06:43:27] [progress] new=2721 skip=0 empty=0 fail=0 processed=2721 elapsed=15180s rate=0.18/s target=6000 remain=3279 eta=18293s
[06:43:30] [progress] new=2722 skip=0 empty=0 fail=0 processed=2722 elapsed=15183s rate=0.18/s target=6000 remain=3278 eta=18284s
[06:43:35] [progress] new=2723 skip=0 empty=0 fail=0 processed=2723 elapsed=15187s rate=0.18/s target=6000 remain=3277 eta=18277s
[06:43:39] [progress] new=2724 skip=0 empty=0 fail=0 processed=2724 elapsed=15191s rate=0.18/s target=6000 remain=3276 eta=18270s
[06:43:43] [progress] new=2725 skip=0 empty=0 fail=0 processed=2725 elapsed=15195s rate=0.18/s target=6000 remain=3275 eta=18262s
[06:43:48] [progress] new=2727 skip=0 empty=0 fail=0 processed=2727 elapsed=15200s rate=0.18/s target=6000 remain=3273 eta=18244s
[06:43:51] [progress] new=2728 skip=0 empty=0 fail=0 processed=2728 elapsed=15204s rate=0.18/s target=6000 remain=3272 eta=18236s
[06:43:55] [progress] new=2729 skip=0 empty=0 fail=0 processed=2729 elapsed=15207s rate=0.18/s target=6000 remain=3271 eta=18228s
[06:43:55]   [1/2] 高知 done new=11 R (total_new=2729)
[06:43:55] [progress] new=2729 skip=0 empty=0 fail=0 processed=2729 elapsed=15207s rate=0.18/s target=6000 remain=3271 eta=18228s
[06:44:00]   [2/2] 川崎 11R start
[06:44:23] [progress] new=2730 skip=0 empty=0 fail=0 processed=2730 elapsed=15235s rate=0.18/s target=6000 remain=3270 eta=18249s
[06:44:28] [progress] new=2731 skip=0 empty=0 fail=0 processed=2731 elapsed=15241s rate=0.18/s target=6000 remain=3269 eta=18244s
[06:44:32] [progress] new=2732 skip=0 empty=0 fail=0 processed=2732 elapsed=15244s rate=0.18/s target=6000 remain=3268 eta=18235s
[06:44:36] [progress] new=2733 skip=0 empty=0 fail=0 processed=2733 elapsed=15249s rate=0.18/s target=6000 remain=3267 eta=18229s
[06:44:40] [progress] new=2734 skip=0 empty=0 fail=0 processed=2734 elapsed=15253s rate=0.18/s target=6000 remain=3266 eta=18221s
[06:44:45] [progress] new=2736 skip=0 empty=0 fail=0 processed=2736 elapsed=15257s rate=0.18/s target=6000 remain=3264 eta=18202s
[06:44:49] [progress] new=2737 skip=0 empty=0 fail=0 processed=2737 elapsed=15262s rate=0.18/s target=6000 remain=3263 eta=18195s
[06:44:56] [progress] new=2739 skip=0 empty=0 fail=0 processed=2739 elapsed=15269s rate=0.18/s target=6000 remain=3261 eta=18179s
[06:44:58]   [2/2] 川崎 done new=11 R (total_new=2740)
[06:44:58] [progress] new=2740 skip=0 empty=0 fail=0 processed=2740 elapsed=15271s rate=0.18/s target=6000 remain=3260 eta=18169s
[06:44:58] === day 99/365 2023-04-09 ===
[06:45:01]   venues=4: ['水沢', '名古屋', '高知', '川崎']
[06:45:05]   [1/4] 水沢 12R start
[06:45:32] [progress] new=2741 skip=0 empty=0 fail=0 processed=2741 elapsed=15304s rate=0.18/s target=6000 remain=3259 eta=18197s
[06:45:37] [progress] new=2743 skip=0 empty=0 fail=0 processed=2743 elapsed=15310s rate=0.18/s target=6000 remain=3257 eta=18179s
[06:45:40] [progress] new=2744 skip=0 empty=0 fail=0 processed=2744 elapsed=15313s rate=0.18/s target=6000 remain=3256 eta=18170s
[06:45:46] [progress] new=2746 skip=0 empty=0 fail=0 processed=2746 elapsed=15318s rate=0.18/s target=6000 remain=3254 eta=18152s
[06:45:49] [progress] new=2747 skip=0 empty=0 fail=0 processed=2747 elapsed=15322s rate=0.18/s target=6000 remain=3253 eta=18144s
[06:45:54] [progress] new=2749 skip=0 empty=0 fail=0 processed=2749 elapsed=15327s rate=0.18/s target=6000 remain=3251 eta=18126s
[06:46:00] [progress] new=2751 skip=0 empty=0 fail=0 processed=2751 elapsed=15332s rate=0.18/s target=6000 remain=3249 eta=18108s
[06:46:01]   [1/4] 水沢 done new=12 R (total_new=2752)
[06:46:01] [progress] new=2752 skip=0 empty=0 fail=0 processed=2752 elapsed=15334s rate=0.18/s target=6000 remain=3248 eta=18098s
[06:46:04]   [2/4] 名古屋 11R start
[06:46:33] [progress] new=2753 skip=0 empty=0 fail=0 processed=2753 elapsed=15365s rate=0.18/s target=6000 remain=3247 eta=18122s
[06:46:38] [progress] new=2756 skip=0 empty=0 fail=0 processed=2756 elapsed=15371s rate=0.18/s target=6000 remain=3244 eta=18092s
[06:46:44] [progress] new=2758 skip=0 empty=0 fail=0 processed=2758 elapsed=15376s rate=0.18/s target=6000 remain=3242 eta=18075s
[06:46:50] [progress] new=2760 skip=0 empty=0 fail=0 processed=2760 elapsed=15383s rate=0.18/s target=6000 remain=3240 eta=18058s
[06:46:55] [progress] new=2762 skip=0 empty=0 fail=0 processed=2762 elapsed=15388s rate=0.18/s target=6000 remain=3238 eta=18040s
[06:46:57]   [2/4] 名古屋 done new=11 R (total_new=2763)
[06:46:57] [progress] new=2763 skip=0 empty=0 fail=0 processed=2763 elapsed=15389s rate=0.18/s target=6000 remain=3237 eta=18029s
[06:47:01]   [3/4] 高知 12R start
[06:47:31] [progress] new=2764 skip=0 empty=0 fail=0 processed=2764 elapsed=15424s rate=0.18/s target=6000 remain=3236 eta=18058s
[06:47:38] [progress] new=2766 skip=0 empty=0 fail=0 processed=2766 elapsed=15431s rate=0.18/s target=6000 remain=3234 eta=18042s
[06:47:42] [progress] new=2767 skip=0 empty=0 fail=0 processed=2767 elapsed=15435s rate=0.18/s target=6000 remain=3233 eta=18034s
[06:47:47] [progress] new=2769 skip=0 empty=0 fail=0 processed=2769 elapsed=15439s rate=0.18/s target=6000 remain=3231 eta=18015s
[06:47:50] [progress] new=2770 skip=0 empty=0 fail=0 processed=2770 elapsed=15443s rate=0.18/s target=6000 remain=3230 eta=18008s
[06:47:55] [progress] new=2771 skip=0 empty=0 fail=0 processed=2771 elapsed=15447s rate=0.18/s target=6000 remain=3229 eta=18000s
[06:47:58] [progress] new=2772 skip=0 empty=0 fail=0 processed=2772 elapsed=15450s rate=0.18/s target=6000 remain=3228 eta=17992s
[06:48:04] [progress] new=2774 skip=0 empty=0 fail=0 processed=2774 elapsed=15457s rate=0.18/s target=6000 remain=3226 eta=17975s
[06:48:08] [progress] new=2775 skip=0 empty=0 fail=0 processed=2775 elapsed=15461s rate=0.18/s target=6000 remain=3225 eta=17968s
[06:48:08]   [3/4] 高知 done new=12 R (total_new=2775)
[06:48:08] [progress] new=2775 skip=0 empty=0 fail=0 processed=2775 elapsed=15461s rate=0.18/s target=6000 remain=3225 eta=17968s
[06:48:15]   [4/4] 川崎 11R start
[06:48:45] [progress] new=2776 skip=0 empty=0 fail=0 processed=2776 elapsed=15498s rate=0.18/s target=6000 remain=3224 eta=17999s
[06:48:49] [progress] new=2778 skip=0 empty=0 fail=0 processed=2778 elapsed=15502s rate=0.18/s target=6000 remain=3222 eta=17980s
[06:48:54] [progress] new=2779 skip=0 empty=0 fail=0 processed=2779 elapsed=15507s rate=0.18/s target=6000 remain=3221 eta=17973s
[06:48:58] [progress] new=2781 skip=0 empty=0 fail=0 processed=2781 elapsed=15511s rate=0.18/s target=6000 remain=3219 eta=17954s
[06:49:05] [progress] new=2783 skip=0 empty=0 fail=0 processed=2783 elapsed=15517s rate=0.18/s target=6000 remain=3217 eta=17937s
[06:49:09] [progress] new=2784 skip=0 empty=0 fail=0 processed=2784 elapsed=15521s rate=0.18/s target=6000 remain=3216 eta=17930s
[06:49:13] [progress] new=2785 skip=0 empty=0 fail=0 processed=2785 elapsed=15525s rate=0.18/s target=6000 remain=3215 eta=17923s
[06:49:16] [progress] new=2786 skip=0 empty=0 fail=0 processed=2786 elapsed=15529s rate=0.18/s target=6000 remain=3214 eta=17915s
[06:49:16]   [4/4] 川崎 done new=11 R (total_new=2786)
[06:49:16] [progress] new=2786 skip=0 empty=0 fail=0 processed=2786 elapsed=15529s rate=0.18/s target=6000 remain=3214 eta=17915s
[06:49:16] === day 100/365 2023-04-10 ===
[06:49:20]   venues=2: ['水沢', '金沢']
[06:49:27]   [1/2] 水沢 12R start
[06:49:56] [progress] new=2787 skip=0 empty=0 fail=0 processed=2787 elapsed=15568s rate=0.18/s target=6000 remain=3213 eta=17948s
[06:49:59] [progress] new=2788 skip=0 empty=0 fail=0 processed=2788 elapsed=15572s rate=0.18/s target=6000 remain=3212 eta=17940s
[06:50:04] [progress] new=2789 skip=0 empty=0 fail=0 processed=2789 elapsed=15576s rate=0.18/s target=6000 remain=3211 eta=17933s
[06:50:09] [progress] new=2791 skip=0 empty=0 fail=0 processed=2791 elapsed=15582s rate=0.18/s target=6000 remain=3209 eta=17915s
[06:50:12] [progress] new=2792 skip=0 empty=0 fail=0 processed=2792 elapsed=15585s rate=0.18/s target=6000 remain=3208 eta=17907s
[06:50:18] [progress] new=2794 skip=0 empty=0 fail=0 processed=2794 elapsed=15590s rate=0.18/s target=6000 remain=3206 eta=17889s
[06:50:21] [progress] new=2795 skip=0 empty=0 fail=0 processed=2795 elapsed=15594s rate=0.18/s target=6000 remain=3205 eta=17881s
[06:50:28] [progress] new=2797 skip=0 empty=0 fail=0 processed=2797 elapsed=15600s rate=0.18/s target=6000 remain=3203 eta=17865s
[06:50:31] [progress] new=2798 skip=0 empty=0 fail=0 processed=2798 elapsed=15604s rate=0.18/s target=6000 remain=3202 eta=17857s
[06:50:31]   [1/2] 水沢 done new=12 R (total_new=2798)
[06:50:31] [progress] new=2798 skip=0 empty=0 fail=0 processed=2798 elapsed=15604s rate=0.18/s target=6000 remain=3202 eta=17857s
[06:50:35]   [2/2] 金沢 12R start
[06:51:06] [progress] new=2799 skip=0 empty=0 fail=0 processed=2799 elapsed=15639s rate=0.18/s target=6000 remain=3201 eta=17885s
[06:51:10] [progress] new=2800 skip=0 empty=0 fail=0 processed=2800 elapsed=15643s rate=0.18/s target=6000 remain=3200 eta=17878s
[06:51:16] [progress] new=2802 skip=0 empty=0 fail=0 processed=2802 elapsed=15649s rate=0.18/s target=6000 remain=3198 eta=17861s
[06:51:24] [progress] new=2804 skip=0 empty=0 fail=0 processed=2804 elapsed=15657s rate=0.18/s target=6000 remain=3196 eta=17845s
[06:51:28] [progress] new=2805 skip=0 empty=0 fail=0 processed=2805 elapsed=15660s rate=0.18/s target=6000 remain=3195 eta=17838s
[06:51:34] [progress] new=2807 skip=0 empty=0 fail=0 processed=2807 elapsed=15667s rate=0.18/s target=6000 remain=3193 eta=17821s
[06:51:37] [progress] new=2808 skip=0 empty=0 fail=0 processed=2808 elapsed=15670s rate=0.18/s target=6000 remain=3192 eta=17813s
[06:51:43] [progress] new=2810 skip=0 empty=0 fail=0 processed=2810 elapsed=15676s rate=0.18/s target=6000 remain=3190 eta=17796s
[06:51:43]   [2/2] 金沢 done new=12 R (total_new=2810)
[06:51:43] [progress] new=2810 skip=0 empty=0 fail=0 processed=2810 elapsed=15676s rate=0.18/s target=6000 remain=3190 eta=17796s
[06:51:43] === day 101/365 2023-04-11 ===
[06:51:46]   venues=4: ['水沢', '名古屋', '金沢', '園田']
[06:51:50]   [1/4] 水沢 12R start
[06:52:22] [progress] new=2811 skip=0 empty=0 fail=0 processed=2811 elapsed=15715s rate=0.18/s target=6000 remain=3189 eta=17828s
[06:52:27] [progress] new=2813 skip=0 empty=0 fail=0 processed=2813 elapsed=15720s rate=0.18/s target=6000 remain=3187 eta=17810s
[06:52:30] [progress] new=2814 skip=0 empty=0 fail=0 processed=2814 elapsed=15723s rate=0.18/s target=6000 remain=3186 eta=17802s
[06:52:34] [progress] new=2815 skip=0 empty=0 fail=0 processed=2815 elapsed=15727s rate=0.18/s target=6000 remain=3185 eta=17794s
[06:52:38] [progress] new=2816 skip=0 empty=0 fail=0 processed=2816 elapsed=15730s rate=0.18/s target=6000 remain=3184 eta=17786s
[06:52:42] [progress] new=2818 skip=0 empty=0 fail=0 processed=2818 elapsed=15735s rate=0.18/s target=6000 remain=3182 eta=17767s
[06:52:45] [progress] new=2819 skip=0 empty=0 fail=0 processed=2819 elapsed=15738s rate=0.18/s target=6000 remain=3181 eta=17759s
[06:52:50] [progress] new=2820 skip=0 empty=0 fail=0 processed=2820 elapsed=15743s rate=0.18/s target=6000 remain=3180 eta=17752s
[06:52:55] [progress] new=2822 skip=0 empty=0 fail=0 processed=2822 elapsed=15748s rate=0.18/s target=6000 remain=3178 eta=17735s
[06:52:55]   [1/4] 水沢 done new=12 R (total_new=2822)
[06:52:55] [progress] new=2822 skip=0 empty=0 fail=0 processed=2822 elapsed=15748s rate=0.18/s target=6000 remain=3178 eta=17735s
[06:53:01]   [2/4] 名古屋 11R start
[06:53:28] [progress] new=2823 skip=0 empty=0 fail=0 processed=2823 elapsed=15781s rate=0.18/s target=6000 remain=3177 eta=17759s
[06:53:32] [progress] new=2824 skip=0 empty=0 fail=0 processed=2824 elapsed=15784s rate=0.18/s target=6000 remain=3176 eta=17752s
[06:53:35] [progress] new=2825 skip=0 empty=0 fail=0 processed=2825 elapsed=15788s rate=0.18/s target=6000 remain=3175 eta=17744s
[06:53:40] [progress] new=2827 skip=0 empty=0 fail=0 processed=2827 elapsed=15792s rate=0.18/s target=6000 remain=3173 eta=17725s
[06:53:46] [progress] new=2829 skip=0 empty=0 fail=0 processed=2829 elapsed=15799s rate=0.18/s target=6000 remain=3171 eta=17709s
[06:53:51] [progress] new=2831 skip=0 empty=0 fail=0 processed=2831 elapsed=15803s rate=0.18/s target=6000 remain=3169 eta=17690s
[06:53:55] [progress] new=2832 skip=0 empty=0 fail=0 processed=2832 elapsed=15808s rate=0.18/s target=6000 remain=3168 eta=17684s
[06:53:59] [progress] new=2833 skip=0 empty=0 fail=0 processed=2833 elapsed=15812s rate=0.18/s target=6000 remain=3167 eta=17676s
[06:53:59]   [2/4] 名古屋 done new=11 R (total_new=2833)
[06:53:59] [progress] new=2833 skip=0 empty=0 fail=0 processed=2833 elapsed=15812s rate=0.18/s target=6000 remain=3167 eta=17676s
[06:54:04]   [3/4] 金沢 12R start
[06:54:35] [progress] new=2834 skip=0 empty=0 fail=0 processed=2834 elapsed=15847s rate=0.18/s target=6000 remain=3166 eta=17704s
[06:54:39] [progress] new=2835 skip=0 empty=0 fail=0 processed=2835 elapsed=15852s rate=0.18/s target=6000 remain=3165 eta=17697s
[06:54:45] [progress] new=2837 skip=0 empty=0 fail=0 processed=2837 elapsed=15858s rate=0.18/s target=6000 remain=3163 eta=17680s
[06:54:49] [progress] new=2838 skip=0 empty=0 fail=0 processed=2838 elapsed=15862s rate=0.18/s target=6000 remain=3162 eta=17673s
[06:54:53] [progress] new=2839 skip=0 empty=0 fail=0 processed=2839 elapsed=15866s rate=0.18/s target=6000 remain=3161 eta=17665s
[06:54:59] [progress] new=2841 skip=0 empty=0 fail=0 processed=2841 elapsed=15871s rate=0.18/s target=6000 remain=3159 eta=17648s
[06:55:03] [progress] new=2842 skip=0 empty=0 fail=0 processed=2842 elapsed=15875s rate=0.18/s target=6000 remain=3158 eta=17641s
[06:55:06] [progress] new=2843 skip=0 empty=0 fail=0 processed=2843 elapsed=15879s rate=0.18/s target=6000 remain=3157 eta=17633s
[06:55:13] [progress] new=2845 skip=0 empty=0 fail=0 processed=2845 elapsed=15886s rate=0.18/s target=6000 remain=3155 eta=17617s
[06:55:13]   [3/4] 金沢 done new=12 R (total_new=2845)
[06:55:13] [progress] new=2845 skip=0 empty=0 fail=0 processed=2845 elapsed=15886s rate=0.18/s target=6000 remain=3155 eta=17617s
[06:55:20]   [4/4] 園田 12R start
[06:55:51] [progress] new=2846 skip=0 empty=0 fail=0 processed=2846 elapsed=15923s rate=0.18/s target=6000 remain=3154 eta=17646s
[06:55:54] [progress] new=2848 skip=0 empty=0 fail=0 processed=2848 elapsed=15927s rate=0.18/s target=6000 remain=3152 eta=17627s
[06:55:59] [progress] new=2850 skip=0 empty=0 fail=0 processed=2850 elapsed=15932s rate=0.18/s target=6000 remain=3150 eta=17609s
[06:56:03] [progress] new=2852 skip=0 empty=0 fail=0 processed=2852 elapsed=15936s rate=0.18/s target=6000 remain=3148 eta=17590s
[06:56:10] [progress] new=2854 skip=0 empty=0 fail=0 processed=2854 elapsed=15943s rate=0.18/s target=6000 remain=3146 eta=17574s
[06:56:16] [progress] new=2856 skip=0 empty=0 fail=0 processed=2856 elapsed=15948s rate=0.18/s target=6000 remain=3144 eta=17557s
[06:56:19] [progress] new=2857 skip=0 empty=0 fail=0 processed=2857 elapsed=15951s rate=0.18/s target=6000 remain=3143 eta=17548s
[06:56:19]   [4/4] 園田 done new=12 R (total_new=2857)
[06:56:19] [progress] new=2857 skip=0 empty=0 fail=0 processed=2857 elapsed=15951s rate=0.18/s target=6000 remain=3143 eta=17548s
[06:56:19] === day 102/365 2023-04-12 ===
[06:56:21]   venues=3: ['32', '金沢', '園田']
[06:56:26]   [1/3] 32 12R start
[06:56:53] [progress] new=2858 skip=0 empty=0 fail=0 processed=2858 elapsed=15986s rate=0.18/s target=6000 remain=3142 eta=17574s
[06:56:57] [progress] new=2859 skip=0 empty=0 fail=0 processed=2859 elapsed=15990s rate=0.18/s target=6000 remain=3141 eta=17567s
[06:57:03] [progress] new=2861 skip=0 empty=0 fail=0 processed=2861 elapsed=15995s rate=0.18/s target=6000 remain=3139 eta=17550s
[06:57:09] [progress] new=2863 skip=0 empty=0 fail=0 processed=2863 elapsed=16001s rate=0.18/s target=6000 remain=3137 eta=17533s
[06:57:16] [progress] new=2865 skip=0 empty=0 fail=0 processed=2865 elapsed=16008s rate=0.18/s target=6000 remain=3135 eta=17517s
[06:57:19] [progress] new=2866 skip=0 empty=0 fail=0 processed=2866 elapsed=16012s rate=0.18/s target=6000 remain=3134 eta=17509s
[06:57:23] [progress] new=2867 skip=0 empty=0 fail=0 processed=2867 elapsed=16015s rate=0.18/s target=6000 remain=3133 eta=17501s
[06:57:28] [progress] new=2869 skip=0 empty=0 fail=0 processed=2869 elapsed=16021s rate=0.18/s target=6000 remain=3131 eta=17484s
[06:57:28]   [1/3] 32 done new=12 R (total_new=2869)
[06:57:28] [progress] new=2869 skip=0 empty=0 fail=0 processed=2869 elapsed=16021s rate=0.18/s target=6000 remain=3131 eta=17484s
[06:57:33]   [2/3] 金沢 12R start
[06:58:03] [progress] new=2870 skip=0 empty=0 fail=0 processed=2870 elapsed=16056s rate=0.18/s target=6000 remain=3130 eta=17510s
[06:58:09] [progress] new=2872 skip=0 empty=0 fail=0 processed=2872 elapsed=16062s rate=0.18/s target=6000 remain=3128 eta=17494s
[06:58:13] [progress] new=2873 skip=0 empty=0 fail=0 processed=2873 elapsed=16066s rate=0.18/s target=6000 remain=3127 eta=17486s
[06:58:17] [progress] new=2874 skip=0 empty=0 fail=0 processed=2874 elapsed=16069s rate=0.18/s target=6000 remain=3126 eta=17478s
[06:58:22] [progress] new=2876 skip=0 empty=0 fail=0 processed=2876 elapsed=16075s rate=0.18/s target=6000 remain=3124 eta=17461s
[06:58:26] [progress] new=2877 skip=0 empty=0 fail=0 processed=2877 elapsed=16079s rate=0.18/s target=6000 remain=3123 eta=17453s
[06:58:29] [progress] new=2878 skip=0 empty=0 fail=0 processed=2878 elapsed=16082s rate=0.18/s target=6000 remain=3122 eta=17445s
[06:58:34] [progress] new=2879 skip=0 empty=0 fail=0 processed=2879 elapsed=16087s rate=0.18/s target=6000 remain=3121 eta=17439s
[06:58:37] [progress] new=2880 skip=0 empty=0 fail=0 processed=2880 elapsed=16090s rate=0.18/s target=6000 remain=3120 eta=17431s
[06:58:42] [progress] new=2881 skip=0 empty=0 fail=0 processed=2881 elapsed=16095s rate=0.18/s target=6000 remain=3119 eta=17425s
[06:58:42]   [2/3] 金沢 done new=12 R (total_new=2881)
[06:58:42] [progress] new=2881 skip=0 empty=0 fail=0 processed=2881 elapsed=16095s rate=0.18/s target=6000 remain=3119 eta=17425s
[06:58:45]   [3/3] 園田 12R start
[06:59:12] [progress] new=2882 skip=0 empty=0 fail=0 processed=2882 elapsed=16124s rate=0.18/s target=6000 remain=3118 eta=17445s
[06:59:16] [progress] new=2883 skip=0 empty=0 fail=0 processed=2883 elapsed=16128s rate=0.18/s target=6000 remain=3117 eta=17437s
[06:59:20] [progress] new=2884 skip=0 empty=0 fail=0 processed=2884 elapsed=16132s rate=0.18/s target=6000 remain=3116 eta=17430s
[06:59:23] [progress] new=2886 skip=0 empty=0 fail=0 processed=2886 elapsed=16136s rate=0.18/s target=6000 remain=3114 eta=17411s
[06:59:27] [progress] new=2887 skip=0 empty=0 fail=0 processed=2887 elapsed=16140s rate=0.18/s target=6000 remain=3113 eta=17403s
[06:59:31] [progress] new=2888 skip=0 empty=0 fail=0 processed=2888 elapsed=16143s rate=0.18/s target=6000 remain=3112 eta=17396s
[06:59:35] [progress] new=2889 skip=0 empty=0 fail=0 processed=2889 elapsed=16147s rate=0.18/s target=6000 remain=3111 eta=17388s
[06:59:39] [progress] new=2890 skip=0 empty=0 fail=0 processed=2890 elapsed=16151s rate=0.18/s target=6000 remain=3110 eta=17381s
[06:59:44] [progress] new=2893 skip=0 empty=0 fail=0 processed=2893 elapsed=16157s rate=0.18/s target=6000 remain=3107 eta=17352s
[06:59:44]   [3/3] 園田 done new=12 R (total_new=2893)
[06:59:44] [progress] new=2893 skip=0 empty=0 fail=0 processed=2893 elapsed=16157s rate=0.18/s target=6000 remain=3107 eta=17352s
[06:59:44] === day 103/365 2023-04-13 ===
[06:59:45]   venues=2: ['金沢', '園田']
[06:59:50]   [1/2] 金沢 12R start
[07:00:22] [progress] new=2894 skip=0 empty=0 fail=0 processed=2894 elapsed=16195s rate=0.18/s target=6000 remain=3106 eta=17381s
[07:00:31] [progress] new=2896 skip=0 empty=0 fail=0 processed=2896 elapsed=16204s rate=0.18/s target=6000 remain=3104 eta=17368s
[07:00:37] [progress] new=2898 skip=0 empty=0 fail=0 processed=2898 elapsed=16210s rate=0.18/s target=6000 remain=3102 eta=17351s
[07:00:43] [progress] new=2900 skip=0 empty=0 fail=0 processed=2900 elapsed=16216s rate=0.18/s target=6000 remain=3100 eta=17334s
[07:00:47] [progress] new=2901 skip=0 empty=0 fail=0 processed=2901 elapsed=16220s rate=0.18/s target=6000 remain=3099 eta=17327s
[07:00:51] [progress] new=2902 skip=0 empty=0 fail=0 processed=2902 elapsed=16224s rate=0.18/s target=6000 remain=3098 eta=17320s
[07:00:55] [progress] new=2903 skip=0 empty=0 fail=0 processed=2903 elapsed=16228s rate=0.18/s target=6000 remain=3097 eta=17312s
[07:01:02] [progress] new=2905 skip=0 empty=0 fail=0 processed=2905 elapsed=16235s rate=0.18/s target=6000 remain=3095 eta=17297s
[07:01:02]   [1/2] 金沢 done new=12 R (total_new=2905)
[07:01:02] [progress] new=2905 skip=0 empty=0 fail=0 processed=2905 elapsed=16235s rate=0.18/s target=6000 remain=3095 eta=17297s
[07:01:05]   [2/2] 園田 12R start
[07:01:34] [progress] new=2906 skip=0 empty=0 fail=0 processed=2906 elapsed=16267s rate=0.18/s target=6000 remain=3094 eta=17319s
[07:01:42] [progress] new=2909 skip=0 empty=0 fail=0 processed=2909 elapsed=16274s rate=0.18/s target=6000 remain=3091 eta=17292s
[07:01:47] [progress] new=2911 skip=0 empty=0 fail=0 processed=2911 elapsed=16280s rate=0.18/s target=6000 remain=3089 eta=17275s
[07:01:51] [progress] new=2913 skip=0 empty=0 fail=0 processed=2913 elapsed=16284s rate=0.18/s target=6000 remain=3087 eta=17257s
[07:01:57] [progress] new=2915 skip=0 empty=0 fail=0 processed=2915 elapsed=16289s rate=0.18/s target=6000 remain=3085 eta=17239s
[07:02:02] [progress] new=2917 skip=0 empty=0 fail=0 processed=2917 elapsed=16294s rate=0.18/s target=6000 remain=3083 eta=17221s
[07:02:02]   [2/2] 園田 done new=12 R (total_new=2917)
[07:02:02] [progress] new=2917 skip=0 empty=0 fail=0 processed=2917 elapsed=16294s rate=0.18/s target=6000 remain=3083 eta=17221s
[07:02:02] === day 104/365 2023-04-14 ===
[07:02:03]   venues=2: ['笠松', '園田']
[07:02:10]   [1/2] 笠松 12R start
[07:02:38] [progress] new=2918 skip=0 empty=0 fail=0 processed=2918 elapsed=16331s rate=0.18/s target=6000 remain=3082 eta=17248s
[07:02:42] [progress] new=2920 skip=0 empty=0 fail=0 processed=2920 elapsed=16335s rate=0.18/s target=6000 remain=3080 eta=17230s
[07:02:46] [progress] new=2922 skip=0 empty=0 fail=0 processed=2922 elapsed=16338s rate=0.18/s target=6000 remain=3078 eta=17210s
[07:02:50] [progress] new=2924 skip=0 empty=0 fail=0 processed=2924 elapsed=16343s rate=0.18/s target=6000 remain=3076 eta=17193s
[07:02:55] [progress] new=2926 skip=0 empty=0 fail=0 processed=2926 elapsed=16348s rate=0.18/s target=6000 remain=3074 eta=17175s
[07:03:00] [progress] new=2928 skip=0 empty=0 fail=0 processed=2928 elapsed=16353s rate=0.18/s target=6000 remain=3072 eta=17157s
[07:03:02]   [1/2] 笠松 done new=12 R (total_new=2929)
[07:03:02] [progress] new=2929 skip=0 empty=0 fail=0 processed=2929 elapsed=16355s rate=0.18/s target=6000 remain=3071 eta=17148s
[07:03:05]   [2/2] 園田 12R start
[07:03:33] [progress] new=2930 skip=0 empty=0 fail=0 processed=2930 elapsed=16386s rate=0.18/s target=6000 remain=3070 eta=17169s
[07:03:37] [progress] new=2932 skip=0 empty=0 fail=0 processed=2932 elapsed=16390s rate=0.18/s target=6000 remain=3068 eta=17150s
[07:03:43] [progress] new=2934 skip=0 empty=0 fail=0 processed=2934 elapsed=16395s rate=0.18/s target=6000 remain=3066 eta=17133s
[07:03:48] [progress] new=2936 skip=0 empty=0 fail=0 processed=2936 elapsed=16401s rate=0.18/s target=6000 remain=3064 eta=17116s
[07:03:53] [progress] new=2937 skip=0 empty=0 fail=0 processed=2937 elapsed=16406s rate=0.18/s target=6000 remain=3063 eta=17110s
[07:03:57] [progress] new=2938 skip=0 empty=0 fail=0 processed=2938 elapsed=16409s rate=0.18/s target=6000 remain=3062 eta=17102s
[07:04:02] [progress] new=2940 skip=0 empty=0 fail=0 processed=2940 elapsed=16415s rate=0.18/s target=6000 remain=3060 eta=17085s
[07:04:03]   [2/2] 園田 done new=12 R (total_new=2941)
[07:04:03] [progress] new=2941 skip=0 empty=0 fail=0 processed=2941 elapsed=16416s rate=0.18/s target=6000 remain=3059 eta=17075s
[07:04:03] === day 105/365 2023-04-15 ===
[07:04:05]   venues=1: ['高知']
[07:04:09]   [1/1] 高知 12R start
[07:04:35] [progress] new=2942 skip=0 empty=0 fail=0 processed=2942 elapsed=16448s rate=0.18/s target=6000 remain=3058 eta=17096s
[07:04:41] [progress] new=2944 skip=0 empty=0 fail=0 processed=2944 elapsed=16454s rate=0.18/s target=6000 remain=3056 eta=17080s
[07:04:45] [progress] new=2946 skip=0 empty=0 fail=0 processed=2946 elapsed=16458s rate=0.18/s target=6000 remain=3054 eta=17061s
[07:04:50] [progress] new=2947 skip=0 empty=0 fail=0 processed=2947 elapsed=16462s rate=0.18/s target=6000 remain=3053 eta=17054s
[07:04:53] [progress] new=2948 skip=0 empty=0 fail=0 processed=2948 elapsed=16466s rate=0.18/s target=6000 remain=3052 eta=17047s
[07:04:57] [progress] new=2950 skip=0 empty=0 fail=0 processed=2950 elapsed=16470s rate=0.18/s target=6000 remain=3050 eta=17028s
[07:05:00] [progress] new=2951 skip=0 empty=0 fail=0 processed=2951 elapsed=16473s rate=0.18/s target=6000 remain=3049 eta=17020s
[07:05:06] [progress] new=2953 skip=0 empty=0 fail=0 processed=2953 elapsed=16479s rate=0.18/s target=6000 remain=3047 eta=17003s
[07:05:06]   [1/1] 高知 done new=12 R (total_new=2953)
[07:05:06] [progress] new=2953 skip=0 empty=0 fail=0 processed=2953 elapsed=16479s rate=0.18/s target=6000 remain=3047 eta=17003s
[07:05:06] === day 106/365 2023-04-16 ===
[07:05:08]   venues=3: ['水沢', '高知', '川崎']
[07:05:14]   [1/3] 水沢 11R start
[07:05:43] [progress] new=2954 skip=0 empty=0 fail=0 processed=2954 elapsed=16516s rate=0.18/s target=6000 remain=3046 eta=17030s
[07:05:48] [progress] new=2956 skip=0 empty=0 fail=0 processed=2956 elapsed=16521s rate=0.18/s target=6000 remain=3044 eta=17013s
[07:05:52] [progress] new=2958 skip=0 empty=0 fail=0 processed=2958 elapsed=16524s rate=0.18/s target=6000 remain=3042 eta=16994s
[07:05:59] [progress] new=2960 skip=0 empty=0 fail=0 processed=2960 elapsed=16532s rate=0.18/s target=6000 remain=3040 eta=16978s
[07:06:03] [progress] new=2961 skip=0 empty=0 fail=0 processed=2961 elapsed=16535s rate=0.18/s target=6000 remain=3039 eta=16971s
[07:06:06] [progress] new=2962 skip=0 empty=0 fail=0 processed=2962 elapsed=16538s rate=0.18/s target=6000 remain=3038 eta=16963s
[07:06:09] [progress] new=2964 skip=0 empty=0 fail=0 processed=2964 elapsed=16542s rate=0.18/s target=6000 remain=3036 eta=16944s
[07:06:09]   [1/3] 水沢 done new=11 R (total_new=2964)
[07:06:09] [progress] new=2964 skip=0 empty=0 fail=0 processed=2964 elapsed=16542s rate=0.18/s target=6000 remain=3036 eta=16944s
[07:06:12]   [2/3] 高知 12R start
[07:06:43] [progress] new=2965 skip=0 empty=0 fail=0 processed=2965 elapsed=16576s rate=0.18/s target=6000 remain=3035 eta=16967s
[07:06:48] [progress] new=2967 skip=0 empty=0 fail=0 processed=2967 elapsed=16581s rate=0.18/s target=6000 remain=3033 eta=16950s
[07:06:52] [progress] new=2968 skip=0 empty=0 fail=0 processed=2968 elapsed=16584s rate=0.18/s target=6000 remain=3032 eta=16942s
[07:06:55] [progress] new=2969 skip=0 empty=0 fail=0 processed=2969 elapsed=16587s rate=0.18/s target=6000 remain=3031 eta=16934s
[07:07:00] [progress] new=2971 skip=0 empty=0 fail=0 processed=2971 elapsed=16592s rate=0.18/s target=6000 remain=3029 eta=16916s
[07:07:04] [progress] new=2972 skip=0 empty=0 fail=0 processed=2972 elapsed=16596s rate=0.18/s target=6000 remain=3028 eta=16909s
[07:07:09] [progress] new=2974 skip=0 empty=0 fail=0 processed=2974 elapsed=16601s rate=0.18/s target=6000 remain=3026 eta=16892s
[07:07:12] [progress] new=2975 skip=0 empty=0 fail=0 processed=2975 elapsed=16605s rate=0.18/s target=6000 remain=3025 eta=16884s
[07:07:14]   [2/3] 高知 done new=12 R (total_new=2976)
[07:07:14] [progress] new=2976 skip=0 empty=0 fail=0 processed=2976 elapsed=16606s rate=0.18/s target=6000 remain=3024 eta=16874s
[07:07:20]   [3/3] 川崎 11R start
[07:07:46] [progress] new=2977 skip=0 empty=0 fail=0 processed=2977 elapsed=16638s rate=0.18/s target=6000 remain=3023 eta=16895s
[07:07:50] [progress] new=2978 skip=0 empty=0 fail=0 processed=2978 elapsed=16642s rate=0.18/s target=6000 remain=3022 eta=16888s
[07:07:54] [progress] new=2979 skip=0 empty=0 fail=0 processed=2979 elapsed=16646s rate=0.18/s target=6000 remain=3021 eta=16881s
[07:07:58] [progress] new=2981 skip=0 empty=0 fail=0 processed=2981 elapsed=16651s rate=0.18/s target=6000 remain=3019 eta=16863s
[07:08:01] [progress] new=2982 skip=0 empty=0 fail=0 processed=2982 elapsed=16654s rate=0.18/s target=6000 remain=3018 eta=16855s
[07:08:05] [progress] new=2983 skip=0 empty=0 fail=0 processed=2983 elapsed=16657s rate=0.18/s target=6000 remain=3017 eta=16847s
[07:08:11] [progress] new=2985 skip=0 empty=0 fail=0 processed=2985 elapsed=16664s rate=0.18/s target=6000 remain=3015 eta=16831s
[07:08:18] [progress] new=2987 skip=0 empty=0 fail=0 processed=2987 elapsed=16670s rate=0.18/s target=6000 remain=3013 eta=16816s
[07:08:18]   [3/3] 川崎 done new=11 R (total_new=2987)
[07:08:18] [progress] new=2987 skip=0 empty=0 fail=0 processed=2987 elapsed=16670s rate=0.18/s target=6000 remain=3013 eta=16816s
[07:08:18] === day 107/365 2023-04-17 ===
[07:08:19]   venues=3: ['水沢', '名古屋', '笠松']
[07:08:23]   [1/3] 水沢 11R start
[07:08:50] [progress] new=2988 skip=0 empty=0 fail=0 processed=2988 elapsed=16702s rate=0.18/s target=6000 remain=3012 eta=16837s
[07:08:54] [progress] new=2989 skip=0 empty=0 fail=0 processed=2989 elapsed=16706s rate=0.18/s target=6000 remain=3011 eta=16829s
[07:08:58] [progress] new=2991 skip=0 empty=0 fail=0 processed=2991 elapsed=16711s rate=0.18/s target=6000 remain=3009 eta=16811s
[07:09:01] [progress] new=2992 skip=0 empty=0 fail=0 processed=2992 elapsed=16714s rate=0.18/s target=6000 remain=3008 eta=16803s
[07:09:05] [progress] new=2993 skip=0 empty=0 fail=0 processed=2993 elapsed=16717s rate=0.18/s target=6000 remain=3007 eta=16795s
[07:09:09] [progress] new=2995 skip=0 empty=0 fail=0 processed=2995 elapsed=16721s rate=0.18/s target=6000 remain=3005 eta=16777s
[07:09:14] [progress] new=2997 skip=0 empty=0 fail=0 processed=2997 elapsed=16726s rate=0.18/s target=6000 remain=3003 eta=16760s
[07:09:19] [progress] new=2998 skip=0 empty=0 fail=0 processed=2998 elapsed=16731s rate=0.18/s target=6000 remain=3002 eta=16754s
[07:09:19]   [1/3] 水沢 done new=11 R (total_new=2998)
[07:09:19] [progress] new=2998 skip=0 empty=0 fail=0 processed=2998 elapsed=16731s rate=0.18/s target=6000 remain=3002 eta=16754s
[07:09:25]   [2/3] 名古屋 11R start
[07:09:52] [progress] new=2999 skip=0 empty=0 fail=0 processed=2999 elapsed=16765s rate=0.18/s target=6000 remain=3001 eta=16776s
[07:10:00] [progress] new=3001 skip=0 empty=0 fail=0 processed=3001 elapsed=16772s rate=0.18/s target=6000 remain=2999 eta=16761s
[07:10:03] [progress] new=3003 skip=0 empty=0 fail=0 processed=3003 elapsed=16775s rate=0.18/s target=6000 remain=2997 eta=16742s
[07:10:06] [progress] new=3004 skip=0 empty=0 fail=0 processed=3004 elapsed=16779s rate=0.18/s target=6000 remain=2996 eta=16734s
[07:10:11] [progress] new=3006 skip=0 empty=0 fail=0 processed=3006 elapsed=16784s rate=0.18/s target=6000 remain=2994 eta=16717s
[07:10:14] [progress] new=3007 skip=0 empty=0 fail=0 processed=3007 elapsed=16787s rate=0.18/s target=6000 remain=2993 eta=16709s
[07:10:20] [progress] new=3009 skip=0 empty=0 fail=0 processed=3009 elapsed=16793s rate=0.18/s target=6000 remain=2991 eta=16692s
[07:10:20]   [2/3] 名古屋 done new=11 R (total_new=3009)
[07:10:20] [progress] new=3009 skip=0 empty=0 fail=0 processed=3009 elapsed=16793s rate=0.18/s target=6000 remain=2991 eta=16692s
[07:10:26]   [3/3] 笠松 12R start
[07:10:54] [progress] new=3010 skip=0 empty=0 fail=0 processed=3010 elapsed=16826s rate=0.18/s target=6000 remain=2990 eta=16715s
[07:10:59] [progress] new=3012 skip=0 empty=0 fail=0 processed=3012 elapsed=16831s rate=0.18/s target=6000 remain=2988 eta=16697s
[07:11:02] [progress] new=3013 skip=0 empty=0 fail=0 processed=3013 elapsed=16835s rate=0.18/s target=6000 remain=2987 eta=16690s
[07:11:08] [progress] new=3015 skip=0 empty=0 fail=0 processed=3015 elapsed=16840s rate=0.18/s target=6000 remain=2985 eta=16673s
[07:11:13] [progress] new=3017 skip=0 empty=0 fail=0 processed=3017 elapsed=16845s rate=0.18/s target=6000 remain=2983 eta=16655s
[07:11:17] [progress] new=3019 skip=0 empty=0 fail=0 processed=3019 elapsed=16850s rate=0.18/s target=6000 remain=2981 eta=16638s
[07:11:21] [progress] new=3020 skip=0 empty=0 fail=0 processed=3020 elapsed=16853s rate=0.18/s target=6000 remain=2980 eta=16630s
[07:11:23]   [3/3] 笠松 done new=12 R (total_new=3021)
[07:11:23] [progress] new=3021 skip=0 empty=0 fail=0 processed=3021 elapsed=16856s rate=0.18/s target=6000 remain=2979 eta=16622s
[07:11:23] === day 108/365 2023-04-18 ===
[07:11:27]   venues=4: ['水沢', '名古屋', '笠松', '園田']
[07:11:32]   [1/4] 水沢 11R start
[07:11:59] [progress] new=3022 skip=0 empty=0 fail=0 processed=3022 elapsed=16892s rate=0.18/s target=6000 remain=2978 eta=16646s
[07:12:03] [progress] new=3023 skip=0 empty=0 fail=0 processed=3023 elapsed=16896s rate=0.18/s target=6000 remain=2977 eta=16639s
[07:12:09] [progress] new=3025 skip=0 empty=0 fail=0 processed=3025 elapsed=16901s rate=0.18/s target=6000 remain=2975 eta=16622s
[07:12:12] [progress] new=3026 skip=0 empty=0 fail=0 processed=3026 elapsed=16905s rate=0.18/s target=6000 remain=2974 eta=16614s
[07:12:17] [progress] new=3028 skip=0 empty=0 fail=0 processed=3028 elapsed=16910s rate=0.18/s target=6000 remain=2972 eta=16597s
[07:12:23] [progress] new=3030 skip=0 empty=0 fail=0 processed=3030 elapsed=16916s rate=0.18/s target=6000 remain=2970 eta=16581s
[07:12:28] [progress] new=3032 skip=0 empty=0 fail=0 processed=3032 elapsed=16921s rate=0.18/s target=6000 remain=2968 eta=16564s
[07:12:28]   [1/4] 水沢 done new=11 R (total_new=3032)
[07:12:28] [progress] new=3032 skip=0 empty=0 fail=0 processed=3032 elapsed=16921s rate=0.18/s target=6000 remain=2968 eta=16564s
[07:12:33]   [2/4] 名古屋 11R start
[07:12:59] [progress] new=3033 skip=0 empty=0 fail=0 processed=3033 elapsed=16952s rate=0.18/s target=6000 remain=2967 eta=16583s
[07:13:03] [progress] new=3035 skip=0 empty=0 fail=0 processed=3035 elapsed=16955s rate=0.18/s target=6000 remain=2965 eta=16564s
[07:13:06] [progress] new=3036 skip=0 empty=0 fail=0 processed=3036 elapsed=16959s rate=0.18/s target=6000 remain=2964 eta=16557s
[07:13:10] [progress] new=3038 skip=0 empty=0 fail=0 processed=3038 elapsed=16963s rate=0.18/s target=6000 remain=2962 eta=16538s
[07:13:14] [progress] new=3040 skip=0 empty=0 fail=0 processed=3040 elapsed=16967s rate=0.18/s target=6000 remain=2960 eta=16520s
[07:13:18] [progress] new=3041 skip=0 empty=0 fail=0 processed=3041 elapsed=16970s rate=0.18/s target=6000 remain=2959 eta=16513s
[07:13:23] [progress] new=3043 skip=0 empty=0 fail=0 processed=3043 elapsed=16976s rate=0.18/s target=6000 remain=2957 eta=16496s
[07:13:23]   [2/4] 名古屋 done new=11 R (total_new=3043)
[07:13:23] [progress] new=3043 skip=0 empty=0 fail=0 processed=3043 elapsed=16976s rate=0.18/s target=6000 remain=2957 eta=16496s
[07:13:27]   [3/4] 笠松 12R start
[07:13:52] [progress] new=3044 skip=0 empty=0 fail=0 processed=3044 elapsed=17005s rate=0.18/s target=6000 remain=2956 eta=16513s
[07:13:56] [progress] new=3045 skip=0 empty=0 fail=0 processed=3045 elapsed=17009s rate=0.18/s target=6000 remain=2955 eta=16506s
[07:14:00] [progress] new=3047 skip=0 empty=0 fail=0 processed=3047 elapsed=17012s rate=0.18/s target=6000 remain=2953 eta=16487s
[07:14:03] [progress] new=3049 skip=0 empty=0 fail=0 processed=3049 elapsed=17016s rate=0.18/s target=6000 remain=2951 eta=16469s
[07:14:07] [progress] new=3051 skip=0 empty=0 fail=0 processed=3051 elapsed=17020s rate=0.18/s target=6000 remain=2949 eta=16451s
[07:14:13] [progress] new=3053 skip=0 empty=0 fail=0 processed=3053 elapsed=17025s rate=0.18/s target=6000 remain=2947 eta=16434s
[07:14:16] [progress] new=3054 skip=0 empty=0 fail=0 processed=3054 elapsed=17029s rate=0.18/s target=6000 remain=2946 eta=16426s
[07:14:19]   [3/4] 笠松 done new=12 R (total_new=3055)
[07:14:19] [progress] new=3055 skip=0 empty=0 fail=0 processed=3055 elapsed=17032s rate=0.18/s target=6000 remain=2945 eta=16418s
[07:14:25]   [4/4] 園田 12R start
[07:14:53] [progress] new=3056 skip=0 empty=0 fail=0 processed=3056 elapsed=17065s rate=0.18/s target=6000 remain=2944 eta=16440s
[07:14:56] [progress] new=3057 skip=0 empty=0 fail=0 processed=3057 elapsed=17069s rate=0.18/s target=6000 remain=2943 eta=16433s
[07:15:02] [progress] new=3059 skip=0 empty=0 fail=0 processed=3059 elapsed=17075s rate=0.18/s target=6000 remain=2941 eta=16416s
[07:15:06] [progress] new=3061 skip=0 empty=0 fail=0 processed=3061 elapsed=17078s rate=0.18/s target=6000 remain=2939 eta=16398s
[07:15:12] [progress] new=3064 skip=0 empty=0 fail=0 processed=3064 elapsed=17084s rate=0.18/s target=6000 remain=2936 eta=16371s
[07:15:16] [progress] new=3066 skip=0 empty=0 fail=0 processed=3066 elapsed=17089s rate=0.18/s target=6000 remain=2934 eta=16353s
[07:15:20] [progress] new=3067 skip=0 empty=0 fail=0 processed=3067 elapsed=17092s rate=0.18/s target=6000 remain=2933 eta=16346s
[07:15:20]   [4/4] 園田 done new=12 R (total_new=3067)
[07:15:20] [progress] new=3067 skip=0 empty=0 fail=0 processed=3067 elapsed=17092s rate=0.18/s target=6000 remain=2933 eta=16346s
[07:15:20] === day 109/365 2023-04-19 ===
[07:15:22]   venues=3: ['33', '金沢', '園田']
[07:15:27]   [1/3] 33 12R start
[07:15:56] [progress] new=3068 skip=0 empty=0 fail=0 processed=3068 elapsed=17129s rate=0.18/s target=6000 remain=2932 eta=16369s
[07:16:02] [progress] new=3070 skip=0 empty=0 fail=0 processed=3070 elapsed=17135s rate=0.18/s target=6000 remain=2930 eta=16353s
[07:16:09] [progress] new=3072 skip=0 empty=0 fail=0 processed=3072 elapsed=17142s rate=0.18/s target=6000 remain=2928 eta=16338s
[07:16:13] [progress] new=3073 skip=0 empty=0 fail=0 processed=3073 elapsed=17146s rate=0.18/s target=6000 remain=2927 eta=16331s
[07:16:18] [progress] new=3074 skip=0 empty=0 fail=0 processed=3074 elapsed=17150s rate=0.18/s target=6000 remain=2926 eta=16325s
[07:16:21] [progress] new=3075 skip=0 empty=0 fail=0 processed=3075 elapsed=17154s rate=0.18/s target=6000 remain=2925 eta=16317s
[07:16:25] [progress] new=3076 skip=0 empty=0 fail=0 processed=3076 elapsed=17157s rate=0.18/s target=6000 remain=2924 eta=16309s
[07:16:29] [progress] new=3077 skip=0 empty=0 fail=0 processed=3077 elapsed=17162s rate=0.18/s target=6000 remain=2923 eta=16303s
[07:16:33] [progress] new=3078 skip=0 empty=0 fail=0 processed=3078 elapsed=17166s rate=0.18/s target=6000 remain=2922 eta=16296s
[07:16:35]   [1/3] 33 done new=12 R (total_new=3079)
[07:16:35] [progress] new=3079 skip=0 empty=0 fail=0 processed=3079 elapsed=17168s rate=0.18/s target=6000 remain=2921 eta=16287s
[07:16:42]   [2/3] 金沢 12R start
[07:17:10] [progress] new=3080 skip=0 empty=0 fail=0 processed=3080 elapsed=17203s rate=0.18/s target=6000 remain=2920 eta=16309s
[07:17:14] [progress] new=3081 skip=0 empty=0 fail=0 processed=3081 elapsed=17207s rate=0.18/s target=6000 remain=2919 eta=16302s
[07:17:18] [progress] new=3082 skip=0 empty=0 fail=0 processed=3082 elapsed=17210s rate=0.18/s target=6000 remain=2918 eta=16295s
[07:17:22] [progress] new=3083 skip=0 empty=0 fail=0 processed=3083 elapsed=17214s rate=0.18/s target=6000 remain=2917 eta=16287s
[07:17:26] [progress] new=3084 skip=0 empty=0 fail=0 processed=3084 elapsed=17218s rate=0.18/s target=6000 remain=2916 eta=16280s
[07:17:33] [progress] new=3086 skip=0 empty=0 fail=0 processed=3086 elapsed=17226s rate=0.18/s target=6000 remain=2914 eta=16266s
[07:17:39] [progress] new=3088 skip=0 empty=0 fail=0 processed=3088 elapsed=17231s rate=0.18/s target=6000 remain=2912 eta=16249s
[07:17:42] [progress] new=3089 skip=0 empty=0 fail=0 processed=3089 elapsed=17235s rate=0.18/s target=6000 remain=2911 eta=16242s
[07:17:49] [progress] new=3091 skip=0 empty=0 fail=0 processed=3091 elapsed=17241s rate=0.18/s target=6000 remain=2909 eta=16226s
[07:17:49]   [2/3] 金沢 done new=12 R (total_new=3091)
[07:17:49] [progress] new=3091 skip=0 empty=0 fail=0 processed=3091 elapsed=17241s rate=0.18/s target=6000 remain=2909 eta=16226s
[07:17:56]   [3/3] 園田 12R start
[07:18:29] [progress] new=3092 skip=0 empty=0 fail=0 processed=3092 elapsed=17281s rate=0.18/s target=6000 remain=2908 eta=16253s
[07:18:33] [progress] new=3093 skip=0 empty=0 fail=0 processed=3093 elapsed=17285s rate=0.18/s target=6000 remain=2907 eta=16246s
[07:18:37] [progress] new=3094 skip=0 empty=0 fail=0 processed=3094 elapsed=17290s rate=0.18/s target=6000 remain=2906 eta=16239s
[07:18:41] [progress] new=3095 skip=0 empty=0 fail=0 processed=3095 elapsed=17294s rate=0.18/s target=6000 remain=2905 eta=16232s
[07:18:46] [progress] new=3097 skip=0 empty=0 fail=0 processed=3097 elapsed=17299s rate=0.18/s target=6000 remain=2903 eta=16215s
[07:18:52] [progress] new=3099 skip=0 empty=0 fail=0 processed=3099 elapsed=17305s rate=0.18/s target=6000 remain=2901 eta=16199s
[07:18:56] [progress] new=3100 skip=0 empty=0 fail=0 processed=3100 elapsed=17308s rate=0.18/s target=6000 remain=2900 eta=16192s
[07:19:00] [progress] new=3101 skip=0 empty=0 fail=0 processed=3101 elapsed=17312s rate=0.18/s target=6000 remain=2899 eta=16185s
[07:19:04] [progress] new=3103 skip=0 empty=0 fail=0 processed=3103 elapsed=17317s rate=0.18/s target=6000 remain=2897 eta=16167s
[07:19:04]   [3/3] 園田 done new=12 R (total_new=3103)
[07:19:04] [progress] new=3103 skip=0 empty=0 fail=0 processed=3103 elapsed=17317s rate=0.18/s target=6000 remain=2897 eta=16167s
[07:19:04] === day 110/365 2023-04-20 ===
[07:19:07]   venues=2: ['金沢', '園田']
[07:19:11]   [1/2] 金沢 12R start
[07:19:43] [progress] new=3104 skip=0 empty=0 fail=0 processed=3104 elapsed=17355s rate=0.18/s target=6000 remain=2896 eta=16192s
[07:19:47] [progress] new=3105 skip=0 empty=0 fail=0 processed=3105 elapsed=17359s rate=0.18/s target=6000 remain=2895 eta=16185s
[07:19:52] [progress] new=3107 skip=0 empty=0 fail=0 processed=3107 elapsed=17365s rate=0.18/s target=6000 remain=2893 eta=16169s
[07:19:56] [progress] new=3108 skip=0 empty=0 fail=0 processed=3108 elapsed=17368s rate=0.18/s target=6000 remain=2892 eta=16161s
[07:19:59] [progress] new=3109 skip=0 empty=0 fail=0 processed=3109 elapsed=17371s rate=0.18/s target=6000 remain=2891 eta=16153s
[07:20:03] [progress] new=3110 skip=0 empty=0 fail=0 processed=3110 elapsed=17375s rate=0.18/s target=6000 remain=2890 eta=16146s
[07:20:09] [progress] new=3112 skip=0 empty=0 fail=0 processed=3112 elapsed=17382s rate=0.18/s target=6000 remain=2888 eta=16131s
[07:20:13] [progress] new=3113 skip=0 empty=0 fail=0 processed=3113 elapsed=17386s rate=0.18/s target=6000 remain=2887 eta=16124s
[07:20:18] [progress] new=3115 skip=0 empty=0 fail=0 processed=3115 elapsed=17391s rate=0.18/s target=6000 remain=2885 eta=16107s
[07:20:18]   [1/2] 金沢 done new=12 R (total_new=3115)
[07:20:18] [progress] new=3115 skip=0 empty=0 fail=0 processed=3115 elapsed=17391s rate=0.18/s target=6000 remain=2885 eta=16107s
[07:20:21]   [2/2] 園田 12R start
[07:20:50] [progress] new=3116 skip=0 empty=0 fail=0 processed=3116 elapsed=17422s rate=0.18/s target=6000 remain=2884 eta=16125s
[07:20:53] [progress] new=3118 skip=0 empty=0 fail=0 processed=3118 elapsed=17426s rate=0.18/s target=6000 remain=2882 eta=16107s
[07:20:57] [progress] new=3119 skip=0 empty=0 fail=0 processed=3119 elapsed=17430s rate=0.18/s target=6000 remain=2881 eta=16100s
[07:21:01] [progress] new=3121 skip=0 empty=0 fail=0 processed=3121 elapsed=17434s rate=0.18/s target=6000 remain=2879 eta=16082s
[07:21:06] [progress] new=3122 skip=0 empty=0 fail=0 processed=3122 elapsed=17438s rate=0.18/s target=6000 remain=2878 eta=16075s
[07:21:09] [progress] new=3123 skip=0 empty=0 fail=0 processed=3123 elapsed=17441s rate=0.18/s target=6000 remain=2877 eta=16067s
[07:21:12] [progress] new=3125 skip=0 empty=0 fail=0 processed=3125 elapsed=17445s rate=0.18/s target=6000 remain=2875 eta=16049s
[07:21:19] [progress] new=3127 skip=0 empty=0 fail=0 processed=3127 elapsed=17452s rate=0.18/s target=6000 remain=2873 eta=16034s
[07:21:19]   [2/2] 園田 done new=12 R (total_new=3127)
[07:21:19] [progress] new=3127 skip=0 empty=0 fail=0 processed=3127 elapsed=17452s rate=0.18/s target=6000 remain=2873 eta=16034s
[07:21:19] === day 111/365 2023-04-21 ===
[07:21:21]   venues=2: ['船橋', '金沢']
[07:21:24]   [1/2] 船橋 12R start
[07:21:50] [progress] new=3128 skip=0 empty=0 fail=0 processed=3128 elapsed=17482s rate=0.18/s target=6000 remain=2872 eta=16052s
[07:21:56] [progress] new=3130 skip=0 empty=0 fail=0 processed=3130 elapsed=17489s rate=0.18/s target=6000 remain=2870 eta=16036s
[07:22:00] [progress] new=3132 skip=0 empty=0 fail=0 processed=3132 elapsed=17493s rate=0.18/s target=6000 remain=2868 eta=16018s
[07:22:04] [progress] new=3133 skip=0 empty=0 fail=0 processed=3133 elapsed=17497s rate=0.18/s target=6000 remain=2867 eta=16011s
[07:22:08] [progress] new=3135 skip=0 empty=0 fail=0 processed=3135 elapsed=17501s rate=0.18/s target=6000 remain=2865 eta=15994s
[07:22:13] [progress] new=3137 skip=0 empty=0 fail=0 processed=3137 elapsed=17505s rate=0.18/s target=6000 remain=2863 eta=15976s
[07:22:17] [progress] new=3139 skip=0 empty=0 fail=0 processed=3139 elapsed=17509s rate=0.18/s target=6000 remain=2861 eta=15958s
[07:22:17]   [1/2] 船橋 done new=12 R (total_new=3139)
[07:22:17] [progress] new=3139 skip=0 empty=0 fail=0 processed=3139 elapsed=17509s rate=0.18/s target=6000 remain=2861 eta=15958s
[07:22:23]   [2/2] 金沢 12R start
[07:22:56] [progress] new=3140 skip=0 empty=0 fail=0 processed=3140 elapsed=17548s rate=0.18/s target=6000 remain=2860 eta=15983s
[07:23:00] [progress] new=3141 skip=0 empty=0 fail=0 processed=3141 elapsed=17552s rate=0.18/s target=6000 remain=2859 eta=15976s
[07:23:03] [progress] new=3142 skip=0 empty=0 fail=0 processed=3142 elapsed=17556s rate=0.18/s target=6000 remain=2858 eta=15969s
[07:23:10] [progress] new=3144 skip=0 empty=0 fail=0 processed=3144 elapsed=17563s rate=0.18/s target=6000 remain=2856 eta=15954s
[07:23:14] [progress] new=3145 skip=0 empty=0 fail=0 processed=3145 elapsed=17567s rate=0.18/s target=6000 remain=2855 eta=15947s
[07:23:21] [progress] new=3147 skip=0 empty=0 fail=0 processed=3147 elapsed=17573s rate=0.18/s target=6000 remain=2853 eta=15932s
[07:23:24] [progress] new=3148 skip=0 empty=0 fail=0 processed=3148 elapsed=17577s rate=0.18/s target=6000 remain=2852 eta=15924s
[07:23:32] [progress] new=3150 skip=0 empty=0 fail=0 processed=3150 elapsed=17584s rate=0.18/s target=6000 remain=2850 eta=15910s
[07:23:33]   [2/2] 金沢 done new=12 R (total_new=3151)
[07:23:33] [progress] new=3151 skip=0 empty=0 fail=0 processed=3151 elapsed=17586s rate=0.18/s target=6000 remain=2849 eta=15900s
[07:23:33] === day 112/365 2023-04-22 ===
[07:23:35]   venues=3: ['船橋', '高知', '川崎']
[07:23:38]   [1/3] 船橋 12R start
[07:24:06] [progress] new=3152 skip=0 empty=0 fail=0 processed=3152 elapsed=17619s rate=0.18/s target=6000 remain=2848 eta=15919s
[07:24:11] [progress] new=3154 skip=0 empty=0 fail=0 processed=3154 elapsed=17624s rate=0.18/s target=6000 remain=2846 eta=15903s
[07:24:17] [progress] new=3156 skip=0 empty=0 fail=0 processed=3156 elapsed=17630s rate=0.18/s target=6000 remain=2844 eta=15887s
[07:24:21] [progress] new=3158 skip=0 empty=0 fail=0 processed=3158 elapsed=17634s rate=0.18/s target=6000 remain=2842 eta=15869s
[07:24:26] [progress] new=3160 skip=0 empty=0 fail=0 processed=3160 elapsed=17638s rate=0.18/s target=6000 remain=2840 eta=15852s
[07:24:32] [progress] new=3162 skip=0 empty=0 fail=0 processed=3162 elapsed=17645s rate=0.18/s target=6000 remain=2838 eta=15837s
[07:24:35]   [1/3] 船橋 done new=12 R (total_new=3163)
[07:24:35] [progress] new=3163 skip=0 empty=0 fail=0 processed=3163 elapsed=17647s rate=0.18/s target=6000 remain=2837 eta=15828s
[07:24:38]   [2/3] 高知 11R start
[07:25:07] [progress] new=3164 skip=0 empty=0 fail=0 processed=3164 elapsed=17679s rate=0.18/s target=6000 remain=2836 eta=15847s
[07:25:13] [progress] new=3166 skip=0 empty=0 fail=0 processed=3166 elapsed=17685s rate=0.18/s target=6000 remain=2834 eta=15831s
[07:25:16] [progress] new=3167 skip=0 empty=0 fail=0 processed=3167 elapsed=17688s rate=0.18/s target=6000 remain=2833 eta=15823s
[07:25:19] [progress] new=3168 skip=0 empty=0 fail=0 processed=3168 elapsed=17692s rate=0.18/s target=6000 remain=2832 eta=15816s
[07:25:25] [progress] new=3170 skip=0 empty=0 fail=0 processed=3170 elapsed=17697s rate=0.18/s target=6000 remain=2830 eta=15799s
[07:25:31] [progress] new=3171 skip=0 empty=0 fail=0 processed=3171 elapsed=17703s rate=0.18/s target=6000 remain=2829 eta=15794s
[07:25:35] [progress] new=3173 skip=0 empty=0 fail=0 processed=3173 elapsed=17707s rate=0.18/s target=6000 remain=2827 eta=15776s
[07:25:39] [progress] new=3174 skip=0 empty=0 fail=0 processed=3174 elapsed=17711s rate=0.18/s target=6000 remain=2826 eta=15769s
[07:25:39]   [2/3] 高知 done new=11 R (total_new=3174)
[07:25:39] [progress] new=3174 skip=0 empty=0 fail=0 processed=3174 elapsed=17711s rate=0.18/s target=6000 remain=2826 eta=15769s
[07:25:42]   [3/3] 川崎 11R start
[07:26:09] [progress] new=3175 skip=0 empty=0 fail=0 processed=3175 elapsed=17741s rate=0.18/s target=6000 remain=2825 eta=15785s
[07:26:13] [progress] new=3176 skip=0 empty=0 fail=0 processed=3176 elapsed=17745s rate=0.18/s target=6000 remain=2824 eta=15779s
[07:26:18] [progress] new=3178 skip=0 empty=0 fail=0 processed=3178 elapsed=17751s rate=0.18/s target=6000 remain=2822 eta=15763s
[07:26:21] [progress] new=3179 skip=0 empty=0 fail=0 processed=3179 elapsed=17754s rate=0.18/s target=6000 remain=2821 eta=15755s
[07:26:26] [progress] new=3180 skip=0 empty=0 fail=0 processed=3180 elapsed=17758s rate=0.18/s target=6000 remain=2820 eta=15748s
[07:26:30] [progress] new=3182 skip=0 empty=0 fail=0 processed=3182 elapsed=17763s rate=0.18/s target=6000 remain=2818 eta=15731s
[07:26:33] [progress] new=3183 skip=0 empty=0 fail=0 processed=3183 elapsed=17766s rate=0.18/s target=6000 remain=2817 eta=15723s
[07:26:37] [progress] new=3184 skip=0 empty=0 fail=0 processed=3184 elapsed=17770s rate=0.18/s target=6000 remain=2816 eta=15716s
[07:26:40]   [3/3] 川崎 done new=11 R (total_new=3185)
[07:26:40] [progress] new=3185 skip=0 empty=0 fail=0 processed=3185 elapsed=17773s rate=0.18/s target=6000 remain=2815 eta=15708s
[07:26:40] === day 113/365 2023-04-23 ===
[07:26:42]   venues=5: ['船橋', '水沢', '名古屋', '高知', '川崎']
[07:26:48]   [1/5] 船橋 12R start
[07:27:16] [progress] new=3186 skip=0 empty=0 fail=0 processed=3186 elapsed=17809s rate=0.18/s target=6000 remain=2814 eta=15729s
[07:27:20] [progress] new=3188 skip=0 empty=0 fail=0 processed=3188 elapsed=17813s rate=0.18/s target=6000 remain=2812 eta=15712s
[07:27:24] [progress] new=3189 skip=0 empty=0 fail=0 processed=3189 elapsed=17817s rate=0.18/s target=6000 remain=2811 eta=15705s
[07:27:29] [progress] new=3191 skip=0 empty=0 fail=0 processed=3191 elapsed=17821s rate=0.18/s target=6000 remain=2809 eta=15688s
[07:27:34] [progress] new=3193 skip=0 empty=0 fail=0 processed=3193 elapsed=17827s rate=0.18/s target=6000 remain=2807 eta=15671s
[07:27:38] [progress] new=3195 skip=0 empty=0 fail=0 processed=3195 elapsed=17831s rate=0.18/s target=6000 remain=2805 eta=15654s
[07:27:44] [progress] new=3197 skip=0 empty=0 fail=0 processed=3197 elapsed=17837s rate=0.18/s target=6000 remain=2803 eta=15638s
[07:27:44]   [1/5] 船橋 done new=12 R (total_new=3197)
[07:27:44] [progress] new=3197 skip=0 empty=0 fail=0 processed=3197 elapsed=17837s rate=0.18/s target=6000 remain=2803 eta=15638s
[07:27:49]   [2/5] 水沢 11R start
[07:28:17] [progress] new=3198 skip=0 empty=0 fail=0 processed=3198 elapsed=17870s rate=0.18/s target=6000 remain=2802 eta=15657s
[07:28:21] [progress] new=3200 skip=0 empty=0 fail=0 processed=3200 elapsed=17874s rate=0.18/s target=6000 remain=2800 eta=15639s
[07:28:25] [progress] new=3201 skip=0 empty=0 fail=0 processed=3201 elapsed=17878s rate=0.18/s target=6000 remain=2799 eta=15633s
[07:28:29] [progress] new=3202 skip=0 empty=0 fail=0 processed=3202 elapsed=17882s rate=0.18/s target=6000 remain=2798 eta=15626s
[07:28:34] [progress] new=3204 skip=0 empty=0 fail=0 processed=3204 elapsed=17886s rate=0.18/s target=6000 remain=2796 eta=15609s
[07:28:38] [progress] new=3205 skip=0 empty=0 fail=0 processed=3205 elapsed=17890s rate=0.18/s target=6000 remain=2795 eta=15602s
[07:28:44] [progress] new=3207 skip=0 empty=0 fail=0 processed=3207 elapsed=17896s rate=0.18/s target=6000 remain=2793 eta=15586s
[07:28:47]   [2/5] 水沢 done new=11 R (total_new=3208)
[07:28:47] [progress] new=3208 skip=0 empty=0 fail=0 processed=3208 elapsed=17899s rate=0.18/s target=6000 remain=2792 eta=15578s
[07:28:53]   [3/5] 名古屋 11R start
[07:29:21] [progress] new=3209 skip=0 empty=0 fail=0 processed=3209 elapsed=17933s rate=0.18/s target=6000 remain=2791 eta=15597s
[07:29:25] [progress] new=3211 skip=0 empty=0 fail=0 processed=3211 elapsed=17938s rate=0.18/s target=6000 remain=2789 eta=15580s
[07:29:28] [progress] new=3212 skip=0 empty=0 fail=0 processed=3212 elapsed=17941s rate=0.18/s target=6000 remain=2788 eta=15573s
[07:29:33] [progress] new=3214 skip=0 empty=0 fail=0 processed=3214 elapsed=17946s rate=0.18/s target=6000 remain=2786 eta=15556s
[07:29:37] [progress] new=3215 skip=0 empty=0 fail=0 processed=3215 elapsed=17949s rate=0.18/s target=6000 remain=2785 eta=15549s
[07:29:42] [progress] new=3217 skip=0 empty=0 fail=0 processed=3217 elapsed=17954s rate=0.18/s target=6000 remain=2783 eta=15532s
[07:29:48] [progress] new=3219 skip=0 empty=0 fail=0 processed=3219 elapsed=17960s rate=0.18/s target=6000 remain=2781 eta=15517s
[07:29:48]   [3/5] 名古屋 done new=11 R (total_new=3219)
[07:29:48] [progress] new=3219 skip=0 empty=0 fail=0 processed=3219 elapsed=17960s rate=0.18/s target=6000 remain=2781 eta=15517s
[07:29:53]   [4/5] 高知 11R start
[07:30:19] [progress] new=3220 skip=0 empty=0 fail=0 processed=3220 elapsed=17992s rate=0.18/s target=6000 remain=2780 eta=15533s
[07:30:26] [progress] new=3222 skip=0 empty=0 fail=0 processed=3222 elapsed=17998s rate=0.18/s target=6000 remain=2778 eta=15518s
[07:30:31] [progress] new=3224 skip=0 empty=0 fail=0 processed=3224 elapsed=18004s rate=0.18/s target=6000 remain=2776 eta=15502s
[07:30:39] [progress] new=3226 skip=0 empty=0 fail=0 processed=3226 elapsed=18012s rate=0.18/s target=6000 remain=2774 eta=15488s
[07:30:44] [progress] new=3228 skip=0 empty=0 fail=0 processed=3228 elapsed=18017s rate=0.18/s target=6000 remain=2772 eta=15472s
[07:30:49] [progress] new=3229 skip=0 empty=0 fail=0 processed=3229 elapsed=18021s rate=0.18/s target=6000 remain=2771 eta=15465s
[07:30:51]   [4/5] 高知 done new=11 R (total_new=3230)
[07:30:51] [progress] new=3230 skip=0 empty=0 fail=0 processed=3230 elapsed=18024s rate=0.18/s target=6000 remain=2770 eta=15457s
[07:30:57]   [5/5] 川崎 11R start
[07:31:23] [progress] new=3231 skip=0 empty=0 fail=0 processed=3231 elapsed=18055s rate=0.18/s target=6000 remain=2769 eta=15474s
[07:31:27] [progress] new=3232 skip=0 empty=0 fail=0 processed=3232 elapsed=18059s rate=0.18/s target=6000 remain=2768 eta=15467s
[07:31:30] [progress] new=3233 skip=0 empty=0 fail=0 processed=3233 elapsed=18063s rate=0.18/s target=6000 remain=2767 eta=15459s
[07:31:33] [progress] new=3234 skip=0 empty=0 fail=0 processed=3234 elapsed=18066s rate=0.18/s target=6000 remain=2766 eta=15452s
[07:31:36] [progress] new=3235 skip=0 empty=0 fail=0 processed=3235 elapsed=18069s rate=0.18/s target=6000 remain=2765 eta=15444s
[07:31:40] [progress] new=3236 skip=0 empty=0 fail=0 processed=3236 elapsed=18072s rate=0.18/s target=6000 remain=2764 eta=15436s
[07:31:46] [progress] new=3238 skip=0 empty=0 fail=0 processed=3238 elapsed=18079s rate=0.18/s target=6000 remain=2762 eta=15421s
[07:31:49] [progress] new=3239 skip=0 empty=0 fail=0 processed=3239 elapsed=18082s rate=0.18/s target=6000 remain=2761 eta=15414s
[07:31:53] [progress] new=3240 skip=0 empty=0 fail=0 processed=3240 elapsed=18085s rate=0.18/s target=6000 remain=2760 eta=15406s
[07:31:56] [progress] new=3241 skip=0 empty=0 fail=0 processed=3241 elapsed=18088s rate=0.18/s target=6000 remain=2759 eta=15398s
[07:31:56]   [5/5] 川崎 done new=11 R (total_new=3241)
[07:31:56] [progress] new=3241 skip=0 empty=0 fail=0 processed=3241 elapsed=18088s rate=0.18/s target=6000 remain=2759 eta=15398s
[07:31:56] === day 114/365 2023-04-24 ===
[07:31:59]   venues=4: ['船橋', '水沢', '金沢', '川崎']
[07:32:02]   [1/4] 船橋 12R start
[07:32:28] [progress] new=3242 skip=0 empty=0 fail=0 processed=3242 elapsed=18121s rate=0.18/s target=6000 remain=2758 eta=15416s
[07:32:33] [progress] new=3244 skip=0 empty=0 fail=0 processed=3244 elapsed=18126s rate=0.18/s target=6000 remain=2756 eta=15399s
[07:32:38] [progress] new=3246 skip=0 empty=0 fail=0 processed=3246 elapsed=18131s rate=0.18/s target=6000 remain=2754 eta=15383s
[07:32:43] [progress] new=3248 skip=0 empty=0 fail=0 processed=3248 elapsed=18136s rate=0.18/s target=6000 remain=2752 eta=15366s
[07:32:48] [progress] new=3250 skip=0 empty=0 fail=0 processed=3250 elapsed=18140s rate=0.18/s target=6000 remain=2750 eta=15350s
[07:32:53] [progress] new=3252 skip=0 empty=0 fail=0 processed=3252 elapsed=18145s rate=0.18/s target=6000 remain=2748 eta=15333s
[07:32:56]   [1/4] 船橋 done new=12 R (total_new=3253)
[07:32:56] [progress] new=3253 skip=0 empty=0 fail=0 processed=3253 elapsed=18148s rate=0.18/s target=6000 remain=2747 eta=15325s
[07:33:01]   [2/4] 水沢 12R start
[07:33:27] [progress] new=3254 skip=0 empty=0 fail=0 processed=3254 elapsed=18180s rate=0.18/s target=6000 remain=2746 eta=15342s
[07:33:34] [progress] new=3256 skip=0 empty=0 fail=0 processed=3256 elapsed=18186s rate=0.18/s target=6000 remain=2744 eta=15326s
[07:33:39] [progress] new=3258 skip=0 empty=0 fail=0 processed=3258 elapsed=18192s rate=0.18/s target=6000 remain=2742 eta=15311s
[07:33:43] [progress] new=3260 skip=0 empty=0 fail=0 processed=3260 elapsed=18196s rate=0.18/s target=6000 remain=2740 eta=15293s
[07:33:47] [progress] new=3261 skip=0 empty=0 fail=0 processed=3261 elapsed=18200s rate=0.18/s target=6000 remain=2739 eta=15287s
[07:33:50] [progress] new=3262 skip=0 empty=0 fail=0 processed=3262 elapsed=18203s rate=0.18/s target=6000 remain=2738 eta=15279s
[07:33:54] [progress] new=3263 skip=0 empty=0 fail=0 processed=3263 elapsed=18206s rate=0.18/s target=6000 remain=2737 eta=15272s
[07:33:57] [progress] new=3265 skip=0 empty=0 fail=0 processed=3265 elapsed=18210s rate=0.18/s target=6000 remain=2735 eta=15254s
[07:33:57]   [2/4] 水沢 done new=12 R (total_new=3265)
[07:33:57] [progress] new=3265 skip=0 empty=0 fail=0 processed=3265 elapsed=18210s rate=0.18/s target=6000 remain=2735 eta=15254s
[07:34:01]   [3/4] 金沢 12R start
[07:34:28] [progress] new=3266 skip=0 empty=0 fail=0 processed=3266 elapsed=18240s rate=0.18/s target=6000 remain=2734 eta=15269s
[07:34:34] [progress] new=3268 skip=0 empty=0 fail=0 processed=3268 elapsed=18247s rate=0.18/s target=6000 remain=2732 eta=15254s
[07:34:39] [progress] new=3270 skip=0 empty=0 fail=0 processed=3270 elapsed=18252s rate=0.18/s target=6000 remain=2730 eta=15238s
[07:34:43] [progress] new=3271 skip=0 empty=0 fail=0 processed=3271 elapsed=18256s rate=0.18/s target=6000 remain=2729 eta=15231s
[07:34:47] [progress] new=3273 skip=0 empty=0 fail=0 processed=3273 elapsed=18260s rate=0.18/s target=6000 remain=2727 eta=15214s
[07:34:51] [progress] new=3274 skip=0 empty=0 fail=0 processed=3274 elapsed=18264s rate=0.18/s target=6000 remain=2726 eta=15207s
[07:34:55] [progress] new=3275 skip=0 empty=0 fail=0 processed=3275 elapsed=18268s rate=0.18/s target=6000 remain=2725 eta=15200s
[07:34:59] [progress] new=3276 skip=0 empty=0 fail=0 processed=3276 elapsed=18271s rate=0.18/s target=6000 remain=2724 eta=15193s
[07:35:03] [progress] new=3277 skip=0 empty=0 fail=0 processed=3277 elapsed=18275s rate=0.18/s target=6000 remain=2723 eta=15186s
[07:35:03]   [3/4] 金沢 done new=12 R (total_new=3277)
[07:35:03] [progress] new=3277 skip=0 empty=0 fail=0 processed=3277 elapsed=18275s rate=0.18/s target=6000 remain=2723 eta=15186s
[07:35:07]   [4/4] 川崎 11R start
[07:35:29] [progress] new=3278 skip=0 empty=0 fail=0 processed=3278 elapsed=18302s rate=0.18/s target=6000 remain=2722 eta=15198s
[07:35:33] [progress] new=3279 skip=0 empty=0 fail=0 processed=3279 elapsed=18306s rate=0.18/s target=6000 remain=2721 eta=15190s
[07:35:37] [progress] new=3280 skip=0 empty=0 fail=0 processed=3280 elapsed=18310s rate=0.18/s target=6000 remain=2720 eta=15184s
[07:35:42] [progress] new=3282 skip=0 empty=0 fail=0 processed=3282 elapsed=18314s rate=0.18/s target=6000 remain=2718 eta=15167s
[07:35:45] [progress] new=3283 skip=0 empty=0 fail=0 processed=3283 elapsed=18317s rate=0.18/s target=6000 remain=2717 eta=15159s
[07:35:49] [progress] new=3284 skip=0 empty=0 fail=0 processed=3284 elapsed=18321s rate=0.18/s target=6000 remain=2716 eta=15152s
[07:35:56] [progress] new=3286 skip=0 empty=0 fail=0 processed=3286 elapsed=18328s rate=0.18/s target=6000 remain=2714 eta=15138s
[07:36:00] [progress] new=3287 skip=0 empty=0 fail=0 processed=3287 elapsed=18332s rate=0.18/s target=6000 remain=2713 eta=15131s
[07:36:02]   [4/4] 川崎 done new=11 R (total_new=3288)
[07:36:02] [progress] new=3288 skip=0 empty=0 fail=0 processed=3288 elapsed=18334s rate=0.18/s target=6000 remain=2712 eta=15122s
[07:36:02] === day 115/365 2023-04-25 ===
[07:36:03]   venues=3: ['船橋', '水沢', '名古屋']
[07:36:06]   [1/3] 船橋 12R start
[07:36:30] [progress] new=3289 skip=0 empty=0 fail=0 processed=3289 elapsed=18363s rate=0.18/s target=6000 remain=2711 eta=15136s
[07:36:35] [progress] new=3291 skip=0 empty=0 fail=0 processed=3291 elapsed=18367s rate=0.18/s target=6000 remain=2709 eta=15119s
[07:36:38] [progress] new=3292 skip=0 empty=0 fail=0 processed=3292 elapsed=18371s rate=0.18/s target=6000 remain=2708 eta=15112s
[07:36:42] [progress] new=3293 skip=0 empty=0 fail=0 processed=3293 elapsed=18374s rate=0.18/s target=6000 remain=2707 eta=15105s
[07:36:46] [progress] new=3296 skip=0 empty=0 fail=0 processed=3296 elapsed=18379s rate=0.18/s target=6000 remain=2704 eta=15078s
[07:36:50] [progress] new=3298 skip=0 empty=0 fail=0 processed=3298 elapsed=18382s rate=0.18/s target=6000 remain=2702 eta=15060s
[07:36:54] [progress] new=3299 skip=0 empty=0 fail=0 processed=3299 elapsed=18386s rate=0.18/s target=6000 remain=2701 eta=15053s
[07:36:55]   [1/3] 船橋 done new=12 R (total_new=3300)
[07:36:55] [progress] new=3300 skip=0 empty=0 fail=0 processed=3300 elapsed=18387s rate=0.18/s target=6000 remain=2700 eta=15044s
[07:37:01]   [2/3] 水沢 12R start
[07:37:23] [progress] new=3301 skip=0 empty=0 fail=0 processed=3301 elapsed=18415s rate=0.18/s target=6000 remain=2699 eta=15057s
[07:37:29] [progress] new=3302 skip=0 empty=0 fail=0 processed=3302 elapsed=18422s rate=0.18/s target=6000 remain=2698 eta=15052s
[07:37:32] [progress] new=3303 skip=0 empty=0 fail=0 processed=3303 elapsed=18425s rate=0.18/s target=6000 remain=2697 eta=15044s
[07:37:39] [progress] new=3305 skip=0 empty=0 fail=0 processed=3305 elapsed=18432s rate=0.18/s target=6000 remain=2695 eta=15030s
[07:37:43] [progress] new=3306 skip=0 empty=0 fail=0 processed=3306 elapsed=18435s rate=0.18/s target=6000 remain=2694 eta=15022s
[07:37:49] [progress] new=3308 skip=0 empty=0 fail=0 processed=3308 elapsed=18442s rate=0.18/s target=6000 remain=2692 eta=15008s
[07:37:53] [progress] new=3310 skip=0 empty=0 fail=0 processed=3310 elapsed=18446s rate=0.18/s target=6000 remain=2690 eta=14991s
[07:37:57] [progress] new=3311 skip=0 empty=0 fail=0 processed=3311 elapsed=18450s rate=0.18/s target=6000 remain=2689 eta=14984s
[07:37:59]   [2/3] 水沢 done new=12 R (total_new=3312)
[07:37:59] [progress] new=3312 skip=0 empty=0 fail=0 processed=3312 elapsed=18452s rate=0.18/s target=6000 remain=2688 eta=14976s
[07:38:04]   [3/3] 名古屋 11R start
[07:38:32] [progress] new=3313 skip=0 empty=0 fail=0 processed=3313 elapsed=18485s rate=0.18/s target=6000 remain=2687 eta=14992s
[07:38:37] [progress] new=3315 skip=0 empty=0 fail=0 processed=3315 elapsed=18490s rate=0.18/s target=6000 remain=2685 eta=14976s
[07:38:42] [progress] new=3317 skip=0 empty=0 fail=0 processed=3317 elapsed=18495s rate=0.18/s target=6000 remain=2683 eta=14960s
[07:38:46] [progress] new=3318 skip=0 empty=0 fail=0 processed=3318 elapsed=18499s rate=0.18/s target=6000 remain=2682 eta=14953s
[07:38:51] [progress] new=3320 skip=0 empty=0 fail=0 processed=3320 elapsed=18503s rate=0.18/s target=6000 remain=2680 eta=14936s
[07:38:54] [progress] new=3321 skip=0 empty=0 fail=0 processed=3321 elapsed=18506s rate=0.18/s target=6000 remain=2679 eta=14929s
[07:38:58] [progress] new=3323 skip=0 empty=0 fail=0 processed=3323 elapsed=18511s rate=0.18/s target=6000 remain=2677 eta=14912s
[07:38:58]   [3/3] 名古屋 done new=11 R (total_new=3323)
[07:38:58] [progress] new=3323 skip=0 empty=0 fail=0 processed=3323 elapsed=18511s rate=0.18/s target=6000 remain=2677 eta=14912s
[07:38:58] === day 116/365 2023-04-26 ===
[07:39:01]   venues=2: ['笠松', '園田']
[07:39:08]   [1/2] 笠松 12R start
[07:39:38] [progress] new=3324 skip=0 empty=0 fail=0 processed=3324 elapsed=18551s rate=0.18/s target=6000 remain=2676 eta=14935s
[07:39:44] [progress] new=3326 skip=0 empty=0 fail=0 processed=3326 elapsed=18557s rate=0.18/s target=6000 remain=2674 eta=14919s
[07:39:50] [progress] new=3328 skip=0 empty=0 fail=0 processed=3328 elapsed=18562s rate=0.18/s target=6000 remain=2672 eta=14904s
[07:39:55] [progress] new=3330 skip=0 empty=0 fail=0 processed=3330 elapsed=18567s rate=0.18/s target=6000 remain=2670 eta=14887s
[07:40:00] [progress] new=3332 skip=0 empty=0 fail=0 processed=3332 elapsed=18573s rate=0.18/s target=6000 remain=2668 eta=14871s
[07:40:04] [progress] new=3333 skip=0 empty=0 fail=0 processed=3333 elapsed=18577s rate=0.18/s target=6000 remain=2667 eta=14865s
[07:40:07] [progress] new=3334 skip=0 empty=0 fail=0 processed=3334 elapsed=18580s rate=0.18/s target=6000 remain=2666 eta=14857s
[07:40:11] [progress] new=3335 skip=0 empty=0 fail=0 processed=3335 elapsed=18583s rate=0.18/s target=6000 remain=2665 eta=14850s
[07:40:11]   [1/2] 笠松 done new=12 R (total_new=3335)
[07:40:11] [progress] new=3335 skip=0 empty=0 fail=0 processed=3335 elapsed=18583s rate=0.18/s target=6000 remain=2665 eta=14850s
[07:40:16]   [2/2] 園田 12R start
[07:40:45] [progress] new=3336 skip=0 empty=0 fail=0 processed=3336 elapsed=18617s rate=0.18/s target=6000 remain=2664 eta=14867s
[07:40:49] [progress] new=3338 skip=0 empty=0 fail=0 processed=3338 elapsed=18622s rate=0.18/s target=6000 remain=2662 eta=14851s
[07:40:55] [progress] new=3340 skip=0 empty=0 fail=0 processed=3340 elapsed=18627s rate=0.18/s target=6000 remain=2660 eta=14835s
[07:40:59] [progress] new=3342 skip=0 empty=0 fail=0 processed=3342 elapsed=18632s rate=0.18/s target=6000 remain=2658 eta=14818s
[07:41:05] [progress] new=3344 skip=0 empty=0 fail=0 processed=3344 elapsed=18637s rate=0.18/s target=6000 remain=2656 eta=14803s
[07:41:08] [progress] new=3346 skip=0 empty=0 fail=0 processed=3346 elapsed=18641s rate=0.18/s target=6000 remain=2654 eta=14786s
[07:41:12] [progress] new=3347 skip=0 empty=0 fail=0 processed=3347 elapsed=18644s rate=0.18/s target=6000 remain=2653 eta=14779s
[07:41:12]   [2/2] 園田 done new=12 R (total_new=3347)
[07:41:12] [progress] new=3347 skip=0 empty=0 fail=0 processed=3347 elapsed=18644s rate=0.18/s target=6000 remain=2653 eta=14779s
[07:41:12] === day 117/365 2023-04-27 ===
[07:41:15]   venues=2: ['笠松', '園田']
[07:41:20]   [1/2] 笠松 12R start
[07:41:47] [progress] new=3348 skip=0 empty=0 fail=0 processed=3348 elapsed=18679s rate=0.18/s target=6000 remain=2652 eta=14796s
[07:41:53] [progress] new=3350 skip=0 empty=0 fail=0 processed=3350 elapsed=18686s rate=0.18/s target=6000 remain=2650 eta=14781s
[07:41:58] [progress] new=3352 skip=0 empty=0 fail=0 processed=3352 elapsed=18691s rate=0.18/s target=6000 remain=2648 eta=14765s
[07:42:04] [progress] new=3354 skip=0 empty=0 fail=0 processed=3354 elapsed=18696s rate=0.18/s target=6000 remain=2646 eta=14750s
[07:42:07] [progress] new=3356 skip=0 empty=0 fail=0 processed=3356 elapsed=18700s rate=0.18/s target=6000 remain=2644 eta=14732s
[07:42:12] [progress] new=3358 skip=0 empty=0 fail=0 processed=3358 elapsed=18705s rate=0.18/s target=6000 remain=2642 eta=14716s
[07:42:16] [progress] new=3359 skip=0 empty=0 fail=0 processed=3359 elapsed=18708s rate=0.18/s target=6000 remain=2641 eta=14709s
[07:42:16]   [1/2] 笠松 done new=12 R (total_new=3359)
[07:42:16] [progress] new=3359 skip=0 empty=0 fail=0 processed=3359 elapsed=18708s rate=0.18/s target=6000 remain=2641 eta=14709s
[07:42:21]   [2/2] 園田 12R start
[07:42:49] [progress] new=3360 skip=0 empty=0 fail=0 processed=3360 elapsed=18742s rate=0.18/s target=6000 remain=2640 eta=14726s
[07:42:53] [progress] new=3362 skip=0 empty=0 fail=0 processed=3362 elapsed=18746s rate=0.18/s target=6000 remain=2638 eta=14709s
[07:42:57] [progress] new=3363 skip=0 empty=0 fail=0 processed=3363 elapsed=18749s rate=0.18/s target=6000 remain=2637 eta=14702s
[07:43:01] [progress] new=3364 skip=0 empty=0 fail=0 processed=3364 elapsed=18753s rate=0.18/s target=6000 remain=2636 eta=14695s
[07:43:07] [progress] new=3366 skip=0 empty=0 fail=0 processed=3366 elapsed=18759s rate=0.18/s target=6000 remain=2634 eta=14680s
[07:43:10] [progress] new=3367 skip=0 empty=0 fail=0 processed=3367 elapsed=18763s rate=0.18/s target=6000 remain=2633 eta=14672s
[07:43:14] [progress] new=3369 skip=0 empty=0 fail=0 processed=3369 elapsed=18767s rate=0.18/s target=6000 remain=2631 eta=14656s
[07:43:19] [progress] new=3370 skip=0 empty=0 fail=0 processed=3370 elapsed=18772s rate=0.18/s target=6000 remain=2630 eta=14650s
[07:43:22] [progress] new=3371 skip=0 empty=0 fail=0 processed=3371 elapsed=18775s rate=0.18/s target=6000 remain=2629 eta=14642s
[07:43:22]   [2/2] 園田 done new=12 R (total_new=3371)
[07:43:22] [progress] new=3371 skip=0 empty=0 fail=0 processed=3371 elapsed=18775s rate=0.18/s target=6000 remain=2629 eta=14642s
[07:43:22] === day 118/365 2023-04-28 ===
[07:43:26]   venues=2: ['笠松', '園田']
[07:43:32]   [1/2] 笠松 12R start
[07:44:01] [progress] new=3372 skip=0 empty=0 fail=0 processed=3372 elapsed=18813s rate=0.18/s target=6000 remain=2628 eta=14662s
[07:44:05] [progress] new=3374 skip=0 empty=0 fail=0 processed=3374 elapsed=18817s rate=0.18/s target=6000 remain=2626 eta=14646s
[07:44:08] [progress] new=3376 skip=0 empty=0 fail=0 processed=3376 elapsed=18821s rate=0.18/s target=6000 remain=2624 eta=14629s
[07:44:12] [progress] new=3377 skip=0 empty=0 fail=0 processed=3377 elapsed=18824s rate=0.18/s target=6000 remain=2623 eta=14621s
[07:44:16] [progress] new=3379 skip=0 empty=0 fail=0 processed=3379 elapsed=18829s rate=0.18/s target=6000 remain=2621 eta=14605s
[07:44:19] [progress] new=3380 skip=0 empty=0 fail=0 processed=3380 elapsed=18832s rate=0.18/s target=6000 remain=2620 eta=14597s
[07:44:25] [progress] new=3382 skip=0 empty=0 fail=0 processed=3382 elapsed=18838s rate=0.18/s target=6000 remain=2618 eta=14582s
[07:44:29] [progress] new=3383 skip=0 empty=0 fail=0 processed=3383 elapsed=18841s rate=0.18/s target=6000 remain=2617 eta=14575s
[07:44:29]   [1/2] 笠松 done new=12 R (total_new=3383)
[07:44:29] [progress] new=3383 skip=0 empty=0 fail=0 processed=3383 elapsed=18841s rate=0.18/s target=6000 remain=2617 eta=14575s
[07:44:34]   [2/2] 園田 12R start
[07:45:04] [progress] new=3384 skip=0 empty=0 fail=0 processed=3384 elapsed=18876s rate=0.18/s target=6000 remain=2616 eta=14592s
[07:45:08] [progress] new=3386 skip=0 empty=0 fail=0 processed=3386 elapsed=18880s rate=0.18/s target=6000 remain=2614 eta=14576s
[07:45:11] [progress] new=3387 skip=0 empty=0 fail=0 processed=3387 elapsed=18884s rate=0.18/s target=6000 remain=2613 eta=14569s
[07:45:16] [progress] new=3389 skip=0 empty=0 fail=0 processed=3389 elapsed=18889s rate=0.18/s target=6000 remain=2611 eta=14553s
[07:45:20] [progress] new=3391 skip=0 empty=0 fail=0 processed=3391 elapsed=18893s rate=0.18/s target=6000 remain=2609 eta=14536s
[07:45:24] [progress] new=3393 skip=0 empty=0 fail=0 processed=3393 elapsed=18896s rate=0.18/s target=6000 remain=2607 eta=14519s
[07:45:31] [progress] new=3395 skip=0 empty=0 fail=0 processed=3395 elapsed=18903s rate=0.18/s target=6000 remain=2605 eta=14505s
[07:45:31]   [2/2] 園田 done new=12 R (total_new=3395)
[07:45:31] [progress] new=3395 skip=0 empty=0 fail=0 processed=3395 elapsed=18903s rate=0.18/s target=6000 remain=2605 eta=14505s
[07:45:31] === day 119/365 2023-04-29 ===
[07:45:32]   venues=3: ['船橋', '高知', '川崎']
[07:45:39]   [1/3] 船橋 12R start
[07:46:14] [progress] new=3396 skip=0 empty=0 fail=0 processed=3396 elapsed=18946s rate=0.18/s target=6000 remain=2604 eta=14528s
[07:46:17] [progress] new=3397 skip=0 empty=0 fail=0 processed=3397 elapsed=18950s rate=0.18/s target=6000 remain=2603 eta=14521s
[07:46:21] [progress] new=3399 skip=0 empty=0 fail=0 processed=3399 elapsed=18954s rate=0.18/s target=6000 remain=2601 eta=14504s
[07:47:17] [progress] new=3401 skip=0 empty=0 fail=0 processed=3401 elapsed=19009s rate=0.18/s target=6000 remain=2599 eta=14527s
[07:47:23] [progress] new=3403 skip=0 empty=0 fail=0 processed=3403 elapsed=19015s rate=0.18/s target=6000 remain=2597 eta=14511s
[07:47:28] [progress] new=3405 skip=0 empty=0 fail=0 processed=3405 elapsed=19021s rate=0.18/s target=6000 remain=2595 eta=14496s
[07:47:32] [progress] new=3406 skip=0 empty=0 fail=0 processed=3406 elapsed=19024s rate=0.18/s target=6000 remain=2594 eta=14489s
[07:47:34]   [1/3] 船橋 done new=12 R (total_new=3407)
[07:47:34] [progress] new=3407 skip=0 empty=0 fail=0 processed=3407 elapsed=19027s rate=0.18/s target=6000 remain=2593 eta=14481s
[07:47:41]   [2/3] 高知 11R start
[07:48:08] [progress] new=3408 skip=0 empty=0 fail=0 processed=3408 elapsed=19061s rate=0.18/s target=6000 remain=2592 eta=14497s
[07:48:12] [progress] new=3409 skip=0 empty=0 fail=0 processed=3409 elapsed=19065s rate=0.18/s target=6000 remain=2591 eta=14490s
[07:48:16] [progress] new=3411 skip=0 empty=0 fail=0 processed=3411 elapsed=19069s rate=0.18/s target=6000 remain=2589 eta=14474s
[07:48:21] [progress] new=3413 skip=0 empty=0 fail=0 processed=3413 elapsed=19073s rate=0.18/s target=6000 remain=2587 eta=14457s
[07:48:25] [progress] new=3414 skip=0 empty=0 fail=0 processed=3414 elapsed=19078s rate=0.18/s target=6000 remain=2586 eta=14451s
[07:48:29] [progress] new=3415 skip=0 empty=0 fail=0 processed=3415 elapsed=19081s rate=0.18/s target=6000 remain=2585 eta=14444s
[07:48:32] [progress] new=3416 skip=0 empty=0 fail=0 processed=3416 elapsed=19084s rate=0.18/s target=6000 remain=2584 eta=14436s
[07:48:36] [progress] new=3417 skip=0 empty=0 fail=0 processed=3417 elapsed=19088s rate=0.18/s target=6000 remain=2583 eta=14429s
[07:48:39] [progress] new=3418 skip=0 empty=0 fail=0 processed=3418 elapsed=19092s rate=0.18/s target=6000 remain=2582 eta=14422s
[07:48:39]   [2/3] 高知 done new=11 R (total_new=3418)
[07:48:39] [progress] new=3418 skip=0 empty=0 fail=0 processed=3418 elapsed=19092s rate=0.18/s target=6000 remain=2582 eta=14422s
[07:48:42]   [3/3] 川崎 11R start
[07:49:07] [progress] new=3419 skip=0 empty=0 fail=0 processed=3419 elapsed=19120s rate=0.18/s target=6000 remain=2581 eta=14434s
[07:49:11] [progress] new=3420 skip=0 empty=0 fail=0 processed=3420 elapsed=19124s rate=0.18/s target=6000 remain=2580 eta=14427s
[07:49:18] [progress] new=3422 skip=0 empty=0 fail=0 processed=3422 elapsed=19131s rate=0.18/s target=6000 remain=2578 eta=14412s
[07:49:22] [progress] new=3423 skip=0 empty=0 fail=0 processed=3423 elapsed=19134s rate=0.18/s target=6000 remain=2577 eta=14405s
[07:49:26] [progress] new=3424 skip=0 empty=0 fail=0 processed=3424 elapsed=19138s rate=0.18/s target=6000 remain=2576 eta=14398s
[07:49:31] [progress] new=3426 skip=0 empty=0 fail=0 processed=3426 elapsed=19143s rate=0.18/s target=6000 remain=2574 eta=14383s
[07:49:37] [progress] new=3428 skip=0 empty=0 fail=0 processed=3428 elapsed=19150s rate=0.18/s target=6000 remain=2572 eta=14368s
[07:49:40] [progress] new=3429 skip=0 empty=0 fail=0 processed=3429 elapsed=19153s rate=0.18/s target=6000 remain=2571 eta=14360s
[07:49:40]   [3/3] 川崎 done new=11 R (total_new=3429)
[07:49:40] [progress] new=3429 skip=0 empty=0 fail=0 processed=3429 elapsed=19153s rate=0.18/s target=6000 remain=2571 eta=14360s
[07:49:40] === day 120/365 2023-04-30 ===
[07:49:41]   venues=4: ['船橋', '水沢', '高知', '川崎']
[07:49:46]   [1/4] 船橋 12R start
[07:50:16] [progress] new=3430 skip=0 empty=0 fail=0 processed=3430 elapsed=19189s rate=0.18/s target=6000 remain=2570 eta=14377s
[07:50:21] [progress] new=3432 skip=0 empty=0 fail=0 processed=3432 elapsed=19194s rate=0.18/s target=6000 remain=2568 eta=14362s
[07:50:26] [progress] new=3434 skip=0 empty=0 fail=0 processed=3434 elapsed=19199s rate=0.18/s target=6000 remain=2566 eta=14346s
[07:50:30] [progress] new=3435 skip=0 empty=0 fail=0 processed=3435 elapsed=19202s rate=0.18/s target=6000 remain=2565 eta=14339s
[07:50:33] [progress] new=3436 skip=0 empty=0 fail=0 processed=3436 elapsed=19206s rate=0.18/s target=6000 remain=2564 eta=14332s
[07:50:37] [progress] new=3437 skip=0 empty=0 fail=0 processed=3437 elapsed=19210s rate=0.18/s target=6000 remain=2563 eta=14325s
[07:50:40] [progress] new=3438 skip=0 empty=0 fail=0 processed=3438 elapsed=19213s rate=0.18/s target=6000 remain=2562 eta=14317s
[07:50:46] [progress] new=3440 skip=0 empty=0 fail=0 processed=3440 elapsed=19219s rate=0.18/s target=6000 remain=2560 eta=14302s
[07:50:50] [progress] new=3441 skip=0 empty=0 fail=0 processed=3441 elapsed=19222s rate=0.18/s target=6000 remain=2559 eta=14295s
[07:50:50]   [1/4] 船橋 done new=12 R (total_new=3441)
[07:50:50] [progress] new=3441 skip=0 empty=0 fail=0 processed=3441 elapsed=19222s rate=0.18/s target=6000 remain=2559 eta=14295s
[07:50:52]   [2/4] 水沢 11R start
[07:51:17] [progress] new=3442 skip=0 empty=0 fail=0 processed=3442 elapsed=19250s rate=0.18/s target=6000 remain=2558 eta=14306s
[07:51:24] [progress] new=3444 skip=0 empty=0 fail=0 processed=3444 elapsed=19256s rate=0.18/s target=6000 remain=2556 eta=14291s
[07:51:30] [progress] new=3446 skip=0 empty=0 fail=0 processed=3446 elapsed=19262s rate=0.18/s target=6000 remain=2554 eta=14276s
[07:51:34] [progress] new=3447 skip=0 empty=0 fail=0 processed=3447 elapsed=19266s rate=0.18/s target=6000 remain=2553 eta=14269s
[07:51:37] [progress] new=3448 skip=0 empty=0 fail=0 processed=3448 elapsed=19270s rate=0.18/s target=6000 remain=2552 eta=14262s
[07:51:41] [progress] new=3450 skip=0 empty=0 fail=0 processed=3450 elapsed=19274s rate=0.18/s target=6000 remain=2550 eta=14246s
[07:51:48] [progress] new=3452 skip=0 empty=0 fail=0 processed=3452 elapsed=19280s rate=0.18/s target=6000 remain=2548 eta=14231s
[07:51:48]   [2/4] 水沢 done new=11 R (total_new=3452)
[07:51:48] [progress] new=3452 skip=0 empty=0 fail=0 processed=3452 elapsed=19280s rate=0.18/s target=6000 remain=2548 eta=14231s
[07:51:55]   [3/4] 高知 12R start
[07:52:22] [progress] new=3453 skip=0 empty=0 fail=0 processed=3453 elapsed=19314s rate=0.18/s target=6000 remain=2547 eta=14247s
[07:52:27] [progress] new=3455 skip=0 empty=0 fail=0 processed=3455 elapsed=19319s rate=0.18/s target=6000 remain=2545 eta=14231s
[07:52:33] [progress] new=3457 skip=0 empty=0 fail=0 processed=3457 elapsed=19326s rate=0.18/s target=6000 remain=2543 eta=14216s
[07:52:39] [progress] new=3459 skip=0 empty=0 fail=0 processed=3459 elapsed=19332s rate=0.18/s target=6000 remain=2541 eta=14201s
[07:52:44] [progress] new=3461 skip=0 empty=0 fail=0 processed=3461 elapsed=19337s rate=0.18/s target=6000 remain=2539 eta=14185s
[07:52:47] [progress] new=3462 skip=0 empty=0 fail=0 processed=3462 elapsed=19340s rate=0.18/s target=6000 remain=2538 eta=14178s
[07:52:51] [progress] new=3463 skip=0 empty=0 fail=0 processed=3463 elapsed=19344s rate=0.18/s target=6000 remain=2537 eta=14171s
[07:52:54]   [3/4] 高知 done new=12 R (total_new=3464)
[07:52:54] [progress] new=3464 skip=0 empty=0 fail=0 processed=3464 elapsed=19347s rate=0.18/s target=6000 remain=2536 eta=14164s
[07:52:59]   [4/4] 川崎 11R start
[07:53:25] [progress] new=3465 skip=0 empty=0 fail=0 processed=3465 elapsed=19378s rate=0.18/s target=6000 remain=2535 eta=14177s
[07:53:30] [progress] new=3467 skip=0 empty=0 fail=0 processed=3467 elapsed=19382s rate=0.18/s target=6000 remain=2533 eta=14161s
[07:53:34] [progress] new=3468 skip=0 empty=0 fail=0 processed=3468 elapsed=19387s rate=0.18/s target=6000 remain=2532 eta=14154s
[07:53:42] [progress] new=3470 skip=0 empty=0 fail=0 processed=3470 elapsed=19394s rate=0.18/s target=6000 remain=2530 eta=14141s
[07:53:47] [progress] new=3472 skip=0 empty=0 fail=0 processed=3472 elapsed=19400s rate=0.18/s target=6000 remain=2528 eta=14125s
[07:53:51] [progress] new=3474 skip=0 empty=0 fail=0 processed=3474 elapsed=19404s rate=0.18/s target=6000 remain=2526 eta=14109s
[07:53:53]   [4/4] 川崎 done new=11 R (total_new=3475)
[07:53:53] [progress] new=3475 skip=0 empty=0 fail=0 processed=3475 elapsed=19406s rate=0.18/s target=6000 remain=2525 eta=14101s
[07:53:53] === day 121/365 2023-05-01 ===
[07:53:56]   venues=3: ['船橋', '水沢', '名古屋']
[07:54:00]   [1/3] 船橋 12R start
[07:54:27] [progress] new=3476 skip=0 empty=0 fail=0 processed=3476 elapsed=19440s rate=0.18/s target=6000 remain=2524 eta=14116s
[07:54:31] [progress] new=3477 skip=0 empty=0 fail=0 processed=3477 elapsed=19444s rate=0.18/s target=6000 remain=2523 eta=14109s
[07:54:36] [progress] new=3479 skip=0 empty=0 fail=0 processed=3479 elapsed=19449s rate=0.18/s target=6000 remain=2521 eta=14093s
[07:54:42] [progress] new=3481 skip=0 empty=0 fail=0 processed=3481 elapsed=19454s rate=0.18/s target=6000 remain=2519 eta=14078s
[07:54:48] [progress] new=3483 skip=0 empty=0 fail=0 processed=3483 elapsed=19460s rate=0.18/s target=6000 remain=2517 eta=14063s
[07:54:54] [progress] new=3485 skip=0 empty=0 fail=0 processed=3485 elapsed=19466s rate=0.18/s target=6000 remain=2515 eta=14048s
[07:54:57] [progress] new=3486 skip=0 empty=0 fail=0 processed=3486 elapsed=19469s rate=0.18/s target=6000 remain=2514 eta=14041s
[07:55:00]   [1/3] 船橋 done new=12 R (total_new=3487)
[07:55:00] [progress] new=3487 skip=0 empty=0 fail=0 processed=3487 elapsed=19472s rate=0.18/s target=6000 remain=2513 eta=14033s
[07:55:03]   [2/3] 水沢 11R start
[07:55:29] [progress] new=3488 skip=0 empty=0 fail=0 processed=3488 elapsed=19501s rate=0.18/s target=6000 remain=2512 eta=14044s
[07:55:35] [progress] new=3489 skip=0 empty=0 fail=0 processed=3489 elapsed=19507s rate=0.18/s target=6000 remain=2511 eta=14039s
[07:55:39] [progress] new=3491 skip=0 empty=0 fail=0 processed=3491 elapsed=19511s rate=0.18/s target=6000 remain=2509 eta=14023s
[07:55:44] [progress] new=3493 skip=0 empty=0 fail=0 processed=3493 elapsed=19517s rate=0.18/s target=6000 remain=2507 eta=14007s
[07:55:50] [progress] new=3495 skip=0 empty=0 fail=0 processed=3495 elapsed=19522s rate=0.18/s target=6000 remain=2505 eta=13992s
[07:55:56] [progress] new=3497 skip=0 empty=0 fail=0 processed=3497 elapsed=19529s rate=0.18/s target=6000 remain=2503 eta=13978s
[07:55:57]   [2/3] 水沢 done new=11 R (total_new=3498)
[07:55:57] [progress] new=3498 skip=0 empty=0 fail=0 processed=3498 elapsed=19530s rate=0.18/s target=6000 remain=2502 eta=13969s
[07:56:00]   [3/3] 名古屋 11R start
[07:56:31] [progress] new=3499 skip=0 empty=0 fail=0 processed=3499 elapsed=19564s rate=0.18/s target=6000 remain=2501 eta=13984s
[07:56:36] [progress] new=3501 skip=0 empty=0 fail=0 processed=3501 elapsed=19568s rate=0.18/s target=6000 remain=2499 eta=13968s
[07:56:39] [progress] new=3502 skip=0 empty=0 fail=0 processed=3502 elapsed=19572s rate=0.18/s target=6000 remain=2498 eta=13961s
[07:56:44] [progress] new=3504 skip=0 empty=0 fail=0 processed=3504 elapsed=19577s rate=0.18/s target=6000 remain=2496 eta=13945s
[07:56:48] [progress] new=3505 skip=0 empty=0 fail=0 processed=3505 elapsed=19581s rate=0.18/s target=6000 remain=2495 eta=13938s
[07:56:53] [progress] new=3507 skip=0 empty=0 fail=0 processed=3507 elapsed=19585s rate=0.18/s target=6000 remain=2493 eta=13922s
[07:56:56] [progress] new=3508 skip=0 empty=0 fail=0 processed=3508 elapsed=19588s rate=0.18/s target=6000 remain=2492 eta=13915s
[07:57:00] [progress] new=3509 skip=0 empty=0 fail=0 processed=3509 elapsed=19592s rate=0.18/s target=6000 remain=2491 eta=13908s
[07:57:00]   [3/3] 名古屋 done new=11 R (total_new=3509)
[07:57:00] [progress] new=3509 skip=0 empty=0 fail=0 processed=3509 elapsed=19592s rate=0.18/s target=6000 remain=2491 eta=13908s
[07:57:00] === day 122/365 2023-05-02 ===
[07:57:01]   venues=4: ['水沢', '名古屋', '金沢', '園田']
[07:57:07]   [1/4] 水沢 11R start
[07:57:34] [progress] new=3510 skip=0 empty=0 fail=0 processed=3510 elapsed=19627s rate=0.18/s target=6000 remain=2490 eta=13923s
[07:57:38] [progress] new=3512 skip=0 empty=0 fail=0 processed=3512 elapsed=19631s rate=0.18/s target=6000 remain=2488 eta=13907s
[07:57:42] [progress] new=3514 skip=0 empty=0 fail=0 processed=3514 elapsed=19635s rate=0.18/s target=6000 remain=2486 eta=13891s
[07:57:45] [progress] new=3515 skip=0 empty=0 fail=0 processed=3515 elapsed=19638s rate=0.18/s target=6000 remain=2485 eta=13883s
[07:57:49] [progress] new=3516 skip=0 empty=0 fail=0 processed=3516 elapsed=19641s rate=0.18/s target=6000 remain=2484 eta=13876s
[07:57:54] [progress] new=3518 skip=0 empty=0 fail=0 processed=3518 elapsed=19646s rate=0.18/s target=6000 remain=2482 eta=13861s
[07:58:00] [progress] new=3520 skip=0 empty=0 fail=0 processed=3520 elapsed=19652s rate=0.18/s target=6000 remain=2480 eta=13846s
[07:58:00]   [1/4] 水沢 done new=11 R (total_new=3520)
[07:58:00] [progress] new=3520 skip=0 empty=0 fail=0 processed=3520 elapsed=19652s rate=0.18/s target=6000 remain=2480 eta=13846s
[07:58:05]   [2/4] 名古屋 11R start
[07:58:30] [progress] new=3521 skip=0 empty=0 fail=0 processed=3521 elapsed=19683s rate=0.18/s target=6000 remain=2479 eta=13858s
[07:58:34] [progress] new=3522 skip=0 empty=0 fail=0 processed=3522 elapsed=19686s rate=0.18/s target=6000 remain=2478 eta=13851s
[07:58:38] [progress] new=3524 skip=0 empty=0 fail=0 processed=3524 elapsed=19690s rate=0.18/s target=6000 remain=2476 eta=13835s
[07:58:42] [progress] new=3526 skip=0 empty=0 fail=0 processed=3526 elapsed=19694s rate=0.18/s target=6000 remain=2474 eta=13818s
[07:58:47] [progress] new=3528 skip=0 empty=0 fail=0 processed=3528 elapsed=19700s rate=0.18/s target=6000 remain=2472 eta=13803s
[07:58:51] [progress] new=3530 skip=0 empty=0 fail=0 processed=3530 elapsed=19703s rate=0.18/s target=6000 remain=2470 eta=13787s
[07:58:54] [progress] new=3531 skip=0 empty=0 fail=0 processed=3531 elapsed=19707s rate=0.18/s target=6000 remain=2469 eta=13780s
[07:58:54]   [2/4] 名古屋 done new=11 R (total_new=3531)
[07:58:54] [progress] new=3531 skip=0 empty=0 fail=0 processed=3531 elapsed=19707s rate=0.18/s target=6000 remain=2469 eta=13780s
[07:58:59]   [3/4] 金沢 12R start
[07:59:32] [progress] new=3532 skip=0 empty=0 fail=0 processed=3532 elapsed=19744s rate=0.18/s target=6000 remain=2468 eta=13796s
[07:59:36] [progress] new=3533 skip=0 empty=0 fail=0 processed=3533 elapsed=19748s rate=0.18/s target=6000 remain=2467 eta=13790s
[07:59:39] [progress] new=3534 skip=0 empty=0 fail=0 processed=3534 elapsed=19751s rate=0.18/s target=6000 remain=2466 eta=13782s
[07:59:43] [progress] new=3536 skip=0 empty=0 fail=0 processed=3536 elapsed=19756s rate=0.18/s target=6000 remain=2464 eta=13767s
[07:59:47] [progress] new=3537 skip=0 empty=0 fail=0 processed=3537 elapsed=19760s rate=0.18/s target=6000 remain=2463 eta=13760s
[07:59:51] [progress] new=3538 skip=0 empty=0 fail=0 processed=3538 elapsed=19763s rate=0.18/s target=6000 remain=2462 eta=13753s
[07:59:57] [progress] new=3540 skip=0 empty=0 fail=0 processed=3540 elapsed=19770s rate=0.18/s target=6000 remain=2460 eta=13738s
[08:00:00] [progress] new=3541 skip=0 empty=0 fail=0 processed=3541 elapsed=19773s rate=0.18/s target=6000 remain=2459 eta=13731s
[08:00:04] [progress] new=3542 skip=0 empty=0 fail=0 processed=3542 elapsed=19776s rate=0.18/s target=6000 remain=2458 eta=13724s
[08:00:08] [progress] new=3543 skip=0 empty=0 fail=0 processed=3543 elapsed=19780s rate=0.18/s target=6000 remain=2457 eta=13717s
[08:00:08]   [3/4] 金沢 done new=12 R (total_new=3543)
[08:00:08] [progress] new=3543 skip=0 empty=0 fail=0 processed=3543 elapsed=19780s rate=0.18/s target=6000 remain=2457 eta=13717s
[08:00:14]   [4/4] 園田 12R start
[08:00:40] [progress] new=3544 skip=0 empty=0 fail=0 processed=3544 elapsed=19813s rate=0.18/s target=6000 remain=2456 eta=13730s
[08:00:44] [progress] new=3546 skip=0 empty=0 fail=0 processed=3546 elapsed=19816s rate=0.18/s target=6000 remain=2454 eta=13714s
[08:00:48] [progress] new=3547 skip=0 empty=0 fail=0 processed=3547 elapsed=19821s rate=0.18/s target=6000 remain=2453 eta=13707s
[08:00:55] [progress] new=3549 skip=0 empty=0 fail=0 processed=3549 elapsed=19827s rate=0.18/s target=6000 remain=2451 eta=13693s
[08:01:00] [progress] new=3551 skip=0 empty=0 fail=0 processed=3551 elapsed=19833s rate=0.18/s target=6000 remain=2449 eta=13678s
[08:01:04] [progress] new=3553 skip=0 empty=0 fail=0 processed=3553 elapsed=19837s rate=0.18/s target=6000 remain=2447 eta=13662s
[08:01:08] [progress] new=3554 skip=0 empty=0 fail=0 processed=3554 elapsed=19840s rate=0.18/s target=6000 remain=2446 eta=13655s
[08:01:08]   [4/4] 園田 done new=12 R (total_new=3555)
[08:01:08] [progress] new=3555 skip=0 empty=0 fail=0 processed=3555 elapsed=19841s rate=0.18/s target=6000 remain=2445 eta=13646s
[08:01:08] === day 123/365 2023-05-03 ===
[08:01:10]   venues=2: ['金沢', '園田']
[08:01:13]   [1/2] 金沢 12R start
[08:01:44] [progress] new=3556 skip=0 empty=0 fail=0 processed=3556 elapsed=19877s rate=0.18/s target=6000 remain=2444 eta=13661s
[08:01:48] [progress] new=3557 skip=0 empty=0 fail=0 processed=3557 elapsed=19881s rate=0.18/s target=6000 remain=2443 eta=13654s
[08:01:51] [progress] new=3558 skip=0 empty=0 fail=0 processed=3558 elapsed=19884s rate=0.18/s target=6000 remain=2442 eta=13647s
[08:01:55] [progress] new=3559 skip=0 empty=0 fail=0 processed=3559 elapsed=19888s rate=0.18/s target=6000 remain=2441 eta=13640s
[08:01:59] [progress] new=3560 skip=0 empty=0 fail=0 processed=3560 elapsed=19891s rate=0.18/s target=6000 remain=2440 eta=13633s
[08:02:03] [progress] new=3561 skip=0 empty=0 fail=0 processed=3561 elapsed=19895s rate=0.18/s target=6000 remain=2439 eta=13627s
[08:02:07] [progress] new=3562 skip=0 empty=0 fail=0 processed=3562 elapsed=19899s rate=0.18/s target=6000 remain=2438 eta=13620s
[08:02:13] [progress] new=3564 skip=0 empty=0 fail=0 processed=3564 elapsed=19906s rate=0.18/s target=6000 remain=2436 eta=13606s
[08:02:22] [progress] new=3566 skip=0 empty=0 fail=0 processed=3566 elapsed=19914s rate=0.18/s target=6000 remain=2434 eta=13593s
[08:02:26] [progress] new=3567 skip=0 empty=0 fail=0 processed=3567 elapsed=19918s rate=0.18/s target=6000 remain=2433 eta=13586s
[08:02:26]   [1/2] 金沢 done new=12 R (total_new=3567)
[08:02:26] [progress] new=3567 skip=0 empty=0 fail=0 processed=3567 elapsed=19918s rate=0.18/s target=6000 remain=2433 eta=13586s
[08:02:30]   [2/2] 園田 12R start
[08:03:00] [progress] new=3568 skip=0 empty=0 fail=0 processed=3568 elapsed=19953s rate=0.18/s target=6000 remain=2432 eta=13600s
[08:03:04] [progress] new=3570 skip=0 empty=0 fail=0 processed=3570 elapsed=19956s rate=0.18/s target=6000 remain=2430 eta=13584s
[08:03:10] [progress] new=3572 skip=0 empty=0 fail=0 processed=3572 elapsed=19963s rate=0.18/s target=6000 remain=2428 eta=13569s
[08:03:14] [progress] new=3573 skip=0 empty=0 fail=0 processed=3573 elapsed=19966s rate=0.18/s target=6000 remain=2427 eta=13562s
[08:03:20] [progress] new=3575 skip=0 empty=0 fail=0 processed=3575 elapsed=19972s rate=0.18/s target=6000 remain=2425 eta=13548s
[08:03:23] [progress] new=3576 skip=0 empty=0 fail=0 processed=3576 elapsed=19976s rate=0.18/s target=6000 remain=2424 eta=13541s
[08:03:27] [progress] new=3577 skip=0 empty=0 fail=0 processed=3577 elapsed=19980s rate=0.18/s target=6000 remain=2423 eta=13534s
[08:03:35] [progress] new=3579 skip=0 empty=0 fail=0 processed=3579 elapsed=19987s rate=0.18/s target=6000 remain=2421 eta=13520s
[08:03:35]   [2/2] 園田 done new=12 R (total_new=3579)
[08:03:35] [progress] new=3579 skip=0 empty=0 fail=0 processed=3579 elapsed=19987s rate=0.18/s target=6000 remain=2421 eta=13520s
[08:03:35] === day 124/365 2023-05-04 ===
[08:03:38]   venues=3: ['32', '金沢', '園田']
[08:03:42]   [1/3] 32 12R start
[08:04:09] [progress] new=3580 skip=0 empty=0 fail=0 processed=3580 elapsed=20021s rate=0.18/s target=6000 remain=2420 eta=13534s
[08:04:12] [progress] new=3581 skip=0 empty=0 fail=0 processed=3581 elapsed=20025s rate=0.18/s target=6000 remain=2419 eta=13527s
[08:04:16] [progress] new=3582 skip=0 empty=0 fail=0 processed=3582 elapsed=20028s rate=0.18/s target=6000 remain=2418 eta=13520s
[08:04:19] [progress] new=3583 skip=0 empty=0 fail=0 processed=3583 elapsed=20032s rate=0.18/s target=6000 remain=2417 eta=13513s
[08:04:23] [progress] new=3584 skip=0 empty=0 fail=0 processed=3584 elapsed=20035s rate=0.18/s target=6000 remain=2416 eta=13506s
[08:04:27] [progress] new=3585 skip=0 empty=0 fail=0 processed=3585 elapsed=20040s rate=0.18/s target=6000 remain=2415 eta=13500s
[08:04:34] [progress] new=3587 skip=0 empty=0 fail=0 processed=3587 elapsed=20047s rate=0.18/s target=6000 remain=2413 eta=13486s
[08:04:41] [progress] new=3589 skip=0 empty=0 fail=0 processed=3589 elapsed=20053s rate=0.18/s target=6000 remain=2411 eta=13471s
[08:04:44] [progress] new=3590 skip=0 empty=0 fail=0 processed=3590 elapsed=20056s rate=0.18/s target=6000 remain=2410 eta=13464s
[08:04:46]   [1/3] 32 done new=12 R (total_new=3591)
[08:04:46] [progress] new=3591 skip=0 empty=0 fail=0 processed=3591 elapsed=20059s rate=0.18/s target=6000 remain=2409 eta=13456s
[08:04:52]   [2/3] 金沢 12R start
[08:05:40] [progress] new=3592 skip=0 empty=0 fail=0 processed=3592 elapsed=20113s rate=0.18/s target=6000 remain=2408 eta=13483s
[08:05:46] [progress] new=3594 skip=0 empty=0 fail=0 processed=3594 elapsed=20119s rate=0.18/s target=6000 remain=2406 eta=13468s
[08:05:50] [progress] new=3595 skip=0 empty=0 fail=0 processed=3595 elapsed=20123s rate=0.18/s target=6000 remain=2405 eta=13462s
[08:05:57] [progress] new=3596 skip=0 empty=0 fail=0 processed=3596 elapsed=20129s rate=0.18/s target=6000 remain=2404 eta=13457s
[08:06:00] [progress] new=3597 skip=0 empty=0 fail=0 processed=3597 elapsed=20133s rate=0.18/s target=6000 remain=2403 eta=13450s
[08:06:07] [progress] new=3599 skip=0 empty=0 fail=0 processed=3599 elapsed=20140s rate=0.18/s target=6000 remain=2401 eta=13436s
[08:06:11] [progress] new=3600 skip=0 empty=0 fail=0 processed=3600 elapsed=20144s rate=0.18/s target=6000 remain=2400 eta=13429s
[08:06:18] [progress] new=3602 skip=0 empty=0 fail=0 processed=3602 elapsed=20150s rate=0.18/s target=6000 remain=2398 eta=13415s
[08:06:21] [progress] new=3603 skip=0 empty=0 fail=0 processed=3603 elapsed=20153s rate=0.18/s target=6000 remain=2397 eta=13408s
[08:06:21]   [2/3] 金沢 done new=12 R (total_new=3603)
[08:06:21] [progress] new=3603 skip=0 empty=0 fail=0 processed=3603 elapsed=20153s rate=0.18/s target=6000 remain=2397 eta=13408s
[08:06:28]   [3/3] 園田 12R start
[08:07:10] [progress] new=3604 skip=0 empty=0 fail=0 processed=3604 elapsed=20203s rate=0.18/s target=6000 remain=2396 eta=13431s
[08:07:16] [progress] new=3606 skip=0 empty=0 fail=0 processed=3606 elapsed=20208s rate=0.18/s target=6000 remain=2394 eta=13416s
[08:07:19] [progress] new=3607 skip=0 empty=0 fail=0 processed=3607 elapsed=20211s rate=0.18/s target=6000 remain=2393 eta=13409s
[08:07:24] [progress] new=3609 skip=0 empty=0 fail=0 processed=3609 elapsed=20217s rate=0.18/s target=6000 remain=2391 eta=13394s
[08:07:27] [progress] new=3610 skip=0 empty=0 fail=0 processed=3610 elapsed=20220s rate=0.18/s target=6000 remain=2390 eta=13386s
[08:07:33] [progress] new=3612 skip=0 empty=0 fail=0 processed=3612 elapsed=20226s rate=0.18/s target=6000 remain=2388 eta=13372s
[08:07:37] [progress] new=3613 skip=0 empty=0 fail=0 processed=3613 elapsed=20230s rate=0.18/s target=6000 remain=2387 eta=13365s
[08:07:42] [progress] new=3614 skip=0 empty=0 fail=0 processed=3614 elapsed=20235s rate=0.18/s target=6000 remain=2386 eta=13359s
[08:07:48] [progress] new=3615 skip=0 empty=0 fail=0 processed=3615 elapsed=20241s rate=0.18/s target=6000 remain=2385 eta=13354s
[08:07:48]   [3/3] 園田 done new=12 R (total_new=3615)
[08:07:48] [progress] new=3615 skip=0 empty=0 fail=0 processed=3615 elapsed=20241s rate=0.18/s target=6000 remain=2385 eta=13354s
[08:07:48] === day 125/365 2023-05-05 ===
[08:07:50]   venues=2: ['金沢', '園田']
[08:07:57]   [1/2] 金沢 12R start
[08:08:26] [progress] new=3616 skip=0 empty=0 fail=0 processed=3616 elapsed=20278s rate=0.18/s target=6000 remain=2384 eta=13369s
[08:08:30] [progress] new=3617 skip=0 empty=0 fail=0 processed=3617 elapsed=20282s rate=0.18/s target=6000 remain=2383 eta=13363s
[08:08:33] [progress] new=3618 skip=0 empty=0 fail=0 processed=3618 elapsed=20285s rate=0.18/s target=6000 remain=2382 eta=13355s
[08:08:39] [progress] new=3620 skip=0 empty=0 fail=0 processed=3620 elapsed=20292s rate=0.18/s target=6000 remain=2380 eta=13341s
[08:08:43] [progress] new=3621 skip=0 empty=0 fail=0 processed=3621 elapsed=20296s rate=0.18/s target=6000 remain=2379 eta=13335s
[08:08:49] [progress] new=3623 skip=0 empty=0 fail=0 processed=3623 elapsed=20301s rate=0.18/s target=6000 remain=2377 eta=13319s
[08:08:53] [progress] new=3624 skip=0 empty=0 fail=0 processed=3624 elapsed=20305s rate=0.18/s target=6000 remain=2376 eta=13313s
[08:08:58] [progress] new=3626 skip=0 empty=0 fail=0 processed=3626 elapsed=20311s rate=0.18/s target=6000 remain=2374 eta=13298s
[08:09:01]   [1/2] 金沢 done new=12 R (total_new=3627)
[08:09:01] [progress] new=3627 skip=0 empty=0 fail=0 processed=3627 elapsed=20314s rate=0.18/s target=6000 remain=2373 eta=13290s
[08:09:04]   [2/2] 園田 12R start
[08:09:35] [progress] new=3628 skip=0 empty=0 fail=0 processed=3628 elapsed=20348s rate=0.18/s target=6000 remain=2372 eta=13303s
[08:09:40] [progress] new=3630 skip=0 empty=0 fail=0 processed=3630 elapsed=20353s rate=0.18/s target=6000 remain=2370 eta=13288s
[08:09:44] [progress] new=3631 skip=0 empty=0 fail=0 processed=3631 elapsed=20357s rate=0.18/s target=6000 remain=2369 eta=13281s
[08:09:47] [progress] new=3632 skip=0 empty=0 fail=0 processed=3632 elapsed=20360s rate=0.18/s target=6000 remain=2368 eta=13274s
[08:09:52] [progress] new=3633 skip=0 empty=0 fail=0 processed=3633 elapsed=20364s rate=0.18/s target=6000 remain=2367 eta=13268s
[08:09:59] [progress] new=3635 skip=0 empty=0 fail=0 processed=3635 elapsed=20371s rate=0.18/s target=6000 remain=2365 eta=13254s
[08:10:05] [progress] new=3637 skip=0 empty=0 fail=0 processed=3637 elapsed=20377s rate=0.18/s target=6000 remain=2363 eta=13239s
[08:10:09] [progress] new=3638 skip=0 empty=0 fail=0 processed=3638 elapsed=20381s rate=0.18/s target=6000 remain=2362 eta=13233s
[08:10:11]   [2/2] 園田 done new=12 R (total_new=3639)
[08:10:11] [progress] new=3639 skip=0 empty=0 fail=0 processed=3639 elapsed=20384s rate=0.18/s target=6000 remain=2361 eta=13225s
[08:10:11] === day 126/365 2023-05-06 ===
[08:10:15]   venues=3: ['船橋', '高知', '川崎']
[08:10:20]   [1/3] 船橋 12R start
[08:10:50] [progress] new=3640 skip=0 empty=0 fail=0 processed=3640 elapsed=20423s rate=0.18/s target=6000 remain=2360 eta=13241s
[08:10:55] [progress] new=3642 skip=0 empty=0 fail=0 processed=3642 elapsed=20428s rate=0.18/s target=6000 remain=2358 eta=13226s
[08:10:59] [progress] new=3643 skip=0 empty=0 fail=0 processed=3643 elapsed=20432s rate=0.18/s target=6000 remain=2357 eta=13219s
[08:11:03] [progress] new=3645 skip=0 empty=0 fail=0 processed=3645 elapsed=20436s rate=0.18/s target=6000 remain=2355 eta=13203s
[08:11:10] [progress] new=3647 skip=0 empty=0 fail=0 processed=3647 elapsed=20442s rate=0.18/s target=6000 remain=2353 eta=13189s
[08:11:15] [progress] new=3649 skip=0 empty=0 fail=0 processed=3649 elapsed=20448s rate=0.18/s target=6000 remain=2351 eta=13174s
[08:11:20] [progress] new=3651 skip=0 empty=0 fail=0 processed=3651 elapsed=20453s rate=0.18/s target=6000 remain=2349 eta=13159s
[08:11:20]   [1/3] 船橋 done new=12 R (total_new=3651)
[08:11:20] [progress] new=3651 skip=0 empty=0 fail=0 processed=3651 elapsed=20453s rate=0.18/s target=6000 remain=2349 eta=13159s
[08:11:23]   [2/3] 高知 11R start
[08:11:52] [progress] new=3652 skip=0 empty=0 fail=0 processed=3652 elapsed=20484s rate=0.18/s target=6000 remain=2348 eta=13170s
[08:11:58] [progress] new=3654 skip=0 empty=0 fail=0 processed=3654 elapsed=20491s rate=0.18/s target=6000 remain=2346 eta=13156s
[08:12:13] [progress] new=3654 skip=0 empty=0 fail=1 processed=3655 elapsed=20506s rate=0.18/s target=6000 remain=2346 eta=13162s
[08:12:13]   fail nar-20230506-55-11: [Errno 103] Software caused connection abort
[08:12:17] [progress] new=3655 skip=0 empty=0 fail=1 processed=3656 elapsed=20510s rate=0.18/s target=6000 remain=2345 eta=13155s
[08:12:23] [progress] new=3657 skip=0 empty=0 fail=1 processed=3658 elapsed=20515s rate=0.18/s target=6000 remain=2343 eta=13140s
[08:12:27] [progress] new=3658 skip=0 empty=0 fail=1 processed=3659 elapsed=20519s rate=0.18/s target=6000 remain=2342 eta=13134s
[08:12:30] [progress] new=3659 skip=0 empty=0 fail=1 processed=3660 elapsed=20522s rate=0.18/s target=6000 remain=2341 eta=13126s
[08:12:34] [progress] new=3660 skip=0 empty=0 fail=1 processed=3661 elapsed=20526s rate=0.18/s target=6000 remain=2340 eta=13120s
[08:12:37]   [2/3] 高知 done new=10 R (total_new=3661)
[08:12:37] [progress] new=3661 skip=0 empty=0 fail=1 processed=3662 elapsed=20529s rate=0.18/s target=6000 remain=2339 eta=13112s
[08:12:42]   [3/3] 川崎 11R start
[08:13:12] [progress] new=3662 skip=0 empty=0 fail=1 processed=3663 elapsed=20564s rate=0.18/s target=6000 remain=2338 eta=13126s
[08:13:16] [progress] new=3663 skip=0 empty=0 fail=1 processed=3664 elapsed=20568s rate=0.18/s target=6000 remain=2337 eta=13119s
[08:13:19] [progress] new=3665 skip=0 empty=0 fail=1 processed=3666 elapsed=20572s rate=0.18/s target=6000 remain=2335 eta=13103s
[08:13:22] [progress] new=3666 skip=0 empty=0 fail=1 processed=3667 elapsed=20575s rate=0.18/s target=6000 remain=2334 eta=13096s
[08:13:26] [progress] new=3667 skip=0 empty=0 fail=1 processed=3668 elapsed=20578s rate=0.18/s target=6000 remain=2333 eta=13089s
[08:13:33] [progress] new=3669 skip=0 empty=0 fail=1 processed=3670 elapsed=20585s rate=0.18/s target=6000 remain=2331 eta=13075s
[08:13:36] [progress] new=3670 skip=0 empty=0 fail=1 processed=3671 elapsed=20589s rate=0.18/s target=6000 remain=2330 eta=13068s
[08:13:42] [progress] new=3672 skip=0 empty=0 fail=1 processed=3673 elapsed=20595s rate=0.18/s target=6000 remain=2328 eta=13053s
[08:13:42]   [3/3] 川崎 done new=11 R (total_new=3672)
[08:13:42] [progress] new=3672 skip=0 empty=0 fail=1 processed=3673 elapsed=20595s rate=0.18/s target=6000 remain=2328 eta=13053s
[08:13:42] === day 127/365 2023-05-07 ===
[08:13:44]   venues=5: ['船橋', '水沢', '名古屋', '高知', '川崎']
[08:13:47]   [1/5] 船橋 12R start
[08:14:08] [progress] new=3673 skip=0 empty=0 fail=1 processed=3674 elapsed=20621s rate=0.18/s target=6000 remain=2327 eta=13061s
[08:14:17] [progress] new=3674 skip=0 empty=0 fail=1 processed=3675 elapsed=20630s rate=0.18/s target=6000 remain=2326 eta=13057s
[08:14:20] [progress] new=3675 skip=0 empty=0 fail=1 processed=3676 elapsed=20633s rate=0.18/s target=6000 remain=2325 eta=13050s
[08:14:24] [progress] new=3677 skip=0 empty=0 fail=1 processed=3678 elapsed=20637s rate=0.18/s target=6000 remain=2323 eta=13034s
[08:14:29] [progress] new=3678 skip=0 empty=0 fail=1 processed=3679 elapsed=20641s rate=0.18/s target=6000 remain=2322 eta=13028s
[08:14:32] [progress] new=3679 skip=0 empty=0 fail=1 processed=3680 elapsed=20645s rate=0.18/s target=6000 remain=2321 eta=13021s
[08:14:35] [progress] new=3680 skip=0 empty=0 fail=1 processed=3681 elapsed=20648s rate=0.18/s target=6000 remain=2320 eta=13013s
[08:14:39] [progress] new=3681 skip=0 empty=0 fail=1 processed=3682 elapsed=20652s rate=0.18/s target=6000 remain=2319 eta=13007s
[08:14:44] [progress] new=3683 skip=0 empty=0 fail=1 processed=3684 elapsed=20657s rate=0.18/s target=6000 remain=2317 eta=12992s
[08:14:47] [progress] new=3684 skip=0 empty=0 fail=1 processed=3685 elapsed=20660s rate=0.18/s target=6000 remain=2316 eta=12984s
[08:14:47]   [1/5] 船橋 done new=12 R (total_new=3684)
[08:14:47] [progress] new=3684 skip=0 empty=0 fail=1 processed=3685 elapsed=20660s rate=0.18/s target=6000 remain=2316 eta=12984s
[08:14:53]   [2/5] 水沢 11R start
[08:15:23] [progress] new=3685 skip=0 empty=0 fail=1 processed=3686 elapsed=20695s rate=0.18/s target=6000 remain=2315 eta=12998s
[08:15:26] [progress] new=3687 skip=0 empty=0 fail=1 processed=3688 elapsed=20699s rate=0.18/s target=6000 remain=2313 eta=12982s
[08:15:32] [progress] new=3689 skip=0 empty=0 fail=1 processed=3690 elapsed=20704s rate=0.18/s target=6000 remain=2311 eta=12967s
[08:15:36] [progress] new=3690 skip=0 empty=0 fail=1 processed=3691 elapsed=20708s rate=0.18/s target=6000 remain=2310 eta=12960s
[08:15:40] [progress] new=3691 skip=0 empty=0 fail=1 processed=3692 elapsed=20712s rate=0.18/s target=6000 remain=2309 eta=12954s
[08:15:45] [progress] new=3693 skip=0 empty=0 fail=1 processed=3694 elapsed=20718s rate=0.18/s target=6000 remain=2307 eta=12939s
[08:15:49] [progress] new=3694 skip=0 empty=0 fail=1 processed=3695 elapsed=20722s rate=0.18/s target=6000 remain=2306 eta=12932s
[08:15:53] [progress] new=3695 skip=0 empty=0 fail=1 processed=3696 elapsed=20726s rate=0.18/s target=6000 remain=2305 eta=12926s
[08:15:53]   [2/5] 水沢 done new=11 R (total_new=3695)
[08:15:53] [progress] new=3695 skip=0 empty=0 fail=1 processed=3696 elapsed=20726s rate=0.18/s target=6000 remain=2305 eta=12926s
[08:15:59]   [3/5] 名古屋 11R start
[08:16:27] [progress] new=3696 skip=0 empty=0 fail=1 processed=3697 elapsed=20759s rate=0.18/s target=6000 remain=2304 eta=12937s
[08:16:32] [progress] new=3698 skip=0 empty=0 fail=1 processed=3699 elapsed=20765s rate=0.18/s target=6000 remain=2302 eta=12923s
[08:16:36] [progress] new=3699 skip=0 empty=0 fail=1 processed=3700 elapsed=20769s rate=0.18/s target=6000 remain=2301 eta=12916s
[08:16:42] [progress] new=3701 skip=0 empty=0 fail=1 processed=3702 elapsed=20775s rate=0.18/s target=6000 remain=2299 eta=12901s
[08:16:49] [progress] new=3703 skip=0 empty=0 fail=1 processed=3704 elapsed=20781s rate=0.18/s target=6000 remain=2297 eta=12887s
[08:16:55] [progress] new=3705 skip=0 empty=0 fail=1 processed=3706 elapsed=20787s rate=0.18/s target=6000 remain=2295 eta=12873s
[08:16:58]   [3/5] 名古屋 done new=11 R (total_new=3706)
[08:16:58] [progress] new=3706 skip=0 empty=0 fail=1 processed=3707 elapsed=20790s rate=0.18/s target=6000 remain=2294 eta=12866s
[08:17:03]   [4/5] 高知 11R start
[08:17:28] [progress] new=3707 skip=0 empty=0 fail=1 processed=3708 elapsed=20821s rate=0.18/s target=6000 remain=2293 eta=12876s
[08:17:35] [progress] new=3709 skip=0 empty=0 fail=1 processed=3710 elapsed=20827s rate=0.18/s target=6000 remain=2291 eta=12861s
[08:17:41] [progress] new=3711 skip=0 empty=0 fail=1 processed=3712 elapsed=20833s rate=0.18/s target=6000 remain=2289 eta=12847s
[08:17:46] [progress] new=3713 skip=0 empty=0 fail=1 processed=3714 elapsed=20839s rate=0.18/s target=6000 remain=2287 eta=12832s
[08:17:50] [progress] new=3715 skip=0 empty=0 fail=1 processed=3716 elapsed=20843s rate=0.18/s target=6000 remain=2285 eta=12816s
[08:17:57] [progress] new=3717 skip=0 empty=0 fail=1 processed=3718 elapsed=20850s rate=0.18/s target=6000 remain=2283 eta=12803s
[08:17:57]   [4/5] 高知 done new=11 R (total_new=3717)
[08:17:57] [progress] new=3717 skip=0 empty=0 fail=1 processed=3718 elapsed=20850s rate=0.18/s target=6000 remain=2283 eta=12803s
[08:18:01]   [5/5] 川崎 11R start
[08:18:27] [progress] new=3718 skip=0 empty=0 fail=1 processed=3719 elapsed=20879s rate=0.18/s target=6000 remain=2282 eta=12812s
[08:18:31] [progress] new=3719 skip=0 empty=0 fail=1 processed=3720 elapsed=20884s rate=0.18/s target=6000 remain=2281 eta=12806s
[08:18:38] [progress] new=3721 skip=0 empty=0 fail=1 processed=3722 elapsed=20891s rate=0.18/s target=6000 remain=2279 eta=12791s
[08:18:41] [progress] new=3722 skip=0 empty=0 fail=1 processed=3723 elapsed=20894s rate=0.18/s target=6000 remain=2278 eta=12784s
[08:18:45] [progress] new=3723 skip=0 empty=0 fail=1 processed=3724 elapsed=20897s rate=0.18/s target=6000 remain=2277 eta=12777s
[08:18:48] [progress] new=3724 skip=0 empty=0 fail=1 processed=3725 elapsed=20900s rate=0.18/s target=6000 remain=2276 eta=12770s
[08:18:51] [progress] new=3725 skip=0 empty=0 fail=1 processed=3726 elapsed=20904s rate=0.18/s target=6000 remain=2275 eta=12763s
[08:18:57] [progress] new=3727 skip=0 empty=0 fail=1 processed=3728 elapsed=20910s rate=0.18/s target=6000 remain=2273 eta=12749s
[08:19:01] [progress] new=3728 skip=0 empty=0 fail=1 processed=3729 elapsed=20914s rate=0.18/s target=6000 remain=2272 eta=12742s
[08:19:01]   [5/5] 川崎 done new=11 R (total_new=3728)
[08:19:01] [progress] new=3728 skip=0 empty=0 fail=1 processed=3729 elapsed=20914s rate=0.18/s target=6000 remain=2272 eta=12742s
[08:19:01] === day 128/365 2023-05-08 ===
[08:19:03]   venues=3: ['船橋', '水沢', '川崎']
[08:19:08]   [1/3] 船橋 12R start
[08:19:36] [progress] new=3729 skip=0 empty=0 fail=1 processed=3730 elapsed=20948s rate=0.18/s target=6000 remain=2271 eta=12754s
[08:19:41] [progress] new=3731 skip=0 empty=0 fail=1 processed=3732 elapsed=20954s rate=0.18/s target=6000 remain=2269 eta=12740s
[08:19:48] [progress] new=3733 skip=0 empty=0 fail=1 processed=3734 elapsed=20961s rate=0.18/s target=6000 remain=2267 eta=12726s
[08:19:53] [progress] new=3735 skip=0 empty=0 fail=1 processed=3736 elapsed=20966s rate=0.18/s target=6000 remain=2265 eta=12711s
[08:19:57] [progress] new=3736 skip=0 empty=0 fail=1 processed=3737 elapsed=20969s rate=0.18/s target=6000 remain=2264 eta=12704s
[08:20:00] [progress] new=3737 skip=0 empty=0 fail=1 processed=3738 elapsed=20973s rate=0.18/s target=6000 remain=2263 eta=12697s
[08:20:04] [progress] new=3739 skip=0 empty=0 fail=1 processed=3740 elapsed=20977s rate=0.18/s target=6000 remain=2261 eta=12681s
[08:20:08] [progress] new=3740 skip=0 empty=0 fail=1 processed=3741 elapsed=20981s rate=0.18/s target=6000 remain=2260 eta=12675s
[08:20:08]   [1/3] 船橋 done new=12 R (total_new=3740)
[08:20:08] [progress] new=3740 skip=0 empty=0 fail=1 processed=3741 elapsed=20981s rate=0.18/s target=6000 remain=2260 eta=12675s
[08:20:11]   [2/3] 水沢 12R start
[08:20:42] [progress] new=3741 skip=0 empty=0 fail=1 processed=3742 elapsed=21014s rate=0.18/s target=6000 remain=2259 eta=12686s
[08:20:45] [progress] new=3742 skip=0 empty=0 fail=1 processed=3743 elapsed=21018s rate=0.18/s target=6000 remain=2258 eta=12679s
[08:20:51] [progress] new=3744 skip=0 empty=0 fail=1 processed=3745 elapsed=21024s rate=0.18/s target=6000 remain=2256 eta=12665s
[08:20:55] [progress] new=3745 skip=0 empty=0 fail=1 processed=3746 elapsed=21027s rate=0.18/s target=6000 remain=2255 eta=12658s
[08:20:58] [progress] new=3746 skip=0 empty=0 fail=1 processed=3747 elapsed=21030s rate=0.18/s target=6000 remain=2254 eta=12651s
[08:21:02] [progress] new=3748 skip=0 empty=0 fail=1 processed=3749 elapsed=21034s rate=0.18/s target=6000 remain=2252 eta=12635s
[08:21:05] [progress] new=3749 skip=0 empty=0 fail=1 processed=3750 elapsed=21037s rate=0.18/s target=6000 remain=2251 eta=12628s
[08:21:11] [progress] new=3751 skip=0 empty=0 fail=1 processed=3752 elapsed=21043s rate=0.18/s target=6000 remain=2249 eta=12614s
[08:21:13]   [2/3] 水沢 done new=12 R (total_new=3752)
[08:21:13] [progress] new=3752 skip=0 empty=0 fail=1 processed=3753 elapsed=21046s rate=0.18/s target=6000 remain=2248 eta=12606s
[08:21:18]   [3/3] 川崎 11R start
[08:21:45] [progress] new=3753 skip=0 empty=0 fail=1 processed=3754 elapsed=21078s rate=0.18/s target=6000 remain=2247 eta=12616s
[08:21:50] [progress] new=3755 skip=0 empty=0 fail=1 processed=3756 elapsed=21083s rate=0.18/s target=6000 remain=2245 eta=12602s
[08:21:58] [progress] new=3757 skip=0 empty=0 fail=1 processed=3758 elapsed=21091s rate=0.18/s target=6000 remain=2243 eta=12588s
[08:22:01] [progress] new=3759 skip=0 empty=0 fail=1 processed=3760 elapsed=21094s rate=0.18/s target=6000 remain=2241 eta=12572s
[08:22:04] [progress] new=3760 skip=0 empty=0 fail=1 processed=3761 elapsed=21097s rate=0.18/s target=6000 remain=2240 eta=12565s
[08:22:09] [progress] new=3761 skip=0 empty=0 fail=1 processed=3762 elapsed=21101s rate=0.18/s target=6000 remain=2239 eta=12559s
[08:22:14] [progress] new=3763 skip=0 empty=0 fail=1 processed=3764 elapsed=21107s rate=0.18/s target=6000 remain=2237 eta=12544s
[08:22:14]   [3/3] 川崎 done new=11 R (total_new=3763)
[08:22:14] [progress] new=3763 skip=0 empty=0 fail=1 processed=3764 elapsed=21107s rate=0.18/s target=6000 remain=2237 eta=12544s
[08:22:14] === day 129/365 2023-05-09 ===
[08:22:16]   venues=2: ['水沢', '名古屋']
[08:22:21]   [1/2] 水沢 12R start
[08:22:51] [progress] new=3764 skip=0 empty=0 fail=1 processed=3765 elapsed=21143s rate=0.18/s target=6000 remain=2236 eta=12557s
[08:22:55] [progress] new=3765 skip=0 empty=0 fail=1 processed=3766 elapsed=21147s rate=0.18/s target=6000 remain=2235 eta=12550s
[08:23:01] [progress] new=3767 skip=0 empty=0 fail=1 processed=3768 elapsed=21154s rate=0.18/s target=6000 remain=2233 eta=12536s
[08:23:05] [progress] new=3768 skip=0 empty=0 fail=1 processed=3769 elapsed=21158s rate=0.18/s target=6000 remain=2232 eta=12530s
[08:23:09] [progress] new=3769 skip=0 empty=0 fail=1 processed=3770 elapsed=21162s rate=0.18/s target=6000 remain=2231 eta=12523s
[08:23:16] [progress] new=3771 skip=0 empty=0 fail=1 processed=3772 elapsed=21169s rate=0.18/s target=6000 remain=2229 eta=12509s
[08:23:21] [progress] new=3773 skip=0 empty=0 fail=1 processed=3774 elapsed=21173s rate=0.18/s target=6000 remain=2227 eta=12494s
[08:23:27] [progress] new=3775 skip=0 empty=0 fail=1 processed=3776 elapsed=21180s rate=0.18/s target=6000 remain=2225 eta=12480s
[08:23:27]   [1/2] 水沢 done new=12 R (total_new=3775)
[08:23:27] [progress] new=3775 skip=0 empty=0 fail=1 processed=3776 elapsed=21180s rate=0.18/s target=6000 remain=2225 eta=12480s
[08:23:30]   [2/2] 名古屋 11R start
[08:23:58] [progress] new=3776 skip=0 empty=0 fail=1 processed=3777 elapsed=21211s rate=0.18/s target=6000 remain=2224 eta=12490s
[08:24:03] [progress] new=3778 skip=0 empty=0 fail=1 processed=3779 elapsed=21215s rate=0.18/s target=6000 remain=2222 eta=12474s
[08:24:09] [progress] new=3780 skip=0 empty=0 fail=1 processed=3781 elapsed=21222s rate=0.18/s target=6000 remain=2220 eta=12460s
[08:24:13] [progress] new=3782 skip=0 empty=0 fail=1 processed=3783 elapsed=21225s rate=0.18/s target=6000 remain=2218 eta=12445s
[08:24:16] [progress] new=3783 skip=0 empty=0 fail=1 processed=3784 elapsed=21229s rate=0.18/s target=6000 remain=2217 eta=12438s
[08:24:20] [progress] new=3784 skip=0 empty=0 fail=1 processed=3785 elapsed=21232s rate=0.18/s target=6000 remain=2216 eta=12431s
[08:24:25] [progress] new=3786 skip=0 empty=0 fail=1 processed=3787 elapsed=21238s rate=0.18/s target=6000 remain=2214 eta=12416s
[08:24:25]   [2/2] 名古屋 done new=11 R (total_new=3786)
[08:24:25] [progress] new=3786 skip=0 empty=0 fail=1 processed=3787 elapsed=21238s rate=0.18/s target=6000 remain=2214 eta=12416s
[08:24:25] === day 130/365 2023-05-10 ===
[08:24:28]   venues=2: ['笠松', '園田']
[08:24:32]   [1/2] 笠松 12R start
[08:24:58] [progress] new=3787 skip=0 empty=0 fail=1 processed=3788 elapsed=21270s rate=0.18/s target=6000 remain=2213 eta=12426s
[08:25:04] [progress] new=3789 skip=0 empty=0 fail=1 processed=3790 elapsed=21277s rate=0.18/s target=6000 remain=2211 eta=12412s
[08:25:08] [progress] new=3791 skip=0 empty=0 fail=1 processed=3792 elapsed=21281s rate=0.18/s target=6000 remain=2209 eta=12397s
[08:25:13] [progress] new=3793 skip=0 empty=0 fail=1 processed=3794 elapsed=21286s rate=0.18/s target=6000 remain=2207 eta=12382s
[08:25:20] [progress] new=3795 skip=0 empty=0 fail=1 processed=3796 elapsed=21293s rate=0.18/s target=6000 remain=2205 eta=12368s
[08:25:25] [progress] new=3797 skip=0 empty=0 fail=1 processed=3798 elapsed=21298s rate=0.18/s target=6000 remain=2203 eta=12354s
[08:25:29] [progress] new=3798 skip=0 empty=0 fail=1 processed=3799 elapsed=21302s rate=0.18/s target=6000 remain=2202 eta=12347s
[08:25:29]   [1/2] 笠松 done new=12 R (total_new=3798)
[08:25:29] [progress] new=3798 skip=0 empty=0 fail=1 processed=3799 elapsed=21302s rate=0.18/s target=6000 remain=2202 eta=12347s
[08:25:36]   [2/2] 園田 12R start
[08:26:05] [progress] new=3799 skip=0 empty=0 fail=1 processed=3800 elapsed=21338s rate=0.18/s target=6000 remain=2201 eta=12359s
[08:26:10] [progress] new=3801 skip=0 empty=0 fail=1 processed=3802 elapsed=21343s rate=0.18/s target=6000 remain=2199 eta=12344s
[08:26:13] [progress] new=3802 skip=0 empty=0 fail=1 processed=3803 elapsed=21346s rate=0.18/s target=6000 remain=2198 eta=12337s
[08:26:20] [progress] new=3804 skip=0 empty=0 fail=1 processed=3805 elapsed=21352s rate=0.18/s target=6000 remain=2196 eta=12323s
[08:26:23] [progress] new=3805 skip=0 empty=0 fail=1 processed=3806 elapsed=21355s rate=0.18/s target=6000 remain=2195 eta=12316s
[08:26:26] [progress] new=3806 skip=0 empty=0 fail=1 processed=3807 elapsed=21358s rate=0.18/s target=6000 remain=2194 eta=12309s
[08:26:30] [progress] new=3807 skip=0 empty=0 fail=1 processed=3808 elapsed=21362s rate=0.18/s target=6000 remain=2193 eta=12302s
[08:26:33] [progress] new=3808 skip=0 empty=0 fail=1 processed=3809 elapsed=21366s rate=0.18/s target=6000 remain=2192 eta=12296s
[08:26:39] [progress] new=3810 skip=0 empty=0 fail=1 processed=3811 elapsed=21371s rate=0.18/s target=6000 remain=2190 eta=12281s
[08:26:39]   [2/2] 園田 done new=12 R (total_new=3810)
[08:26:39] [progress] new=3810 skip=0 empty=0 fail=1 processed=3811 elapsed=21371s rate=0.18/s target=6000 remain=2190 eta=12281s
[08:26:39] === day 131/365 2023-05-11 ===
[08:26:42]   venues=2: ['笠松', '園田']
[08:26:47]   [1/2] 笠松 12R start
[08:27:13] [progress] new=3811 skip=0 empty=0 fail=1 processed=3812 elapsed=21405s rate=0.18/s target=6000 remain=2189 eta=12292s
[08:27:19] [progress] new=3814 skip=0 empty=0 fail=1 processed=3815 elapsed=21412s rate=0.18/s target=6000 remain=2186 eta=12269s
[08:27:23] [progress] new=3815 skip=0 empty=0 fail=1 processed=3816 elapsed=21416s rate=0.18/s target=6000 remain=2185 eta=12263s
[08:27:28] [progress] new=3817 skip=0 empty=0 fail=1 processed=3818 elapsed=21420s rate=0.18/s target=6000 remain=2183 eta=12247s
[08:27:32] [progress] new=3818 skip=0 empty=0 fail=1 processed=3819 elapsed=21425s rate=0.18/s target=6000 remain=2182 eta=12241s
[08:27:38] [progress] new=3820 skip=0 empty=0 fail=1 processed=3821 elapsed=21430s rate=0.18/s target=6000 remain=2180 eta=12227s
[08:27:42] [progress] new=3821 skip=0 empty=0 fail=1 processed=3822 elapsed=21434s rate=0.18/s target=6000 remain=2179 eta=12220s
[08:27:44]   [1/2] 笠松 done new=12 R (total_new=3822)
[08:27:44] [progress] new=3822 skip=0 empty=0 fail=1 processed=3823 elapsed=21437s rate=0.18/s target=6000 remain=2178 eta=12213s
[08:27:50]   [2/2] 園田 12R start
[08:28:19] [progress] new=3823 skip=0 empty=0 fail=1 processed=3824 elapsed=21471s rate=0.18/s target=6000 remain=2177 eta=12223s
[08:28:24] [progress] new=3825 skip=0 empty=0 fail=1 processed=3826 elapsed=21477s rate=0.18/s target=6000 remain=2175 eta=12209s
[08:28:29] [progress] new=3827 skip=0 empty=0 fail=1 processed=3828 elapsed=21482s rate=0.18/s target=6000 remain=2173 eta=12194s
[08:28:33] [progress] new=3828 skip=0 empty=0 fail=1 processed=3829 elapsed=21485s rate=0.18/s target=6000 remain=2172 eta=12188s
[08:28:38] [progress] new=3830 skip=0 empty=0 fail=1 processed=3831 elapsed=21491s rate=0.18/s target=6000 remain=2170 eta=12173s
[08:28:42] [progress] new=3831 skip=0 empty=0 fail=1 processed=3832 elapsed=21495s rate=0.18/s target=6000 remain=2169 eta=12167s
[08:28:49] [progress] new=3834 skip=0 empty=0 fail=1 processed=3835 elapsed=21501s rate=0.18/s target=6000 remain=2166 eta=12144s
[08:28:49]   [2/2] 園田 done new=12 R (total_new=3834)
[08:28:49] [progress] new=3834 skip=0 empty=0 fail=1 processed=3835 elapsed=21501s rate=0.18/s target=6000 remain=2166 eta=12144s
[08:28:49] === day 132/365 2023-05-12 ===
[08:28:51]   venues=2: ['笠松', '園田']
[08:28:58]   [1/2] 笠松 12R start
[08:29:29] [progress] new=3835 skip=0 empty=0 fail=1 processed=3836 elapsed=21542s rate=0.18/s target=6000 remain=2165 eta=12158s
[08:29:33] [progress] new=3836 skip=0 empty=0 fail=1 processed=3837 elapsed=21546s rate=0.18/s target=6000 remain=2164 eta=12151s
[08:29:37] [progress] new=3837 skip=0 empty=0 fail=1 processed=3838 elapsed=21550s rate=0.18/s target=6000 remain=2163 eta=12145s
[08:29:43] [progress] new=3839 skip=0 empty=0 fail=1 processed=3840 elapsed=21555s rate=0.18/s target=6000 remain=2161 eta=12130s
[08:29:48] [progress] new=3841 skip=0 empty=0 fail=1 processed=3842 elapsed=21561s rate=0.18/s target=6000 remain=2159 eta=12116s
[08:29:54] [progress] new=3843 skip=0 empty=0 fail=1 processed=3844 elapsed=21566s rate=0.18/s target=6000 remain=2157 eta=12102s
[08:29:57] [progress] new=3844 skip=0 empty=0 fail=1 processed=3845 elapsed=21569s rate=0.18/s target=6000 remain=2156 eta=12095s
[08:30:02] [progress] new=3846 skip=0 empty=0 fail=1 processed=3847 elapsed=21575s rate=0.18/s target=6000 remain=2154 eta=12080s
[08:30:02]   [1/2] 笠松 done new=12 R (total_new=3846)
[08:30:02] [progress] new=3846 skip=0 empty=0 fail=1 processed=3847 elapsed=21575s rate=0.18/s target=6000 remain=2154 eta=12080s
[08:30:07]   [2/2] 園田 12R start
[08:30:35] [progress] new=3847 skip=0 empty=0 fail=1 processed=3848 elapsed=21608s rate=0.18/s target=6000 remain=2153 eta=12090s
[08:30:41] [progress] new=3849 skip=0 empty=0 fail=1 processed=3850 elapsed=21614s rate=0.18/s target=6000 remain=2151 eta=12076s
[08:30:46] [progress] new=3851 skip=0 empty=0 fail=1 processed=3852 elapsed=21618s rate=0.18/s target=6000 remain=2149 eta=12061s
[08:30:49] [progress] new=3852 skip=0 empty=0 fail=1 processed=3853 elapsed=21622s rate=0.18/s target=6000 remain=2148 eta=12054s
[08:30:53] [progress] new=3853 skip=0 empty=0 fail=1 processed=3854 elapsed=21626s rate=0.18/s target=6000 remain=2147 eta=12047s
[08:30:57] [progress] new=3855 skip=0 empty=0 fail=1 processed=3856 elapsed=21629s rate=0.18/s target=6000 remain=2145 eta=12032s
[08:31:03] [progress] new=3857 skip=0 empty=0 fail=1 processed=3858 elapsed=21636s rate=0.18/s target=6000 remain=2143 eta=12018s
[08:31:07] [progress] new=3858 skip=0 empty=0 fail=1 processed=3859 elapsed=21640s rate=0.18/s target=6000 remain=2142 eta=12012s
[08:31:07]   [2/2] 園田 done new=12 R (total_new=3858)
[08:31:07] [progress] new=3858 skip=0 empty=0 fail=1 processed=3859 elapsed=21640s rate=0.18/s target=6000 remain=2142 eta=12012s
[08:31:07] === day 133/365 2023-05-13 ===
[08:31:10]   venues=3: ['船橋', '高知', '川崎']
[08:31:14]   [1/3] 船橋 12R start
[08:31:41] [progress] new=3859 skip=0 empty=0 fail=1 processed=3860 elapsed=21674s rate=0.18/s target=6000 remain=2141 eta=12022s
[08:31:47] [progress] new=3861 skip=0 empty=0 fail=1 processed=3862 elapsed=21679s rate=0.18/s target=6000 remain=2139 eta=12007s
[08:31:51] [progress] new=3862 skip=0 empty=0 fail=1 processed=3863 elapsed=21683s rate=0.18/s target=6000 remain=2138 eta=12001s
[08:31:57] [progress] new=3864 skip=0 empty=0 fail=1 processed=3865 elapsed=21690s rate=0.18/s target=6000 remain=2136 eta=11987s
[08:32:02] [progress] new=3866 skip=0 empty=0 fail=1 processed=3867 elapsed=21695s rate=0.18/s target=6000 remain=2134 eta=11972s
[08:32:08] [progress] new=3868 skip=0 empty=0 fail=1 processed=3869 elapsed=21700s rate=0.18/s target=6000 remain=2132 eta=11958s
[08:32:13] [progress] new=3870 skip=0 empty=0 fail=1 processed=3871 elapsed=21705s rate=0.18/s target=6000 remain=2130 eta=11943s
[08:32:13]   [1/3] 船橋 done new=12 R (total_new=3870)
[08:32:13] [progress] new=3870 skip=0 empty=0 fail=1 processed=3871 elapsed=21705s rate=0.18/s target=6000 remain=2130 eta=11943s
[08:32:17]   [2/3] 高知 11R start
[08:32:50] [progress] new=3871 skip=0 empty=0 fail=1 processed=3872 elapsed=21742s rate=0.18/s target=6000 remain=2129 eta=11955s
[08:32:55] [progress] new=3873 skip=0 empty=0 fail=1 processed=3874 elapsed=21748s rate=0.18/s target=6000 remain=2127 eta=11940s
[08:33:02] [progress] new=3875 skip=0 empty=0 fail=1 processed=3876 elapsed=21755s rate=0.18/s target=6000 remain=2125 eta=11927s
[08:33:06] [progress] new=3876 skip=0 empty=0 fail=1 processed=3877 elapsed=21759s rate=0.18/s target=6000 remain=2124 eta=11920s
[08:33:13] [progress] new=3878 skip=0 empty=0 fail=1 processed=3879 elapsed=21765s rate=0.18/s target=6000 remain=2122 eta=11907s
[08:33:18] [progress] new=3880 skip=0 empty=0 fail=1 processed=3881 elapsed=21771s rate=0.18/s target=6000 remain=2120 eta=11892s
[08:33:22] [progress] new=3881 skip=0 empty=0 fail=1 processed=3882 elapsed=21775s rate=0.18/s target=6000 remain=2119 eta=11886s
[08:33:22]   [2/3] 高知 done new=11 R (total_new=3881)
[08:33:22] [progress] new=3881 skip=0 empty=0 fail=1 processed=3882 elapsed=21775s rate=0.18/s target=6000 remain=2119 eta=11886s
[08:33:27]   [3/3] 川崎 11R start
[08:33:56] [progress] new=3882 skip=0 empty=0 fail=1 processed=3883 elapsed=21809s rate=0.18/s target=6000 remain=2118 eta=11896s
[08:34:02] [progress] new=3884 skip=0 empty=0 fail=1 processed=3885 elapsed=21814s rate=0.18/s target=6000 remain=2116 eta=11881s
[08:34:06] [progress] new=3885 skip=0 empty=0 fail=1 processed=3886 elapsed=21818s rate=0.18/s target=6000 remain=2115 eta=11875s
[08:34:10] [progress] new=3887 skip=0 empty=0 fail=1 processed=3888 elapsed=21823s rate=0.18/s target=6000 remain=2113 eta=11860s
[08:34:14] [progress] new=3888 skip=0 empty=0 fail=1 processed=3889 elapsed=21826s rate=0.18/s target=6000 remain=2112 eta=11853s
[08:34:17] [progress] new=3889 skip=0 empty=0 fail=1 processed=3890 elapsed=21830s rate=0.18/s target=6000 remain=2111 eta=11846s
[08:34:24] [progress] new=3891 skip=0 empty=0 fail=1 processed=3892 elapsed=21836s rate=0.18/s target=6000 remain=2109 eta=11833s
[08:34:27]   [3/3] 川崎 done new=11 R (total_new=3892)
[08:34:27] [progress] new=3892 skip=0 empty=0 fail=1 processed=3893 elapsed=21839s rate=0.18/s target=6000 remain=2108 eta=11826s
[08:34:27] === day 134/365 2023-05-14 ===
[08:34:30]   venues=5: ['船橋', '水沢', '名古屋', '高知', '川崎']
[08:34:34]   [1/5] 船橋 12R start
[08:35:03] [progress] new=3893 skip=0 empty=0 fail=1 processed=3894 elapsed=21876s rate=0.18/s target=6000 remain=2107 eta=11837s
[08:35:09] [progress] new=3895 skip=0 empty=0 fail=1 processed=3896 elapsed=21882s rate=0.18/s target=6000 remain=2105 eta=11823s
[08:35:15] [progress] new=3897 skip=0 empty=0 fail=1 processed=3898 elapsed=21887s rate=0.18/s target=6000 remain=2103 eta=11808s
[08:35:19] [progress] new=3899 skip=0 empty=0 fail=1 processed=3900 elapsed=21891s rate=0.18/s target=6000 remain=2101 eta=11793s
[08:35:22] [progress] new=3900 skip=0 empty=0 fail=1 processed=3901 elapsed=21895s rate=0.18/s target=6000 remain=2100 eta=11787s
[08:35:26] [progress] new=3901 skip=0 empty=0 fail=1 processed=3902 elapsed=21899s rate=0.18/s target=6000 remain=2099 eta=11780s
[08:35:32] [progress] new=3903 skip=0 empty=0 fail=1 processed=3904 elapsed=21905s rate=0.18/s target=6000 remain=2097 eta=11766s
[08:35:36] [progress] new=3904 skip=0 empty=0 fail=1 processed=3905 elapsed=21908s rate=0.18/s target=6000 remain=2096 eta=11759s
[08:35:36]   [1/5] 船橋 done new=12 R (total_new=3904)
[08:35:36] [progress] new=3904 skip=0 empty=0 fail=1 processed=3905 elapsed=21908s rate=0.18/s target=6000 remain=2096 eta=11759s
[08:35:42]   [2/5] 水沢 11R start
[08:36:09] [progress] new=3905 skip=0 empty=0 fail=1 processed=3906 elapsed=21941s rate=0.18/s target=6000 remain=2095 eta=11768s
[08:36:12] [progress] new=3906 skip=0 empty=0 fail=1 processed=3907 elapsed=21944s rate=0.18/s target=6000 remain=2094 eta=11761s
[08:36:16] [progress] new=3908 skip=0 empty=0 fail=1 processed=3909 elapsed=21949s rate=0.18/s target=6000 remain=2092 eta=11746s
[08:36:19] [progress] new=3909 skip=0 empty=0 fail=1 processed=3910 elapsed=21952s rate=0.18/s target=6000 remain=2091 eta=11739s
[08:36:23] [progress] new=3910 skip=0 empty=0 fail=1 processed=3911 elapsed=21956s rate=0.18/s target=6000 remain=2090 eta=11733s
[08:36:30] [progress] new=3912 skip=0 empty=0 fail=1 processed=3913 elapsed=21962s rate=0.18/s target=6000 remain=2088 eta=11719s
[08:36:34] [progress] new=3913 skip=0 empty=0 fail=1 processed=3914 elapsed=21966s rate=0.18/s target=6000 remain=2087 eta=11713s
[08:36:40] [progress] new=3915 skip=0 empty=0 fail=1 processed=3916 elapsed=21973s rate=0.18/s target=6000 remain=2085 eta=11699s
[08:36:40]   [2/5] 水沢 done new=11 R (total_new=3915)
[08:36:40] [progress] new=3915 skip=0 empty=0 fail=1 processed=3916 elapsed=21973s rate=0.18/s target=6000 remain=2085 eta=11699s
[08:36:46]   [3/5] 名古屋 11R start
[08:37:14] [progress] new=3916 skip=0 empty=0 fail=1 processed=3917 elapsed=22006s rate=0.18/s target=6000 remain=2084 eta=11708s
[08:37:18] [progress] new=3918 skip=0 empty=0 fail=1 processed=3919 elapsed=22011s rate=0.18/s target=6000 remain=2082 eta=11694s
[08:37:22] [progress] new=3919 skip=0 empty=0 fail=1 processed=3920 elapsed=22015s rate=0.18/s target=6000 remain=2081 eta=11687s
[08:37:26] [progress] new=3921 skip=0 empty=0 fail=1 processed=3922 elapsed=22019s rate=0.18/s target=6000 remain=2079 eta=11672s
[08:37:30] [progress] new=3922 skip=0 empty=0 fail=1 processed=3923 elapsed=22023s rate=0.18/s target=6000 remain=2078 eta=11665s
[08:37:34] [progress] new=3924 skip=0 empty=0 fail=1 processed=3925 elapsed=22026s rate=0.18/s target=6000 remain=2076 eta=11650s
[08:37:41] [progress] new=3926 skip=0 empty=0 fail=1 processed=3927 elapsed=22033s rate=0.18/s target=6000 remain=2074 eta=11637s
[08:37:41]   [3/5] 名古屋 done new=11 R (total_new=3926)
[08:37:41] [progress] new=3926 skip=0 empty=0 fail=1 processed=3927 elapsed=22033s rate=0.18/s target=6000 remain=2074 eta=11637s
[08:37:46]   [4/5] 高知 12R start
[08:38:13] [progress] new=3927 skip=0 empty=0 fail=1 processed=3928 elapsed=22066s rate=0.18/s target=6000 remain=2073 eta=11645s
[08:38:18] [progress] new=3929 skip=0 empty=0 fail=1 processed=3930 elapsed=22070s rate=0.18/s target=6000 remain=2071 eta=11631s
[08:38:22] [progress] new=3930 skip=0 empty=0 fail=1 processed=3931 elapsed=22075s rate=0.18/s target=6000 remain=2070 eta=11624s
[08:38:26] [progress] new=3931 skip=0 empty=0 fail=1 processed=3932 elapsed=22079s rate=0.18/s target=6000 remain=2069 eta=11618s
[08:38:31] [progress] new=3933 skip=0 empty=0 fail=1 processed=3934 elapsed=22084s rate=0.18/s target=6000 remain=2067 eta=11603s
[08:38:36] [progress] new=3934 skip=0 empty=0 fail=1 processed=3935 elapsed=22089s rate=0.18/s target=6000 remain=2066 eta=11597s
[08:38:41] [progress] new=3936 skip=0 empty=0 fail=1 processed=3937 elapsed=22094s rate=0.18/s target=6000 remain=2064 eta=11583s
[08:38:45] [progress] new=3937 skip=0 empty=0 fail=1 processed=3938 elapsed=22098s rate=0.18/s target=6000 remain=2063 eta=11576s
[08:38:48]   [4/5] 高知 done new=12 R (total_new=3938)
[08:38:48] [progress] new=3938 skip=0 empty=0 fail=1 processed=3939 elapsed=22100s rate=0.18/s target=6000 remain=2062 eta=11569s
[08:38:54]   [5/5] 川崎 11R start
[08:39:20] [progress] new=3939 skip=0 empty=0 fail=1 processed=3940 elapsed=22133s rate=0.18/s target=6000 remain=2061 eta=11578s
[08:39:24] [progress] new=3940 skip=0 empty=0 fail=1 processed=3941 elapsed=22136s rate=0.18/s target=6000 remain=2060 eta=11571s
[08:39:30] [progress] new=3942 skip=0 empty=0 fail=1 processed=3943 elapsed=22143s rate=0.18/s target=6000 remain=2058 eta=11557s
[08:39:35] [progress] new=3944 skip=0 empty=0 fail=1 processed=3945 elapsed=22148s rate=0.18/s target=6000 remain=2056 eta=11543s
[08:39:39] [progress] new=3945 skip=0 empty=0 fail=1 processed=3946 elapsed=22151s rate=0.18/s target=6000 remain=2055 eta=11536s
[08:39:45] [progress] new=3947 skip=0 empty=0 fail=1 processed=3948 elapsed=22158s rate=0.18/s target=6000 remain=2053 eta=11522s
[08:39:52] [progress] new=3949 skip=0 empty=0 fail=1 processed=3950 elapsed=22164s rate=0.18/s target=6000 remain=2051 eta=11509s
[08:39:52]   [5/5] 川崎 done new=11 R (total_new=3949)
[08:39:52] [progress] new=3949 skip=0 empty=0 fail=1 processed=3950 elapsed=22164s rate=0.18/s target=6000 remain=2051 eta=11509s
[08:39:52] === day 135/365 2023-05-15 ===
[08:39:55]   venues=2: ['船橋', '水沢']
[08:39:58]   [1/2] 船橋 12R start
[08:40:32] [progress] new=3950 skip=0 empty=0 fail=1 processed=3951 elapsed=22205s rate=0.18/s target=6000 remain=2050 eta=11521s
[08:40:38] [progress] new=3952 skip=0 empty=0 fail=1 processed=3953 elapsed=22210s rate=0.18/s target=6000 remain=2048 eta=11507s
[08:40:41] [progress] new=3953 skip=0 empty=0 fail=1 processed=3954 elapsed=22214s rate=0.18/s target=6000 remain=2047 eta=11500s
[08:40:45] [progress] new=3954 skip=0 empty=0 fail=1 processed=3955 elapsed=22217s rate=0.18/s target=6000 remain=2046 eta=11493s
[08:40:50] [progress] new=3956 skip=0 empty=0 fail=1 processed=3957 elapsed=22223s rate=0.18/s target=6000 remain=2044 eta=11479s
[08:40:54] [progress] new=3958 skip=0 empty=0 fail=1 processed=3959 elapsed=22227s rate=0.18/s target=6000 remain=2042 eta=11464s
[08:41:00] [progress] new=3960 skip=0 empty=0 fail=1 processed=3961 elapsed=22233s rate=0.18/s target=6000 remain=2040 eta=11450s
[08:41:04] [progress] new=3961 skip=0 empty=0 fail=1 processed=3962 elapsed=22237s rate=0.18/s target=6000 remain=2039 eta=11444s
[08:41:04]   [1/2] 船橋 done new=12 R (total_new=3961)
[08:41:04] [progress] new=3961 skip=0 empty=0 fail=1 processed=3962 elapsed=22237s rate=0.18/s target=6000 remain=2039 eta=11444s
[08:41:08]   [2/2] 水沢 12R start
[08:41:40] [progress] new=3962 skip=0 empty=0 fail=1 processed=3963 elapsed=22272s rate=0.18/s target=6000 remain=2038 eta=11454s
[08:41:44] [progress] new=3963 skip=0 empty=0 fail=1 processed=3964 elapsed=22276s rate=0.18/s target=6000 remain=2037 eta=11447s
[08:41:48] [progress] new=3965 skip=0 empty=0 fail=1 processed=3966 elapsed=22280s rate=0.18/s target=6000 remain=2035 eta=11432s
[08:41:54] [progress] new=3967 skip=0 empty=0 fail=1 processed=3968 elapsed=22286s rate=0.18/s target=6000 remain=2033 eta=11418s
[08:41:58] [progress] new=3968 skip=0 empty=0 fail=1 processed=3969 elapsed=22290s rate=0.18/s target=6000 remain=2032 eta=11412s
[08:42:02] [progress] new=3970 skip=0 empty=0 fail=1 processed=3971 elapsed=22294s rate=0.18/s target=6000 remain=2030 eta=11397s
[08:42:05] [progress] new=3971 skip=0 empty=0 fail=1 processed=3972 elapsed=22298s rate=0.18/s target=6000 remain=2029 eta=11390s
[08:42:11] [progress] new=3973 skip=0 empty=0 fail=1 processed=3974 elapsed=22303s rate=0.18/s target=6000 remain=2027 eta=11376s
[08:42:11]   [2/2] 水沢 done new=12 R (total_new=3973)
[08:42:11] [progress] new=3973 skip=0 empty=0 fail=1 processed=3974 elapsed=22303s rate=0.18/s target=6000 remain=2027 eta=11376s
[08:42:11] === day 136/365 2023-05-16 ===
[08:42:13]   venues=3: ['水沢', '名古屋', '金沢']
[08:42:20]   [1/3] 水沢 11R start
[08:42:46] [progress] new=3974 skip=0 empty=0 fail=1 processed=3975 elapsed=22338s rate=0.18/s target=6000 remain=2026 eta=11386s
[08:42:51] [progress] new=3976 skip=0 empty=0 fail=1 processed=3977 elapsed=22343s rate=0.18/s target=6000 remain=2024 eta=11371s
[08:42:56] [progress] new=3978 skip=0 empty=0 fail=1 processed=3979 elapsed=22349s rate=0.18/s target=6000 remain=2022 eta=11357s
[08:43:01] [progress] new=3980 skip=0 empty=0 fail=1 processed=3981 elapsed=22354s rate=0.18/s target=6000 remain=2020 eta=11343s
[08:43:07] [progress] new=3982 skip=0 empty=0 fail=1 processed=3983 elapsed=22359s rate=0.18/s target=6000 remain=2018 eta=11328s
[08:43:10] [progress] new=3983 skip=0 empty=0 fail=1 processed=3984 elapsed=22363s rate=0.18/s target=6000 remain=2017 eta=11322s
[08:43:12]   [1/3] 水沢 done new=11 R (total_new=3984)
[08:43:12] [progress] new=3984 skip=0 empty=0 fail=1 processed=3985 elapsed=22365s rate=0.18/s target=6000 remain=2016 eta=11314s
[08:43:19]   [2/3] 名古屋 12R start
[08:43:48] [progress] new=3985 skip=0 empty=0 fail=1 processed=3986 elapsed=22400s rate=0.18/s target=6000 remain=2015 eta=11324s
[08:43:51] [progress] new=3987 skip=0 empty=0 fail=1 processed=3988 elapsed=22404s rate=0.18/s target=6000 remain=2013 eta=11309s
[08:43:56] [progress] new=3989 skip=0 empty=0 fail=1 processed=3990 elapsed=22409s rate=0.18/s target=6000 remain=2011 eta=11294s
[08:44:01] [progress] new=3991 skip=0 empty=0 fail=1 processed=3992 elapsed=22413s rate=0.18/s target=6000 remain=2009 eta=11280s
[08:44:04] [progress] new=3993 skip=0 empty=0 fail=1 processed=3994 elapsed=22417s rate=0.18/s target=6000 remain=2007 eta=11265s
[08:44:09] [progress] new=3995 skip=0 empty=0 fail=1 processed=3996 elapsed=22421s rate=0.18/s target=6000 remain=2005 eta=11250s
[08:44:12] [progress] new=3996 skip=0 empty=0 fail=1 processed=3997 elapsed=22424s rate=0.18/s target=6000 remain=2004 eta=11243s
[08:44:12]   [2/3] 名古屋 done new=12 R (total_new=3996)
[08:44:12] [progress] new=3996 skip=0 empty=0 fail=1 processed=3997 elapsed=22424s rate=0.18/s target=6000 remain=2004 eta=11243s
[08:44:17]   [3/3] 金沢 12R start
[08:44:47] [progress] new=3997 skip=0 empty=0 fail=1 processed=3998 elapsed=22460s rate=0.18/s target=6000 remain=2003 eta=11252s
[08:44:51] [progress] new=3999 skip=0 empty=0 fail=1 processed=4000 elapsed=22464s rate=0.18/s target=6000 remain=2001 eta=11237s
[08:44:55] [progress] new=4000 skip=0 empty=0 fail=1 processed=4001 elapsed=22468s rate=0.18/s target=6000 remain=2000 eta=11231s
[08:44:59] [progress] new=4001 skip=0 empty=0 fail=1 processed=4002 elapsed=22472s rate=0.18/s target=6000 remain=1999 eta=11225s
[08:45:03] [progress] new=4002 skip=0 empty=0 fail=1 processed=4003 elapsed=22475s rate=0.18/s target=6000 remain=1998 eta=11218s
[08:45:07] [progress] new=4003 skip=0 empty=0 fail=1 processed=4004 elapsed=22480s rate=0.18/s target=6000 remain=1997 eta=11212s
[08:45:11] [progress] new=4004 skip=0 empty=0 fail=1 processed=4005 elapsed=22484s rate=0.18/s target=6000 remain=1996 eta=11206s
[08:45:15] [progress] new=4005 skip=0 empty=0 fail=1 processed=4006 elapsed=22488s rate=0.18/s target=6000 remain=1995 eta=11199s
[08:45:19] [progress] new=4006 skip=0 empty=0 fail=1 processed=4007 elapsed=22491s rate=0.18/s target=6000 remain=1994 eta=11192s
[08:45:23] [progress] new=4007 skip=0 empty=0 fail=1 processed=4008 elapsed=22495s rate=0.18/s target=6000 remain=1993 eta=11186s
[08:45:26] [progress] new=4008 skip=0 empty=0 fail=1 processed=4009 elapsed=22499s rate=0.18/s target=6000 remain=1992 eta=11179s
[08:45:26]   [3/3] 金沢 done new=12 R (total_new=4008)
[08:45:26] [progress] new=4008 skip=0 empty=0 fail=1 processed=4009 elapsed=22499s rate=0.18/s target=6000 remain=1992 eta=11179s
[08:45:26] === day 137/365 2023-05-17 ===
[08:45:27]   venues=2: ['金沢', '園田']
[08:45:31]   [1/2] 金沢 12R start
[08:46:08] [progress] new=4009 skip=0 empty=0 fail=1 processed=4010 elapsed=22540s rate=0.18/s target=6000 remain=1991 eta=11191s
[08:46:13] [progress] new=4011 skip=0 empty=0 fail=1 processed=4012 elapsed=22545s rate=0.18/s target=6000 remain=1989 eta=11177s
[08:46:17] [progress] new=4012 skip=0 empty=0 fail=1 processed=4013 elapsed=22549s rate=0.18/s target=6000 remain=1988 eta=11171s
[08:46:20] [progress] new=4013 skip=0 empty=0 fail=1 processed=4014 elapsed=22553s rate=0.18/s target=6000 remain=1987 eta=11164s
[08:46:25] [progress] new=4014 skip=0 empty=0 fail=1 processed=4015 elapsed=22558s rate=0.18/s target=6000 remain=1986 eta=11158s
[08:46:29] [progress] new=4015 skip=0 empty=0 fail=1 processed=4016 elapsed=22562s rate=0.18/s target=6000 remain=1985 eta=11152s
[08:46:33] [progress] new=4016 skip=0 empty=0 fail=1 processed=4017 elapsed=22566s rate=0.18/s target=6000 remain=1984 eta=11145s
[08:46:41] [progress] new=4018 skip=0 empty=0 fail=1 processed=4019 elapsed=22573s rate=0.18/s target=6000 remain=1982 eta=11132s
[08:46:46] [progress] new=4020 skip=0 empty=0 fail=1 processed=4021 elapsed=22579s rate=0.18/s target=6000 remain=1980 eta=11118s
[08:46:46]   [1/2] 金沢 done new=12 R (total_new=4020)
[08:46:46] [progress] new=4020 skip=0 empty=0 fail=1 processed=4021 elapsed=22579s rate=0.18/s target=6000 remain=1980 eta=11118s
[08:46:53]   [2/2] 園田 12R start
[08:47:26] [progress] new=4021 skip=0 empty=0 fail=1 processed=4022 elapsed=22618s rate=0.18/s target=6000 remain=1979 eta=11129s
[08:47:31] [progress] new=4023 skip=0 empty=0 fail=1 processed=4024 elapsed=22624s rate=0.18/s target=6000 remain=1977 eta=11115s
[08:47:35] [progress] new=4024 skip=0 empty=0 fail=1 processed=4025 elapsed=22628s rate=0.18/s target=6000 remain=1976 eta=11109s
[08:47:38] [progress] new=4025 skip=0 empty=0 fail=1 processed=4026 elapsed=22631s rate=0.18/s target=6000 remain=1975 eta=11102s
[08:47:41] [progress] new=4027 skip=0 empty=0 fail=1 processed=4028 elapsed=22634s rate=0.18/s target=6000 remain=1973 eta=11087s
[08:47:46] [progress] new=4029 skip=0 empty=0 fail=1 processed=4030 elapsed=22639s rate=0.18/s target=6000 remain=1971 eta=11072s
[08:47:52] [progress] new=4031 skip=0 empty=0 fail=1 processed=4032 elapsed=22644s rate=0.18/s target=6000 remain=1969 eta=11058s
[08:47:56] [progress] new=4032 skip=0 empty=0 fail=1 processed=4033 elapsed=22649s rate=0.18/s target=6000 remain=1968 eta=11052s
[08:47:56]   [2/2] 園田 done new=12 R (total_new=4032)
[08:47:56] [progress] new=4032 skip=0 empty=0 fail=1 processed=4033 elapsed=22649s rate=0.18/s target=6000 remain=1968 eta=11052s
[08:47:56] === day 138/365 2023-05-18 ===
[08:47:59]   venues=2: ['金沢', '園田']
[08:48:05]   [1/2] 金沢 12R start
[08:48:41] [progress] new=4033 skip=0 empty=0 fail=1 processed=4034 elapsed=22694s rate=0.18/s target=6000 remain=1967 eta=11066s
[08:48:47] [progress] new=4035 skip=0 empty=0 fail=1 processed=4036 elapsed=22699s rate=0.18/s target=6000 remain=1965 eta=11052s
[08:48:51] [progress] new=4036 skip=0 empty=0 fail=1 processed=4037 elapsed=22703s rate=0.18/s target=6000 remain=1964 eta=11045s
[08:48:54] [progress] new=4037 skip=0 empty=0 fail=1 processed=4038 elapsed=22707s rate=0.18/s target=6000 remain=1963 eta=11038s
[08:48:57] [progress] new=4038 skip=0 empty=0 fail=1 processed=4039 elapsed=22710s rate=0.18/s target=6000 remain=1962 eta=11032s
[08:49:02] [progress] new=4039 skip=0 empty=0 fail=1 processed=4040 elapsed=22714s rate=0.18/s target=6000 remain=1961 eta=11025s
[08:49:07] [progress] new=4040 skip=0 empty=0 fail=1 processed=4041 elapsed=22720s rate=0.18/s target=6000 remain=1960 eta=11020s
[08:49:10] [progress] new=4041 skip=0 empty=0 fail=1 processed=4042 elapsed=22723s rate=0.18/s target=6000 remain=1959 eta=11013s
[08:49:14] [progress] new=4042 skip=0 empty=0 fail=1 processed=4043 elapsed=22727s rate=0.18/s target=6000 remain=1958 eta=11006s
[08:49:18] [progress] new=4043 skip=0 empty=0 fail=1 processed=4044 elapsed=22730s rate=0.18/s target=6000 remain=1957 eta=11000s
[08:49:22] [progress] new=4044 skip=0 empty=0 fail=1 processed=4045 elapsed=22734s rate=0.18/s target=6000 remain=1956 eta=10993s
[08:49:22]   [1/2] 金沢 done new=12 R (total_new=4044)
[08:49:22] [progress] new=4044 skip=0 empty=0 fail=1 processed=4045 elapsed=22734s rate=0.18/s target=6000 remain=1956 eta=10993s
[08:49:27]   [2/2] 園田 12R start
[08:49:54] [progress] new=4045 skip=0 empty=0 fail=1 processed=4046 elapsed=22767s rate=0.18/s target=6000 remain=1955 eta=11001s
[08:49:58] [progress] new=4046 skip=0 empty=0 fail=1 processed=4047 elapsed=22771s rate=0.18/s target=6000 remain=1954 eta=10994s
[08:50:05] [progress] new=4048 skip=0 empty=0 fail=1 processed=4049 elapsed=22778s rate=0.18/s target=6000 remain=1952 eta=10981s
[08:50:11] [progress] new=4050 skip=0 empty=0 fail=1 processed=4051 elapsed=22784s rate=0.18/s target=6000 remain=1950 eta=10967s
[08:50:16] [progress] new=4052 skip=0 empty=0 fail=1 processed=4053 elapsed=22788s rate=0.18/s target=6000 remain=1948 eta=10953s
[08:50:22] [progress] new=4054 skip=0 empty=0 fail=1 processed=4055 elapsed=22794s rate=0.18/s target=6000 remain=1946 eta=10939s
[08:50:26] [progress] new=4055 skip=0 empty=0 fail=1 processed=4056 elapsed=22798s rate=0.18/s target=6000 remain=1945 eta=10933s
[08:50:28]   [2/2] 園田 done new=12 R (total_new=4056)
[08:50:28] [progress] new=4056 skip=0 empty=0 fail=1 processed=4057 elapsed=22801s rate=0.18/s target=6000 remain=1944 eta=10926s
[08:50:28] === day 139/365 2023-05-19 ===
[08:50:31]   venues=2: ['金沢', '園田']
[08:50:36]   [1/2] 金沢 12R start
[08:51:03] [progress] new=4057 skip=0 empty=0 fail=1 processed=4058 elapsed=22836s rate=0.18/s target=6000 remain=1943 eta=10934s
[08:51:07] [progress] new=4058 skip=0 empty=0 fail=1 processed=4059 elapsed=22840s rate=0.18/s target=6000 remain=1942 eta=10928s
[08:51:14] [progress] new=4060 skip=0 empty=0 fail=1 processed=4061 elapsed=22846s rate=0.18/s target=6000 remain=1940 eta=10914s
[08:51:18] [progress] new=4061 skip=0 empty=0 fail=1 processed=4062 elapsed=22850s rate=0.18/s target=6000 remain=1939 eta=10908s
[08:51:21] [progress] new=4062 skip=0 empty=0 fail=1 processed=4063 elapsed=22854s rate=0.18/s target=6000 remain=1938 eta=10901s
[08:51:25] [progress] new=4063 skip=0 empty=0 fail=1 processed=4064 elapsed=22857s rate=0.18/s target=6000 remain=1937 eta=10894s
[08:51:28] [progress] new=4064 skip=0 empty=0 fail=1 processed=4065 elapsed=22861s rate=0.18/s target=6000 remain=1936 eta=10888s
[08:51:36] [progress] new=4066 skip=0 empty=0 fail=1 processed=4067 elapsed=22868s rate=0.18/s target=6000 remain=1934 eta=10875s
[08:51:40] [progress] new=4067 skip=0 empty=0 fail=1 processed=4068 elapsed=22872s rate=0.18/s target=6000 remain=1933 eta=10868s
[08:51:42]   [1/2] 金沢 done new=12 R (total_new=4068)
[08:51:42] [progress] new=4068 skip=0 empty=0 fail=1 processed=4069 elapsed=22875s rate=0.18/s target=6000 remain=1932 eta=10861s
[08:51:46]   [2/2] 園田 12R start
[08:52:14] [progress] new=4069 skip=0 empty=0 fail=1 processed=4070 elapsed=22907s rate=0.18/s target=6000 remain=1931 eta=10868s
[08:52:19] [progress] new=4071 skip=0 empty=0 fail=1 processed=4072 elapsed=22911s rate=0.18/s target=6000 remain=1929 eta=10854s
[08:52:22] [progress] new=4072 skip=0 empty=0 fail=1 processed=4073 elapsed=22915s rate=0.18/s target=6000 remain=1928 eta=10847s
[08:52:28] [progress] new=4074 skip=0 empty=0 fail=1 processed=4075 elapsed=22921s rate=0.18/s target=6000 remain=1926 eta=10833s
[08:52:33] [progress] new=4076 skip=0 empty=0 fail=1 processed=4077 elapsed=22926s rate=0.18/s target=6000 remain=1924 eta=10819s
[08:52:39] [progress] new=4078 skip=0 empty=0 fail=1 processed=4079 elapsed=22932s rate=0.18/s target=6000 remain=1922 eta=10805s
[08:52:45] [progress] new=4080 skip=0 empty=0 fail=1 processed=4081 elapsed=22937s rate=0.18/s target=6000 remain=1920 eta=10791s
[08:52:45]   [2/2] 園田 done new=12 R (total_new=4080)
[08:52:45] [progress] new=4080 skip=0 empty=0 fail=1 processed=4081 elapsed=22937s rate=0.18/s target=6000 remain=1920 eta=10791s
[08:52:45] === day 140/365 2023-05-20 ===
[08:52:48]   venues=3: ['船橋', '高知', '川崎']
[08:52:54]   [1/3] 船橋 12R start
[08:53:23] [progress] new=4081 skip=0 empty=0 fail=1 processed=4082 elapsed=22976s rate=0.18/s target=6000 remain=1919 eta=10801s
[08:53:29] [progress] new=4083 skip=0 empty=0 fail=1 processed=4084 elapsed=22981s rate=0.18/s target=6000 remain=1917 eta=10787s
[08:53:34] [progress] new=4085 skip=0 empty=0 fail=1 processed=4086 elapsed=22987s rate=0.18/s target=6000 remain=1915 eta=10773s
[08:53:40] [progress] new=4087 skip=0 empty=0 fail=1 processed=4088 elapsed=22992s rate=0.18/s target=6000 remain=1913 eta=10759s
[08:53:46] [progress] new=4089 skip=0 empty=0 fail=1 processed=4090 elapsed=22998s rate=0.18/s target=6000 remain=1911 eta=10746s
[08:53:49] [progress] new=4090 skip=0 empty=0 fail=1 processed=4091 elapsed=23002s rate=0.18/s target=6000 remain=1910 eta=10739s
[08:53:54] [progress] new=4092 skip=0 empty=0 fail=1 processed=4093 elapsed=23007s rate=0.18/s target=6000 remain=1908 eta=10725s
[08:53:54]   [1/3] 船橋 done new=12 R (total_new=4092)
[08:53:54] [progress] new=4092 skip=0 empty=0 fail=1 processed=4093 elapsed=23007s rate=0.18/s target=6000 remain=1908 eta=10725s
[08:53:59]   [2/3] 高知 11R start
[08:54:24] [progress] new=4093 skip=0 empty=0 fail=1 processed=4094 elapsed=23037s rate=0.18/s target=6000 remain=1907 eta=10731s
[08:54:29] [progress] new=4094 skip=0 empty=0 fail=1 processed=4095 elapsed=23042s rate=0.18/s target=6000 remain=1906 eta=10725s
[08:54:36] [progress] new=4096 skip=0 empty=0 fail=1 processed=4097 elapsed=23048s rate=0.18/s target=6000 remain=1904 eta=10711s
[08:54:40] [progress] new=4098 skip=0 empty=0 fail=1 processed=4099 elapsed=23052s rate=0.18/s target=6000 remain=1902 eta=10697s
[08:54:43] [progress] new=4099 skip=0 empty=0 fail=1 processed=4100 elapsed=23056s rate=0.18/s target=6000 remain=1901 eta=10690s
[08:54:46] [progress] new=4100 skip=0 empty=0 fail=1 processed=4101 elapsed=23059s rate=0.18/s target=6000 remain=1900 eta=10683s
[08:54:50] [progress] new=4101 skip=0 empty=0 fail=1 processed=4102 elapsed=23063s rate=0.18/s target=6000 remain=1899 eta=10677s
[08:54:55] [progress] new=4102 skip=0 empty=0 fail=1 processed=4103 elapsed=23067s rate=0.18/s target=6000 remain=1898 eta=10671s
[08:54:57]   [2/3] 高知 done new=11 R (total_new=4103)
[08:54:57] [progress] new=4103 skip=0 empty=0 fail=1 processed=4104 elapsed=23069s rate=0.18/s target=6000 remain=1897 eta=10663s
[08:55:00]   [3/3] 川崎 11R start
[08:55:29] [progress] new=4104 skip=0 empty=0 fail=1 processed=4105 elapsed=23102s rate=0.18/s target=6000 remain=1896 eta=10670s
[08:55:35] [progress] new=4106 skip=0 empty=0 fail=1 processed=4107 elapsed=23107s rate=0.18/s target=6000 remain=1894 eta=10656s
[08:55:39] [progress] new=4107 skip=0 empty=0 fail=1 processed=4108 elapsed=23111s rate=0.18/s target=6000 remain=1893 eta=10650s
[08:55:44] [progress] new=4108 skip=0 empty=0 fail=1 processed=4109 elapsed=23116s rate=0.18/s target=6000 remain=1892 eta=10644s
[08:55:48] [progress] new=4109 skip=0 empty=0 fail=1 processed=4110 elapsed=23121s rate=0.18/s target=6000 remain=1891 eta=10638s
[08:55:52] [progress] new=4111 skip=0 empty=0 fail=1 processed=4112 elapsed=23125s rate=0.18/s target=6000 remain=1889 eta=10623s
[08:55:56] [progress] new=4112 skip=0 empty=0 fail=1 processed=4113 elapsed=23128s rate=0.18/s target=6000 remain=1888 eta=10617s
[08:56:02] [progress] new=4114 skip=0 empty=0 fail=1 processed=4115 elapsed=23135s rate=0.18/s target=6000 remain=1886 eta=10603s
[08:56:02]   [3/3] 川崎 done new=11 R (total_new=4114)
[08:56:02] [progress] new=4114 skip=0 empty=0 fail=1 processed=4115 elapsed=23135s rate=0.18/s target=6000 remain=1886 eta=10603s
[08:56:02] === day 141/365 2023-05-21 ===
[08:56:06]   venues=5: ['船橋', '水沢', '名古屋', '高知', '川崎']
[08:56:13]   [1/5] 船橋 12R start
[08:56:42] [progress] new=4115 skip=0 empty=0 fail=1 processed=4116 elapsed=23174s rate=0.18/s target=6000 remain=1885 eta=10613s
[08:56:46] [progress] new=4117 skip=0 empty=0 fail=1 processed=4118 elapsed=23178s rate=0.18/s target=6000 remain=1883 eta=10599s
[08:56:49] [progress] new=4118 skip=0 empty=0 fail=1 processed=4119 elapsed=23182s rate=0.18/s target=6000 remain=1882 eta=10592s
[08:56:52] [progress] new=4119 skip=0 empty=0 fail=1 processed=4120 elapsed=23185s rate=0.18/s target=6000 remain=1881 eta=10585s
[08:56:56] [progress] new=4120 skip=0 empty=0 fail=1 processed=4121 elapsed=23188s rate=0.18/s target=6000 remain=1880 eta=10578s
[08:57:02] [progress] new=4122 skip=0 empty=0 fail=1 processed=4123 elapsed=23194s rate=0.18/s target=6000 remain=1878 eta=10565s
[08:57:06] [progress] new=4124 skip=0 empty=0 fail=1 processed=4125 elapsed=23199s rate=0.18/s target=6000 remain=1876 eta=10551s
[08:57:10] [progress] new=4125 skip=0 empty=0 fail=1 processed=4126 elapsed=23203s rate=0.18/s target=6000 remain=1875 eta=10544s
[08:57:12]   [1/5] 船橋 done new=12 R (total_new=4126)
[08:57:12] [progress] new=4126 skip=0 empty=0 fail=1 processed=4127 elapsed=23204s rate=0.18/s target=6000 remain=1874 eta=10537s
[08:57:15]   [2/5] 水沢 11R start
[08:57:42] [progress] new=4127 skip=0 empty=0 fail=1 processed=4128 elapsed=23234s rate=0.18/s target=6000 remain=1873 eta=10542s
[08:57:48] [progress] new=4130 skip=0 empty=0 fail=1 processed=4131 elapsed=23241s rate=0.18/s target=6000 remain=1870 eta=10521s
[08:57:55] [progress] new=4132 skip=0 empty=0 fail=1 processed=4133 elapsed=23248s rate=0.18/s target=6000 remain=1868 eta=10507s
[08:58:03] [progress] new=4133 skip=0 empty=0 fail=1 processed=4134 elapsed=23256s rate=0.18/s target=6000 remain=1867 eta=10503s
[08:58:08] [progress] new=4134 skip=0 empty=0 fail=1 processed=4135 elapsed=23260s rate=0.18/s target=6000 remain=1866 eta=10497s
[08:58:12] [progress] new=4135 skip=0 empty=0 fail=1 processed=4136 elapsed=23264s rate=0.18/s target=6000 remain=1865 eta=10490s
[08:58:15] [progress] new=4136 skip=0 empty=0 fail=1 processed=4137 elapsed=23268s rate=0.18/s target=6000 remain=1864 eta=10484s
[08:58:17]   [2/5] 水沢 done new=11 R (total_new=4137)
[08:58:17] [progress] new=4137 skip=0 empty=0 fail=1 processed=4138 elapsed=23269s rate=0.18/s target=6000 remain=1863 eta=10476s
[08:58:20]   [3/5] 名古屋 11R start
[08:58:46] [progress] new=4138 skip=0 empty=0 fail=1 processed=4139 elapsed=23299s rate=0.18/s target=6000 remain=1862 eta=10481s
[08:58:53] [progress] new=4140 skip=0 empty=0 fail=1 processed=4141 elapsed=23305s rate=0.18/s target=6000 remain=1860 eta=10468s
[08:58:56] [progress] new=4141 skip=0 empty=0 fail=1 processed=4142 elapsed=23308s rate=0.18/s target=6000 remain=1859 eta=10461s
[08:59:01] [progress] new=4143 skip=0 empty=0 fail=1 processed=4144 elapsed=23314s rate=0.18/s target=6000 remain=1857 eta=10447s
[08:59:05] [progress] new=4145 skip=0 empty=0 fail=1 processed=4146 elapsed=23318s rate=0.18/s target=6000 remain=1855 eta=10433s
[08:59:11] [progress] new=4147 skip=0 empty=0 fail=1 processed=4148 elapsed=23323s rate=0.18/s target=6000 remain=1853 eta=10419s
[08:59:15] [progress] new=4148 skip=0 empty=0 fail=1 processed=4149 elapsed=23327s rate=0.18/s target=6000 remain=1852 eta=10413s
[08:59:15]   [3/5] 名古屋 done new=11 R (total_new=4148)
[08:59:15] [progress] new=4148 skip=0 empty=0 fail=1 processed=4149 elapsed=23327s rate=0.18/s target=6000 remain=1852 eta=10413s
[08:59:21]   [4/5] 高知 11R start
[08:59:47] [progress] new=4149 skip=0 empty=0 fail=1 processed=4150 elapsed=23360s rate=0.18/s target=6000 remain=1851 eta=10419s
[08:59:51] [progress] new=4150 skip=0 empty=0 fail=1 processed=4151 elapsed=23364s rate=0.18/s target=6000 remain=1850 eta=10413s
[08:59:55] [progress] new=4152 skip=0 empty=0 fail=1 processed=4153 elapsed=23368s rate=0.18/s target=6000 remain=1848 eta=10398s
[08:59:59] [progress] new=4153 skip=0 empty=0 fail=1 processed=4154 elapsed=23371s rate=0.18/s target=6000 remain=1847 eta=10392s
[09:00:03] [progress] new=4154 skip=0 empty=0 fail=1 processed=4155 elapsed=23376s rate=0.18/s target=6000 remain=1846 eta=10385s
[09:00:10] [progress] new=4156 skip=0 empty=0 fail=1 processed=4157 elapsed=23382s rate=0.18/s target=6000 remain=1844 eta=10372s
[09:00:15] [progress] new=4158 skip=0 empty=0 fail=1 processed=4159 elapsed=23387s rate=0.18/s target=6000 remain=1842 eta=10358s
[09:00:19] [progress] new=4159 skip=0 empty=0 fail=1 processed=4160 elapsed=23392s rate=0.18/s target=6000 remain=1841 eta=10352s
[09:00:19]   [4/5] 高知 done new=11 R (total_new=4159)
[09:00:19] [progress] new=4159 skip=0 empty=0 fail=1 processed=4160 elapsed=23392s rate=0.18/s target=6000 remain=1841 eta=10352s
[09:00:25]   [5/5] 川崎 11R start
[09:00:53] [progress] new=4160 skip=0 empty=0 fail=1 processed=4161 elapsed=23426s rate=0.18/s target=6000 remain=1840 eta=10359s
[09:00:58] [progress] new=4162 skip=0 empty=0 fail=1 processed=4163 elapsed=23431s rate=0.18/s target=6000 remain=1838 eta=10345s
[09:01:02] [progress] new=4163 skip=0 empty=0 fail=1 processed=4164 elapsed=23434s rate=0.18/s target=6000 remain=1837 eta=10338s
[09:01:05] [progress] new=4164 skip=0 empty=0 fail=1 processed=4165 elapsed=23437s rate=0.18/s target=6000 remain=1836 eta=10332s
[09:01:09] [progress] new=4165 skip=0 empty=0 fail=1 processed=4166 elapsed=23442s rate=0.18/s target=6000 remain=1835 eta=10325s
[09:01:12] [progress] new=4166 skip=0 empty=0 fail=1 processed=4167 elapsed=23445s rate=0.18/s target=6000 remain=1834 eta=10319s
[09:01:17] [progress] new=4167 skip=0 empty=0 fail=1 processed=4168 elapsed=23450s rate=0.18/s target=6000 remain=1833 eta=10313s
[09:01:21] [progress] new=4168 skip=0 empty=0 fail=1 processed=4169 elapsed=23454s rate=0.18/s target=6000 remain=1832 eta=10307s
[09:01:28] [progress] new=4170 skip=0 empty=0 fail=1 processed=4171 elapsed=23460s rate=0.18/s target=6000 remain=1830 eta=10293s
[09:01:28]   [5/5] 川崎 done new=11 R (total_new=4170)
[09:01:28] [progress] new=4170 skip=0 empty=0 fail=1 processed=4171 elapsed=23460s rate=0.18/s target=6000 remain=1830 eta=10293s
[09:01:28] === day 142/365 2023-05-22 ===
[09:01:31]   venues=3: ['船橋', '水沢', '川崎']
[09:01:38]   [1/3] 船橋 12R start
[09:02:06] [progress] new=4171 skip=0 empty=0 fail=1 processed=4172 elapsed=23499s rate=0.18/s target=6000 remain=1829 eta=10302s
[09:02:10] [progress] new=4173 skip=0 empty=0 fail=1 processed=4174 elapsed=23502s rate=0.18/s target=6000 remain=1827 eta=10287s
[09:02:15] [progress] new=4175 skip=0 empty=0 fail=1 processed=4176 elapsed=23508s rate=0.18/s target=6000 remain=1825 eta=10273s
[09:02:19] [progress] new=4177 skip=0 empty=0 fail=1 processed=4178 elapsed=23512s rate=0.18/s target=6000 remain=1823 eta=10259s
[09:02:22] [progress] new=4178 skip=0 empty=0 fail=1 processed=4179 elapsed=23515s rate=0.18/s target=6000 remain=1822 eta=10252s
[09:02:26] [progress] new=4179 skip=0 empty=0 fail=1 processed=4180 elapsed=23519s rate=0.18/s target=6000 remain=1821 eta=10246s
[09:02:32] [progress] new=4181 skip=0 empty=0 fail=1 processed=4182 elapsed=23524s rate=0.18/s target=6000 remain=1819 eta=10232s
[09:02:34]   [1/3] 船橋 done new=12 R (total_new=4182)
[09:02:34] [progress] new=4182 skip=0 empty=0 fail=1 processed=4183 elapsed=23527s rate=0.18/s target=6000 remain=1818 eta=10225s
[09:02:39]   [2/3] 水沢 12R start
[09:03:07] [progress] new=4183 skip=0 empty=0 fail=1 processed=4184 elapsed=23559s rate=0.18/s target=6000 remain=1817 eta=10231s
[09:03:10] [progress] new=4185 skip=0 empty=0 fail=1 processed=4186 elapsed=23563s rate=0.18/s target=6000 remain=1815 eta=10217s
[09:03:15] [progress] new=4187 skip=0 empty=0 fail=1 processed=4188 elapsed=23568s rate=0.18/s target=6000 remain=1813 eta=10203s
[09:03:19] [progress] new=4188 skip=0 empty=0 fail=1 processed=4189 elapsed=23571s rate=0.18/s target=6000 remain=1812 eta=10196s
[09:03:23] [progress] new=4190 skip=0 empty=0 fail=1 processed=4191 elapsed=23576s rate=0.18/s target=6000 remain=1810 eta=10182s
[09:03:29] [progress] new=4192 skip=0 empty=0 fail=1 processed=4193 elapsed=23581s rate=0.18/s target=6000 remain=1808 eta=10168s
[09:03:34] [progress] new=4194 skip=0 empty=0 fail=1 processed=4195 elapsed=23587s rate=0.18/s target=6000 remain=1806 eta=10154s
[09:03:34]   [2/3] 水沢 done new=12 R (total_new=4194)
[09:03:34] [progress] new=4194 skip=0 empty=0 fail=1 processed=4195 elapsed=23587s rate=0.18/s target=6000 remain=1806 eta=10154s
[09:03:40]   [3/3] 川崎 11R start
[09:04:07] [progress] new=4195 skip=0 empty=0 fail=1 processed=4196 elapsed=23619s rate=0.18/s target=6000 remain=1805 eta=10160s
[09:04:11] [progress] new=4197 skip=0 empty=0 fail=1 processed=4198 elapsed=23624s rate=0.18/s target=6000 remain=1803 eta=10146s
[09:04:15] [progress] new=4198 skip=0 empty=0 fail=1 processed=4199 elapsed=23628s rate=0.18/s target=6000 remain=1802 eta=10140s
[09:04:21] [progress] new=4200 skip=0 empty=0 fail=1 processed=4201 elapsed=23634s rate=0.18/s target=6000 remain=1800 eta=10126s
[09:04:25] [progress] new=4201 skip=0 empty=0 fail=1 processed=4202 elapsed=23638s rate=0.18/s target=6000 remain=1799 eta=10120s
[09:04:30] [progress] new=4203 skip=0 empty=0 fail=1 processed=4204 elapsed=23642s rate=0.18/s target=6000 remain=1797 eta=10106s
[09:04:33] [progress] new=4204 skip=0 empty=0 fail=1 processed=4205 elapsed=23646s rate=0.18/s target=6000 remain=1796 eta=10099s
[09:04:35]   [3/3] 川崎 done new=11 R (total_new=4205)
[09:04:35] [progress] new=4205 skip=0 empty=0 fail=1 processed=4206 elapsed=23648s rate=0.18/s target=6000 remain=1795 eta=10092s
[09:04:35] === day 143/365 2023-05-23 ===
[09:04:37]   venues=2: ['水沢', '名古屋']
[09:04:40]   [1/2] 水沢 12R start
[09:05:09] [progress] new=4206 skip=0 empty=0 fail=1 processed=4207 elapsed=23682s rate=0.18/s target=6000 remain=1794 eta=10099s
[09:05:16] [progress] new=4208 skip=0 empty=0 fail=1 processed=4209 elapsed=23688s rate=0.18/s target=6000 remain=1792 eta=10085s
[09:05:22] [progress] new=4210 skip=0 empty=0 fail=1 processed=4211 elapsed=23694s rate=0.18/s target=6000 remain=1790 eta=10072s
[09:05:27] [progress] new=4212 skip=0 empty=0 fail=1 processed=4213 elapsed=23699s rate=0.18/s target=6000 remain=1788 eta=10058s
[09:05:34] [progress] new=4214 skip=0 empty=0 fail=1 processed=4215 elapsed=23707s rate=0.18/s target=6000 remain=1786 eta=10045s
[09:05:39] [progress] new=4216 skip=0 empty=0 fail=1 processed=4217 elapsed=23712s rate=0.18/s target=6000 remain=1784 eta=10031s
[09:05:41]   [1/2] 水沢 done new=12 R (total_new=4217)
[09:05:41] [progress] new=4217 skip=0 empty=0 fail=1 processed=4218 elapsed=23714s rate=0.18/s target=6000 remain=1783 eta=10024s
[09:05:45]   [2/2] 名古屋 12R start
[09:06:12] [progress] new=4218 skip=0 empty=0 fail=1 processed=4219 elapsed=23744s rate=0.18/s target=6000 remain=1782 eta=10029s
[09:06:17] [progress] new=4220 skip=0 empty=0 fail=1 processed=4221 elapsed=23750s rate=0.18/s target=6000 remain=1780 eta=10015s
[09:06:23] [progress] new=4222 skip=0 empty=0 fail=1 processed=4223 elapsed=23756s rate=0.18/s target=6000 remain=1778 eta=10002s
[09:06:28] [progress] new=4224 skip=0 empty=0 fail=1 processed=4225 elapsed=23760s rate=0.18/s target=6000 remain=1776 eta=9988s
[09:06:31] [progress] new=4225 skip=0 empty=0 fail=1 processed=4226 elapsed=23764s rate=0.18/s target=6000 remain=1775 eta=9981s
[09:06:37] [progress] new=4227 skip=0 empty=0 fail=1 processed=4228 elapsed=23769s rate=0.18/s target=6000 remain=1773 eta=9968s
[09:06:43] [progress] new=4229 skip=0 empty=0 fail=1 processed=4230 elapsed=23775s rate=0.18/s target=6000 remain=1771 eta=9954s
[09:06:43]   [2/2] 名古屋 done new=12 R (total_new=4229)
[09:06:43] [progress] new=4229 skip=0 empty=0 fail=1 processed=4230 elapsed=23775s rate=0.18/s target=6000 remain=1771 eta=9954s
[09:06:43] === day 144/365 2023-05-24 ===
[09:06:46]   venues=2: ['笠松', '園田']
[09:06:52]   [1/2] 笠松 12R start
[09:07:25] [progress] new=4230 skip=0 empty=0 fail=1 processed=4231 elapsed=23818s rate=0.18/s target=6000 remain=1770 eta=9964s
[09:07:29] [progress] new=4231 skip=0 empty=0 fail=1 processed=4232 elapsed=23821s rate=0.18/s target=6000 remain=1769 eta=9957s
[09:07:33] [progress] new=4233 skip=0 empty=0 fail=1 processed=4234 elapsed=23825s rate=0.18/s target=6000 remain=1767 eta=9943s
[09:07:37] [progress] new=4234 skip=0 empty=0 fail=1 processed=4235 elapsed=23829s rate=0.18/s target=6000 remain=1766 eta=9937s
[09:07:43] [progress] new=4236 skip=0 empty=0 fail=1 processed=4237 elapsed=23836s rate=0.18/s target=6000 remain=1764 eta=9924s
[09:07:46] [progress] new=4237 skip=0 empty=0 fail=1 processed=4238 elapsed=23839s rate=0.18/s target=6000 remain=1763 eta=9917s
[09:07:52] [progress] new=4239 skip=0 empty=0 fail=1 processed=4240 elapsed=23844s rate=0.18/s target=6000 remain=1761 eta=9903s
[09:07:57] [progress] new=4241 skip=0 empty=0 fail=1 processed=4242 elapsed=23850s rate=0.18/s target=6000 remain=1759 eta=9890s
[09:07:57]   [1/2] 笠松 done new=12 R (total_new=4241)
[09:07:57] [progress] new=4241 skip=0 empty=0 fail=1 processed=4242 elapsed=23850s rate=0.18/s target=6000 remain=1759 eta=9890s
[09:08:03]   [2/2] 園田 12R start
[09:08:32] [progress] new=4242 skip=0 empty=0 fail=1 processed=4243 elapsed=23884s rate=0.18/s target=6000 remain=1758 eta=9896s
[09:08:36] [progress] new=4243 skip=0 empty=0 fail=1 processed=4244 elapsed=23889s rate=0.18/s target=6000 remain=1757 eta=9890s
[09:08:40] [progress] new=4244 skip=0 empty=0 fail=1 processed=4245 elapsed=23893s rate=0.18/s target=6000 remain=1756 eta=9884s
[09:08:44] [progress] new=4245 skip=0 empty=0 fail=1 processed=4246 elapsed=23897s rate=0.18/s target=6000 remain=1755 eta=9877s
[09:08:49] [progress] new=4247 skip=0 empty=0 fail=1 processed=4248 elapsed=23901s rate=0.18/s target=6000 remain=1753 eta=9863s
[09:08:54] [progress] new=4249 skip=0 empty=0 fail=1 processed=4250 elapsed=23907s rate=0.18/s target=6000 remain=1751 eta=9850s
[09:08:59] [progress] new=4250 skip=0 empty=0 fail=1 processed=4251 elapsed=23912s rate=0.18/s target=6000 remain=1750 eta=9844s
[09:09:06] [progress] new=4252 skip=0 empty=0 fail=1 processed=4253 elapsed=23918s rate=0.18/s target=6000 remain=1748 eta=9831s
[09:09:07]   [2/2] 園田 done new=12 R (total_new=4253)
[09:09:07] [progress] new=4253 skip=0 empty=0 fail=1 processed=4254 elapsed=23920s rate=0.18/s target=6000 remain=1747 eta=9823s
[09:09:07] === day 145/365 2023-05-25 ===
[09:09:09]   venues=2: ['笠松', '園田']
[09:09:15]   [1/2] 笠松 12R start
[09:09:47] [progress] new=4254 skip=0 empty=0 fail=1 processed=4255 elapsed=23960s rate=0.18/s target=6000 remain=1746 eta=9832s
[09:09:53] [progress] new=4256 skip=0 empty=0 fail=1 processed=4257 elapsed=23966s rate=0.18/s target=6000 remain=1744 eta=9818s
[09:09:57] [progress] new=4258 skip=0 empty=0 fail=1 processed=4259 elapsed=23970s rate=0.18/s target=6000 remain=1742 eta=9804s
[09:10:03] [progress] new=4260 skip=0 empty=0 fail=1 processed=4261 elapsed=23975s rate=0.18/s target=6000 remain=1740 eta=9790s
[09:10:08] [progress] new=4261 skip=0 empty=0 fail=1 processed=4262 elapsed=23980s rate=0.18/s target=6000 remain=1739 eta=9784s
[09:10:13] [progress] new=4263 skip=0 empty=0 fail=1 processed=4264 elapsed=23985s rate=0.18/s target=6000 remain=1737 eta=9771s
[09:10:16] [progress] new=4265 skip=0 empty=0 fail=1 processed=4266 elapsed=23989s rate=0.18/s target=6000 remain=1735 eta=9756s
[09:10:16]   [1/2] 笠松 done new=12 R (total_new=4265)
[09:10:16] [progress] new=4265 skip=0 empty=0 fail=1 processed=4266 elapsed=23989s rate=0.18/s target=6000 remain=1735 eta=9756s
[09:10:23]   [2/2] 園田 12R start
[09:10:53] [progress] new=4266 skip=0 empty=0 fail=1 processed=4267 elapsed=24026s rate=0.18/s target=6000 remain=1734 eta=9763s
[09:10:58] [progress] new=4267 skip=0 empty=0 fail=1 processed=4268 elapsed=24030s rate=0.18/s target=6000 remain=1733 eta=9757s
[09:11:04] [progress] new=4269 skip=0 empty=0 fail=1 processed=4270 elapsed=24037s rate=0.18/s target=6000 remain=1731 eta=9744s
[09:11:08] [progress] new=4270 skip=0 empty=0 fail=1 processed=4271 elapsed=24040s rate=0.18/s target=6000 remain=1730 eta=9738s
[09:11:12] [progress] new=4271 skip=0 empty=0 fail=1 processed=4272 elapsed=24045s rate=0.18/s target=6000 remain=1729 eta=9732s
[09:11:18] [progress] new=4273 skip=0 empty=0 fail=1 processed=4274 elapsed=24051s rate=0.18/s target=6000 remain=1727 eta=9718s
[09:11:22] [progress] new=4274 skip=0 empty=0 fail=1 processed=4275 elapsed=24055s rate=0.18/s target=6000 remain=1726 eta=9712s
[09:11:25] [progress] new=4275 skip=0 empty=0 fail=1 processed=4276 elapsed=24058s rate=0.18/s target=6000 remain=1725 eta=9705s
[09:11:28] [progress] new=4276 skip=0 empty=0 fail=1 processed=4277 elapsed=24061s rate=0.18/s target=6000 remain=1724 eta=9699s
[09:11:32] [progress] new=4277 skip=0 empty=0 fail=1 processed=4278 elapsed=24064s rate=0.18/s target=6000 remain=1723 eta=9692s
[09:11:32]   [2/2] 園田 done new=12 R (total_new=4277)
[09:11:32] [progress] new=4277 skip=0 empty=0 fail=1 processed=4278 elapsed=24064s rate=0.18/s target=6000 remain=1723 eta=9692s
[09:11:32] === day 146/365 2023-05-26 ===
[09:11:34]   venues=2: ['笠松', '園田']
[09:11:38]   [1/2] 笠松 12R start
[09:12:01] [progress] new=4278 skip=0 empty=0 fail=1 processed=4279 elapsed=24094s rate=0.18/s target=6000 remain=1722 eta=9696s
[09:12:05] [progress] new=4279 skip=0 empty=0 fail=1 processed=4280 elapsed=24098s rate=0.18/s target=6000 remain=1721 eta=9690s
[09:12:09] [progress] new=4281 skip=0 empty=0 fail=1 processed=4282 elapsed=24101s rate=0.18/s target=6000 remain=1719 eta=9675s
[09:12:13] [progress] new=4283 skip=0 empty=0 fail=1 processed=4284 elapsed=24106s rate=0.18/s target=6000 remain=1717 eta=9661s
[09:12:17] [progress] new=4284 skip=0 empty=0 fail=1 processed=4285 elapsed=24109s rate=0.18/s target=6000 remain=1716 eta=9655s
[09:12:21] [progress] new=4286 skip=0 empty=0 fail=1 processed=4287 elapsed=24113s rate=0.18/s target=6000 remain=1714 eta=9641s
[09:12:24] [progress] new=4287 skip=0 empty=0 fail=1 processed=4288 elapsed=24117s rate=0.18/s target=6000 remain=1713 eta=9634s
[09:12:28] [progress] new=4288 skip=0 empty=0 fail=1 processed=4289 elapsed=24121s rate=0.18/s target=6000 remain=1712 eta=9628s
[09:12:31]   [1/2] 笠松 done new=12 R (total_new=4289)
[09:12:31] [progress] new=4289 skip=0 empty=0 fail=1 processed=4290 elapsed=24123s rate=0.18/s target=6000 remain=1711 eta=9621s
[09:12:36]   [2/2] 園田 12R start
[09:13:02] [progress] new=4290 skip=0 empty=0 fail=1 processed=4291 elapsed=24154s rate=0.18/s target=6000 remain=1710 eta=9626s
[09:13:05] [progress] new=4291 skip=0 empty=0 fail=1 processed=4292 elapsed=24158s rate=0.18/s target=6000 remain=1709 eta=9619s
[09:13:09] [progress] new=4292 skip=0 empty=0 fail=1 processed=4293 elapsed=24161s rate=0.18/s target=6000 remain=1708 eta=9613s
[09:13:13] [progress] new=4293 skip=0 empty=0 fail=1 processed=4294 elapsed=24165s rate=0.18/s target=6000 remain=1707 eta=9606s
[09:13:18] [progress] new=4295 skip=0 empty=0 fail=1 processed=4296 elapsed=24171s rate=0.18/s target=6000 remain=1705 eta=9593s
[09:13:22] [progress] new=4296 skip=0 empty=0 fail=1 processed=4297 elapsed=24175s rate=0.18/s target=6000 remain=1704 eta=9587s
[09:13:29] [progress] new=4298 skip=0 empty=0 fail=1 processed=4299 elapsed=24182s rate=0.18/s target=6000 remain=1702 eta=9574s
[09:13:36] [progress] new=4300 skip=0 empty=0 fail=1 processed=4301 elapsed=24188s rate=0.18/s target=6000 remain=1700 eta=9561s
[09:13:38]   [2/2] 園田 done new=12 R (total_new=4301)
[09:13:38] [progress] new=4301 skip=0 empty=0 fail=1 processed=4302 elapsed=24191s rate=0.18/s target=6000 remain=1699 eta=9554s
[09:13:38] === day 147/365 2023-05-27 ===
[09:13:40]   venues=2: ['船橋', '川崎']
[09:13:45]   [1/2] 船橋 12R start
[09:14:16] [progress] new=4302 skip=0 empty=0 fail=1 processed=4303 elapsed=24229s rate=0.18/s target=6000 remain=1698 eta=9561s
[09:14:20] [progress] new=4304 skip=0 empty=0 fail=1 processed=4305 elapsed=24233s rate=0.18/s target=6000 remain=1696 eta=9547s
[09:14:26] [progress] new=4306 skip=0 empty=0 fail=1 processed=4307 elapsed=24238s rate=0.18/s target=6000 remain=1694 eta=9533s
[09:14:31] [progress] new=4308 skip=0 empty=0 fail=1 processed=4309 elapsed=24243s rate=0.18/s target=6000 remain=1692 eta=9520s
[09:14:35] [progress] new=4309 skip=0 empty=0 fail=1 processed=4310 elapsed=24247s rate=0.18/s target=6000 remain=1691 eta=9513s
[09:14:40] [progress] new=4311 skip=0 empty=0 fail=1 processed=4312 elapsed=24253s rate=0.18/s target=6000 remain=1689 eta=9500s
[09:14:46] [progress] new=4313 skip=0 empty=0 fail=1 processed=4314 elapsed=24258s rate=0.18/s target=6000 remain=1687 eta=9486s
[09:14:46]   [1/2] 船橋 done new=12 R (total_new=4313)
[09:14:46] [progress] new=4313 skip=0 empty=0 fail=1 processed=4314 elapsed=24258s rate=0.18/s target=6000 remain=1687 eta=9486s
[09:14:51]   [2/2] 川崎 11R start
[09:15:21] [progress] new=4314 skip=0 empty=0 fail=1 processed=4315 elapsed=24293s rate=0.18/s target=6000 remain=1686 eta=9492s
[09:15:28] [progress] new=4317 skip=0 empty=0 fail=1 processed=4318 elapsed=24301s rate=0.18/s target=6000 remain=1683 eta=9472s
[09:15:33] [progress] new=4319 skip=0 empty=0 fail=1 processed=4320 elapsed=24305s rate=0.18/s target=6000 remain=1681 eta=9458s
[09:15:39] [progress] new=4321 skip=0 empty=0 fail=1 processed=4322 elapsed=24312s rate=0.18/s target=6000 remain=1679 eta=9444s
[09:15:44] [progress] new=4323 skip=0 empty=0 fail=1 processed=4324 elapsed=24317s rate=0.18/s target=6000 remain=1677 eta=9431s
[09:15:47]   [2/2] 川崎 done new=11 R (total_new=4324)
[09:15:47] [progress] new=4324 skip=0 empty=0 fail=1 processed=4325 elapsed=24320s rate=0.18/s target=6000 remain=1676 eta=9424s
[09:15:47] === day 148/365 2023-05-28 ===
[09:15:50]   venues=5: ['船橋', '水沢', '41', '高知', '川崎']
[09:15:57]   [1/5] 船橋 12R start
[09:16:21] [progress] new=4325 skip=0 empty=0 fail=1 processed=4326 elapsed=24354s rate=0.18/s target=6000 remain=1675 eta=9430s
[09:16:28] [progress] new=4327 skip=0 empty=0 fail=1 processed=4328 elapsed=24360s rate=0.18/s target=6000 remain=1673 eta=9417s
[09:16:32] [progress] new=4329 skip=0 empty=0 fail=1 processed=4330 elapsed=24365s rate=0.18/s target=6000 remain=1671 eta=9403s
[09:16:36] [progress] new=4330 skip=0 empty=0 fail=1 processed=4331 elapsed=24369s rate=0.18/s target=6000 remain=1670 eta=9396s
[09:16:39] [progress] new=4331 skip=0 empty=0 fail=1 processed=4332 elapsed=24372s rate=0.18/s target=6000 remain=1669 eta=9390s
[09:16:45] [progress] new=4333 skip=0 empty=0 fail=1 processed=4334 elapsed=24377s rate=0.18/s target=6000 remain=1667 eta=9376s
[09:16:50] [progress] new=4335 skip=0 empty=0 fail=1 processed=4336 elapsed=24383s rate=0.18/s target=6000 remain=1665 eta=9363s
[09:16:54] [progress] new=4336 skip=0 empty=0 fail=1 processed=4337 elapsed=24387s rate=0.18/s target=6000 remain=1664 eta=9357s
[09:16:54]   [1/5] 船橋 done new=12 R (total_new=4336)
[09:16:54] [progress] new=4336 skip=0 empty=0 fail=1 processed=4337 elapsed=24387s rate=0.18/s target=6000 remain=1664 eta=9357s
[09:16:59]   [2/5] 水沢 11R start
[09:17:24] [progress] new=4337 skip=0 empty=0 fail=1 processed=4338 elapsed=24417s rate=0.18/s target=6000 remain=1663 eta=9360s
[09:17:30] [progress] new=4339 skip=0 empty=0 fail=1 processed=4340 elapsed=24423s rate=0.18/s target=6000 remain=1661 eta=9347s
[09:17:35] [progress] new=4341 skip=0 empty=0 fail=1 processed=4342 elapsed=24428s rate=0.18/s target=6000 remain=1659 eta=9333s
[09:17:42] [progress] new=4343 skip=0 empty=0 fail=1 processed=4344 elapsed=24434s rate=0.18/s target=6000 remain=1657 eta=9320s
[09:17:47] [progress] new=4345 skip=0 empty=0 fail=1 processed=4346 elapsed=24439s rate=0.18/s target=6000 remain=1655 eta=9307s
[09:17:53] [progress] new=4347 skip=0 empty=0 fail=1 processed=4348 elapsed=24446s rate=0.18/s target=6000 remain=1653 eta=9294s
[09:17:53]   [2/5] 水沢 done new=11 R (total_new=4347)
[09:17:53] [progress] new=4347 skip=0 empty=0 fail=1 processed=4348 elapsed=24446s rate=0.18/s target=6000 remain=1653 eta=9294s
[09:17:58]   [3/5] 41 11R start
[09:18:24] [progress] new=4348 skip=0 empty=0 fail=1 processed=4349 elapsed=24477s rate=0.18/s target=6000 remain=1652 eta=9298s
[09:18:29] [progress] new=4350 skip=0 empty=0 fail=1 processed=4351 elapsed=24482s rate=0.18/s target=6000 remain=1650 eta=9284s
[09:18:35] [progress] new=4352 skip=0 empty=0 fail=1 processed=4353 elapsed=24487s rate=0.18/s target=6000 remain=1648 eta=9271s
[09:18:38] [progress] new=4354 skip=0 empty=0 fail=1 processed=4355 elapsed=24491s rate=0.18/s target=6000 remain=1646 eta=9256s
[09:18:43] [progress] new=4356 skip=0 empty=0 fail=1 processed=4357 elapsed=24496s rate=0.18/s target=6000 remain=1644 eta=9243s
[09:18:47] [progress] new=4357 skip=0 empty=0 fail=1 processed=4358 elapsed=24500s rate=0.18/s target=6000 remain=1643 eta=9237s
[09:18:49]   [3/5] 41 done new=11 R (total_new=4358)
[09:18:49] [progress] new=4358 skip=0 empty=0 fail=1 processed=4359 elapsed=24502s rate=0.18/s target=6000 remain=1642 eta=9230s
[09:18:55]   [4/5] 高知 12R start
[09:19:23] [progress] new=4359 skip=0 empty=0 fail=1 processed=4360 elapsed=24536s rate=0.18/s target=6000 remain=1641 eta=9235s
[09:19:27] [progress] new=4361 skip=0 empty=0 fail=1 processed=4362 elapsed=24540s rate=0.18/s target=6000 remain=1639 eta=9221s
[09:19:34] [progress] new=4363 skip=0 empty=0 fail=1 processed=4364 elapsed=24546s rate=0.18/s target=6000 remain=1637 eta=9208s
[09:19:37] [progress] new=4364 skip=0 empty=0 fail=1 processed=4365 elapsed=24550s rate=0.18/s target=6000 remain=1636 eta=9201s
[09:19:42] [progress] new=4366 skip=0 empty=0 fail=1 processed=4367 elapsed=24554s rate=0.18/s target=6000 remain=1634 eta=9187s
[09:19:47] [progress] new=4367 skip=0 empty=0 fail=1 processed=4368 elapsed=24560s rate=0.18/s target=6000 remain=1633 eta=9182s
[09:19:52] [progress] new=4368 skip=0 empty=0 fail=1 processed=4369 elapsed=24564s rate=0.18/s target=6000 remain=1632 eta=9176s
[09:19:56] [progress] new=4370 skip=0 empty=0 fail=1 processed=4371 elapsed=24569s rate=0.18/s target=6000 remain=1630 eta=9162s
[09:19:56]   [4/5] 高知 done new=12 R (total_new=4370)
[09:19:56] [progress] new=4370 skip=0 empty=0 fail=1 processed=4371 elapsed=24569s rate=0.18/s target=6000 remain=1630 eta=9162s
[09:20:02]   [5/5] 川崎 11R start
[09:20:32] [progress] new=4371 skip=0 empty=0 fail=1 processed=4372 elapsed=24605s rate=0.18/s target=6000 remain=1629 eta=9168s
[09:20:37] [progress] new=4373 skip=0 empty=0 fail=1 processed=4374 elapsed=24609s rate=0.18/s target=6000 remain=1627 eta=9154s
[09:20:40] [progress] new=4374 skip=0 empty=0 fail=1 processed=4375 elapsed=24613s rate=0.18/s target=6000 remain=1626 eta=9148s
[09:20:46] [progress] new=4376 skip=0 empty=0 fail=1 processed=4377 elapsed=24618s rate=0.18/s target=6000 remain=1624 eta=9134s
[09:20:50] [progress] new=4377 skip=0 empty=0 fail=1 processed=4378 elapsed=24622s rate=0.18/s target=6000 remain=1623 eta=9128s
[09:20:54] [progress] new=4378 skip=0 empty=0 fail=1 processed=4379 elapsed=24627s rate=0.18/s target=6000 remain=1622 eta=9122s
[09:20:58] [progress] new=4379 skip=0 empty=0 fail=1 processed=4380 elapsed=24631s rate=0.18/s target=6000 remain=1621 eta=9116s
[09:21:04] [progress] new=4381 skip=0 empty=0 fail=1 processed=4382 elapsed=24637s rate=0.18/s target=6000 remain=1619 eta=9102s
[09:21:04]   [5/5] 川崎 done new=11 R (total_new=4381)
[09:21:04] [progress] new=4381 skip=0 empty=0 fail=1 processed=4382 elapsed=24637s rate=0.18/s target=6000 remain=1619 eta=9102s
[09:21:04] === day 149/365 2023-05-29 ===
[09:21:05]   venues=2: ['船橋', '水沢']
[09:21:13]   [1/2] 船橋 12R start
[09:21:42] [progress] new=4382 skip=0 empty=0 fail=1 processed=4383 elapsed=24674s rate=0.18/s target=6000 remain=1618 eta=9109s
[09:21:46] [progress] new=4383 skip=0 empty=0 fail=1 processed=4384 elapsed=24678s rate=0.18/s target=6000 remain=1617 eta=9102s
[09:21:52] [progress] new=4385 skip=0 empty=0 fail=1 processed=4386 elapsed=24684s rate=0.18/s target=6000 remain=1615 eta=9089s
[09:21:56] [progress] new=4387 skip=0 empty=0 fail=1 processed=4388 elapsed=24688s rate=0.18/s target=6000 remain=1613 eta=9075s
[09:22:01] [progress] new=4389 skip=0 empty=0 fail=1 processed=4390 elapsed=24694s rate=0.18/s target=6000 remain=1611 eta=9062s
[09:22:05] [progress] new=4391 skip=0 empty=0 fail=1 processed=4392 elapsed=24698s rate=0.18/s target=6000 remain=1609 eta=9048s
[09:22:09] [progress] new=4392 skip=0 empty=0 fail=1 processed=4393 elapsed=24701s rate=0.18/s target=6000 remain=1608 eta=9042s
[09:22:10]   [1/2] 船橋 done new=12 R (total_new=4393)
[09:22:10] [progress] new=4393 skip=0 empty=0 fail=1 processed=4394 elapsed=24703s rate=0.18/s target=6000 remain=1607 eta=9034s
[09:22:13]   [2/2] 水沢 12R start
[09:22:42] [progress] new=4394 skip=0 empty=0 fail=1 processed=4395 elapsed=24734s rate=0.18/s target=6000 remain=1606 eta=9038s
[09:22:47] [progress] new=4396 skip=0 empty=0 fail=1 processed=4397 elapsed=24740s rate=0.18/s target=6000 remain=1604 eta=9025s
[09:22:54] [progress] new=4398 skip=0 empty=0 fail=1 processed=4399 elapsed=24747s rate=0.18/s target=6000 remain=1602 eta=9012s
[09:22:58] [progress] new=4400 skip=0 empty=0 fail=1 processed=4401 elapsed=24751s rate=0.18/s target=6000 remain=1600 eta=8998s
[09:23:02] [progress] new=4401 skip=0 empty=0 fail=1 processed=4402 elapsed=24755s rate=0.18/s target=6000 remain=1599 eta=8992s
[09:23:06] [progress] new=4403 skip=0 empty=0 fail=1 processed=4404 elapsed=24759s rate=0.18/s target=6000 remain=1597 eta=8978s
[09:23:11] [progress] new=4404 skip=0 empty=0 fail=1 processed=4405 elapsed=24763s rate=0.18/s target=6000 remain=1596 eta=8972s
[09:23:12]   [2/2] 水沢 done new=12 R (total_new=4405)
[09:23:12] [progress] new=4405 skip=0 empty=0 fail=1 processed=4406 elapsed=24765s rate=0.18/s target=6000 remain=1595 eta=8965s
[09:23:12] === day 150/365 2023-05-30 ===
[09:23:15]   venues=4: ['水沢', '41', '金沢', '高知']
[09:23:21]   [1/4] 水沢 12R start
[09:23:47] [progress] new=4406 skip=0 empty=0 fail=1 processed=4407 elapsed=24799s rate=0.18/s target=6000 remain=1594 eta=8970s
[09:23:50] [progress] new=4407 skip=0 empty=0 fail=1 processed=4408 elapsed=24803s rate=0.18/s target=6000 remain=1593 eta=8964s
[09:23:55] [progress] new=4409 skip=0 empty=0 fail=1 processed=4410 elapsed=24808s rate=0.18/s target=6000 remain=1591 eta=8950s
[09:23:59] [progress] new=4410 skip=0 empty=0 fail=1 processed=4411 elapsed=24812s rate=0.18/s target=6000 remain=1590 eta=8944s
[09:24:05] [progress] new=4412 skip=0 empty=0 fail=1 processed=4413 elapsed=24817s rate=0.18/s target=6000 remain=1588 eta=8930s
